Potential applied (V),WE(1).Current (A),WE(1).Potential (V)
0.001983642578125,1E-05,0.0020416259765625
0.00396728515625,3.40972900390625E-05,0.0039337158203125
0.005950927734375,4.8779296875E-05,0.0058929443359375
0.0079345703125,6.2506103515625E-05,0.00791320800781251
0.009918212890625,7.5439453125E-05,0.009844970703125
0.01190185546875,8.7799072265625E-05,0.011859130859375
0.013885498046875,9.9578857421875E-05,0.0138458251953125
0.015869140625,0.000110870361328125,0.0158203125
0.017852783203125,0.000121795654296875,0.0178253173828125
0.01983642578125,0.00013238525390625,0.0198211669921875
0.021820068359375,0.00014251708984375,0.021783447265625
0.0238037109375,0.00015252685546875,0.0237823486328125
0.025787353515625,0.000162139892578125,0.0257781982421875
0.02777099609375,0.000171478271484375,0.027728271484375
0.029754638671875,0.000180633544921875,0.0297332763671875
0.03173828125,0.000189361572265625,0.031707763671875
0.033721923828125,0.000198150634765625,0.03372802734375
0.03570556640625,0.000206634521484375,0.035693359375
0.037689208984375,0.000214874267578125,0.0376739501953125
0.0396728515625,0.00022271728515625,0.0396392822265625
0.041656494140625,0.00023046875,0.0416168212890625
0.04364013671875,0.00023828125,0.0435943603515625
0.045623779296875,0.00024560546875,0.04559326171875
0.047607421875,0.000252960205078125,0.047589111328125
0.049591064453125,0.000260101318359375,0.049713134765625
0.05157470703125,0.000267120361328125,0.051666259765625
0.053558349609375,0.0002738037109375,0.053680419921875
0.0555419921875,0.000280364990234375,0.055694580078125
0.057525634765625,0.00028668212890625,0.0577392578125
0.05950927734375,0.00029290771484375,0.05963134765625
0.061492919921875,0.000298858642578125,0.06170654296875
0.0634765625,0.00030474853515625,0.063690185546875
0.065460205078125,0.000310455322265625,0.065643310546875
0.06744384765625,0.000315948486328125,0.067657470703125
0.069427490234375,0.000321319580078125,0.069610595703125
0.0714111328125,0.000326568603515625,0.071624755859375
0.073394775390625,0.00033148193359375,0.073638916015625
0.07537841796875,0.00033636474609375,0.075531005859375
0.077362060546875,0.000341064453125,0.077667236328125
0.079345703125,0.000345672607421875,0.07958984375
0.081329345703125,0.0003497314453125,0.08160400390625
0.08331298828125,0.0003538818359375,0.083587646484375
0.085296630859375,0.000357940673828125,0.08551025390625
0.0872802734375,0.000361602783203125,0.0875244140625
0.089263916015625,0.000365234375,0.089508056640625
0.09124755859375,0.000368743896484375,0.09149169921875
0.093231201171875,0.000371917724609375,0.093505859375
0.09521484375,0.000375030517578125,0.095458984375
0.097198486328125,0.000378021240234375,0.097442626953125
0.09918212890625,0.00038055419921875,0.099517822265625
0.101165771484375,0.000383087158203125,0.10150146484375
0.1031494140625,0.000385528564453125,0.103424072265625
0.105133056640625,0.000387603759765625,0.105438232421875
0.10711669921875,0.000389556884765625,0.107452392578125
0.109100341796875,0.000391387939453125,0.109405517578125
0.111083984375,0.0003929443359375,0.11138916015625
0.113067626953125,0.000394439697265625,0.1134033203125
0.11505126953125,0.000395843505859375,0.115386962890625
0.117034912109375,0.000396728515625,0.117340087890625
0.1190185546875,0.00039788818359375,0.11932373046875
0.121002197265625,0.0003984375,0.121368408203125
0.12298583984375,0.000399078369140625,0.123321533203125
0.124969482421875,0.000399383544921875,0.125274658203125
0.126953125,0.000399749755859375,0.127288818359375
0.128936767578125,0.000399749755859375,0.129364013671875
0.13092041015625,0.000399627685546875,0.13128662109375
0.132904052734375,0.000399383544921875,0.13323974609375
0.1348876953125,0.00039886474609375,0.135223388671875
0.136871337890625,0.0003983154296875,0.137237548828125
0.13885498046875,0.000397613525390625,0.13922119140625
0.140838623046875,0.000396728515625,0.141143798828125
0.142822265625,0.000395660400390625,0.143157958984375
0.144805908203125,0.000394500732421875,0.1451416015625
0.14678955078125,0.00039306640625,0.14715576171875
0.148773193359375,0.0003917236328125,0.14910888671875
0.1507568359375,0.00039019775390625,0.151123046875
0.152740478515625,0.0003885498046875,0.153167724609375
0.15472412109375,0.000386627197265625,0.155059814453125
0.156707763671875,0.000384735107421875,0.1571044921875
0.15869140625,0.000382598876953125,0.15899658203125
0.160675048828125,0.000380615234375,0.1610107421875
0.16265869140625,0.000378265380859375,0.163055419921875
0.164642333984375,0.000376129150390625,0.164947509765625
0.1666259765625,0.000373687744140625,0.166961669921875
0.168609619140625,0.000371368408203125,0.168975830078125
0.17059326171875,0.0003687744140625,0.170928955078125
0.172576904296875,0.000366180419921875,0.172882080078125
0.174560546875,0.0003636474609375,0.174957275390625
0.176544189453125,0.000361083984375,0.1768798828125
0.17852783203125,0.000358245849609375,0.178863525390625
0.180511474609375,0.000355682373046875,0.180877685546875
0.1824951171875,0.000352813720703125,0.182830810546875
0.184478759765625,0.000350067138671875,0.184814453125
0.18646240234375,0.000347259521484375,0.18682861328125
0.188446044921875,0.000344451904296875,0.188812255859375
0.1904296875,0.000341766357421875,0.19073486328125
0.192413330078125,0.00033892822265625,0.19268798828125
0.19439697265625,0.00033624267578125,0.194793701171875
0.196380615234375,0.000333465576171875,0.19677734375
0.1983642578125,0.0003306884765625,0.198699951171875
0.200347900390625,0.0003280029296875,0.200714111328125
0.20233154296875,0.00032513427734375,0.20269775390625
0.204315185546875,0.000322601318359375,0.20465087890625
0.206298828125,0.000319976806640625,0.2066650390625
0.208282470703125,0.0003173828125,0.208648681640625
0.21026611328125,0.000314727783203125,0.210693359375
0.212249755859375,0.000312255859375,0.212677001953125
0.2142333984375,0.0003096923828125,0.214630126953125
0.216217041015625,0.00030718994140625,0.216522216796875
0.21820068359375,0.000304779052734375,0.218597412109375
0.220184326171875,0.000302398681640625,0.220458984375
0.22216796875,0.000300018310546875,0.2225341796875
0.224151611328125,0.000297637939453125,0.224456787109375
0.22613525390625,0.000295379638671875,0.226531982421875
0.228118896484375,0.000293182373046875,0.228485107421875
0.2301025390625,0.000290985107421875,0.23052978515625
0.232086181640625,0.00028875732421875,0.23248291015625
0.23406982421875,0.0002867431640625,0.234405517578125
0.236053466796875,0.00028460693359375,0.236358642578125
0.238037109375,0.000282501220703125,0.238372802734375
0.240020751953125,0.00028057861328125,0.24041748046875
0.24200439453125,0.000278533935546875,0.242340087890625
0.243988037109375,0.000276702880859375,0.244415283203125
0.2459716796875,0.0002747802734375,0.24639892578125
0.247955322265625,0.00027301025390625,0.248291015625
0.24993896484375,0.0002711181640625,0.25030517578125
0.251922607421875,0.0002694091796875,0.252288818359375
0.25390625,0.000267608642578125,0.254302978515625
0.255889892578125,0.000265838623046875,0.25628662109375
0.25787353515625,0.000264190673828125,0.258209228515625
0.259857177734375,0.00026251220703125,0.26019287109375
0.2618408203125,0.000260955810546875,0.26220703125
0.263824462890625,0.000259368896484375,0.264190673828125
0.26580810546875,0.00025775146484375,0.266204833984375
0.267791748046875,0.000256317138671875,0.268157958984375
0.269775390625,0.0002547607421875,0.270172119140625
0.271759033203125,0.000253326416015625,0.27215576171875
0.27374267578125,0.000251678466796875,0.274139404296875
0.275726318359375,0.0002503662109375,0.27606201171875
0.2777099609375,0.0002490234375,0.278106689453125
0.279693603515625,0.00024755859375,0.280029296875
0.28167724609375,0.000246307373046875,0.282073974609375
0.283660888671875,0.000245025634765625,0.284027099609375
0.28564453125,0.000243560791015625,0.2860107421875
0.287628173828125,0.000242401123046875,0.2880859375
0.28961181640625,0.00024114990234375,0.28997802734375
0.291595458984375,0.000239898681640625,0.29193115234375
0.2935791015625,0.00023876953125,0.293975830078125
0.295562744140625,0.000237457275390625,0.295928955078125
0.29754638671875,0.000236328125,0.297943115234375
0.299530029296875,0.000235107421875,0.299896240234375
0.301513671875,0.000233978271484375,0.301849365234375
0.303497314453125,0.000232940673828125,0.30389404296875
0.30548095703125,0.0002318115234375,0.305908203125
0.307464599609375,0.00023077392578125,0.307891845703125
0.3094482421875,0.000229736328125,0.309814453125
0.311431884765625,0.0002286376953125,0.311859130859375
0.31341552734375,0.00022760009765625,0.31378173828125
0.315399169921875,0.000226593017578125,0.315826416015625
0.3173828125,0.000225555419921875,0.317718505859375
0.319366455078125,0.000224609375,0.319854736328125
0.32135009765625,0.0002236328125,0.32177734375
0.323333740234375,0.00022259521484375,0.323699951171875
0.3253173828125,0.000221710205078125,0.32574462890625
0.327301025390625,0.00022076416015625,0.32769775390625
0.32928466796875,0.0002198486328125,0.329681396484375
0.331268310546875,0.000219024658203125,0.3316650390625
0.333251953125,0.000218109130859375,0.333709716796875
0.335235595703125,0.000217376708984375,0.335662841796875
0.33721923828125,0.0002164306640625,0.337677001953125
0.339202880859375,0.00021563720703125,0.339599609375
0.3411865234375,0.0002147216796875,0.341644287109375
0.343170166015625,0.0002139892578125,0.34356689453125
0.34515380859375,0.000213134765625,0.345611572265625
0.347137451171875,0.0002122802734375,0.34759521484375
0.34912109375,0.000211456298828125,0.349517822265625
0.351104736328125,0.00021063232421875,0.3515625
0.35308837890625,0.00020989990234375,0.353546142578125
0.355072021484375,0.0002091064453125,0.35552978515625
0.3570556640625,0.000208343505859375,0.357452392578125
0.359039306640625,0.000207672119140625,0.35943603515625
0.36102294921875,0.000206878662109375,0.361419677734375
0.363006591796875,0.000206207275390625,0.363433837890625
0.364990234375,0.000205474853515625,0.365447998046875
0.366973876953125,0.000204742431640625,0.367401123046875
0.36895751953125,0.000204010009765625,0.369415283203125
0.370941162109375,0.000203369140625,0.371368408203125
0.3729248046875,0.00020263671875,0.37335205078125
0.374908447265625,0.000201934814453125,0.375396728515625
0.37689208984375,0.00020135498046875,0.3773193359375
0.378875732421875,0.00020068359375,0.3792724609375
0.380859375,0.000200042724609375,0.38134765625
0.382843017578125,0.00019940185546875,0.383331298828125
0.38482666015625,0.00019866943359375,0.385284423828125
0.386810302734375,0.0001981201171875,0.38720703125
0.3887939453125,0.000197540283203125,0.38922119140625
0.390777587890625,0.000196868896484375,0.391265869140625
0.39276123046875,0.000196258544921875,0.3931884765625
0.394744873046875,0.000195709228515625,0.395111083984375
0.396728515625,0.00019512939453125,0.39715576171875
0.398712158203125,0.000194427490234375,0.399200439453125
0.40069580078125,0.00019390869140625,0.401123046875
0.398712158203125,0.000192291259765625,0.39923095703125
0.396728515625,0.000191009521484375,0.397247314453125
0.394744873046875,0.0001900634765625,0.395172119140625
0.39276123046875,0.000189056396484375,0.39324951171875
0.390777587890625,0.000188079833984375,0.39117431640625
0.3887939453125,0.00018731689453125,0.389312744140625
0.386810302734375,0.00018646240234375,0.38726806640625
0.38482666015625,0.00018560791015625,0.38525390625
0.382843017578125,0.0001849365234375,0.383270263671875
0.380859375,0.000184173583984375,0.38128662109375
0.378875732421875,0.000183319091796875,0.3792724609375
0.37689208984375,0.000182708740234375,0.377288818359375
0.374908447265625,0.0001820068359375,0.375274658203125
0.3729248046875,0.00018133544921875,0.37335205078125
0.370941162109375,0.0001806640625,0.371368408203125
0.36895751953125,0.00017987060546875,0.369384765625
0.366973876953125,0.00017926025390625,0.367462158203125
0.364990234375,0.000178619384765625,0.3653564453125
0.363006591796875,0.000178070068359375,0.363372802734375
0.36102294921875,0.000177398681640625,0.3614501953125
0.359039306640625,0.000176788330078125,0.359466552734375
0.3570556640625,0.000176055908203125,0.357421875
0.355072021484375,0.000175506591796875,0.35540771484375
0.35308837890625,0.000174896240234375,0.353546142578125
0.351104736328125,0.000174224853515625,0.35150146484375
0.34912109375,0.00017376708984375,0.3494873046875
0.347137451171875,0.000173126220703125,0.347503662109375
0.34515380859375,0.00017254638671875,0.34552001953125
0.343170166015625,0.0001719970703125,0.34368896484375
0.3411865234375,0.000171600341796875,0.341644287109375
0.339202880859375,0.00017095947265625,0.339630126953125
0.33721923828125,0.000170318603515625,0.337554931640625
0.335235595703125,0.0001697998046875,0.335601806640625
0.333251953125,0.0001693115234375,0.333587646484375
0.331268310546875,0.000168731689453125,0.331634521484375
0.32928466796875,0.000168212890625,0.329681396484375
0.327301025390625,0.00016766357421875,0.32757568359375
0.3253173828125,0.000167236328125,0.325714111328125
0.323333740234375,0.0001666259765625,0.323699951171875
0.32135009765625,0.0001661376953125,0.32171630859375
0.319366455078125,0.00016558837890625,0.31976318359375
0.3173828125,0.0001650390625,0.317718505859375
0.315399169921875,0.000164642333984375,0.3157958984375
0.31341552734375,0.000164093017578125,0.313751220703125
0.311431884765625,0.00016351318359375,0.311737060546875
0.3094482421875,0.0001629638671875,0.309783935546875
0.307464599609375,0.000162506103515625,0.30780029296875
0.30548095703125,0.000162109375,0.305755615234375
0.303497314453125,0.000161590576171875,0.30377197265625
0.301513671875,0.000161041259765625,0.30181884765625
0.299530029296875,0.00016070556640625,0.299835205078125
0.29754638671875,0.000160125732421875,0.29791259765625
0.295562744140625,0.00015960693359375,0.295867919921875
0.2935791015625,0.00015911865234375,0.29388427734375
0.291595458984375,0.00015863037109375,0.29193115234375
0.28961181640625,0.00015814208984375,0.289886474609375
0.287628173828125,0.00015765380859375,0.287994384765625
0.28564453125,0.0001571044921875,0.285980224609375
0.283660888671875,0.00015673828125,0.283935546875
0.28167724609375,0.00015618896484375,0.28192138671875
0.279693603515625,0.000155670166015625,0.27996826171875
0.2777099609375,0.000155120849609375,0.277984619140625
0.275726318359375,0.000154754638671875,0.2760009765625
0.27374267578125,0.0001541748046875,0.2740478515625
0.271759033203125,0.000153656005859375,0.2720947265625
0.269775390625,0.0001531982421875,0.270050048828125
0.267791748046875,0.000152618408203125,0.268096923828125
0.26580810546875,0.00015216064453125,0.266082763671875
0.263824462890625,0.000151641845703125,0.264129638671875
0.2618408203125,0.000151031494140625,0.262176513671875
0.259857177734375,0.000150634765625,0.2601318359375
0.25787353515625,0.00015008544921875,0.258087158203125
0.255889892578125,0.000149444580078125,0.256134033203125
0.25390625,0.000148895263671875,0.254241943359375
0.251922607421875,0.0001483154296875,0.252197265625
0.24993896484375,0.000147735595703125,0.250244140625
0.247955322265625,0.000147186279296875,0.2481689453125
0.2459716796875,0.00014666748046875,0.2462158203125
0.243988037109375,0.00014593505859375,0.244232177734375
0.24200439453125,0.000145355224609375,0.2421875
0.240020751953125,0.000144744873046875,0.240264892578125
0.238037109375,0.00014404296875,0.23834228515625
0.236053466796875,0.00014337158203125,0.236328125
0.23406982421875,0.000142791748046875,0.23431396484375
0.232086181640625,0.000142120361328125,0.232330322265625
0.2301025390625,0.000141265869140625,0.23028564453125
0.228118896484375,0.000140594482421875,0.228363037109375
0.22613525390625,0.000139862060546875,0.226348876953125
0.224151611328125,0.00013897705078125,0.22442626953125
0.22216796875,0.00013824462890625,0.222381591796875
0.220184326171875,0.000137420654296875,0.22039794921875
0.21820068359375,0.000136566162109375,0.21844482421875
0.216217041015625,0.000135833740234375,0.216461181640625
0.2142333984375,0.000134796142578125,0.21453857421875
0.212249755859375,0.00013385009765625,0.21246337890625
0.21026611328125,0.00013287353515625,0.21044921875
0.208282470703125,0.000131866455078125,0.20849609375
0.206298828125,0.000130828857421875,0.206451416015625
0.204315185546875,0.000129791259765625,0.20458984375
0.20233154296875,0.00012860107421875,0.202545166015625
0.200347900390625,0.000127410888671875,0.2005615234375
0.1983642578125,0.00012628173828125,0.198516845703125
0.196380615234375,0.000125030517578125,0.196563720703125
0.19439697265625,0.00012371826171875,0.194580078125
0.192413330078125,0.0001224365234375,0.192626953125
0.1904296875,0.000120941162109375,0.190582275390625
0.188446044921875,0.00011956787109375,0.188629150390625
0.18646240234375,0.00011798095703125,0.1866455078125
0.184478759765625,0.0001165771484375,0.184600830078125
0.1824951171875,0.000114837646484375,0.182647705078125
0.180511474609375,0.000113250732421875,0.180633544921875
0.17852783203125,0.0001114501953125,0.178680419921875
0.176544189453125,0.0001097412109375,0.17669677734375
0.174560546875,0.000108001708984375,0.17474365234375
0.172576904296875,0.00010601806640625,0.1727294921875
0.17059326171875,0.000103973388671875,0.17071533203125
0.168609619140625,0.0001019287109375,0.168792724609375
0.1666259765625,9.9853515625E-05,0.166717529296875
0.164642333984375,9.7686767578125E-05,0.16473388671875
0.16265869140625,9.55810546875E-05,0.162841796875
0.160675048828125,9.307861328125E-05,0.160797119140625
0.15869140625,9.075927734375E-05,0.158843994140625
0.156707763671875,8.8348388671875E-05,0.1568603515625
0.15472412109375,8.5845947265625E-05,0.1549072265625
0.152740478515625,8.3251953125E-05,0.152923583984375
0.1507568359375,8.0596923828125E-05,0.15087890625
0.148773193359375,7.7850341796875E-05,0.148834228515625
0.14678955078125,7.50732421875E-05,0.147003173828125
0.144805908203125,7.208251953125E-05,0.1448974609375
0.142822265625,6.915283203125E-05,0.14288330078125
0.140838623046875,6.622314453125E-05,0.1409912109375
0.13885498046875,6.3140869140625E-05,0.139007568359375
0.136871337890625,5.987548828125E-05,0.136932373046875
0.1348876953125,5.6671142578125E-05,0.134979248046875
0.132904052734375,5.340576171875E-05,0.132965087890625
0.13092041015625,4.998779296875E-05,0.131011962890625
0.128936767578125,4.65484619140625E-05,0.12896728515625
0.126953125,4.29412841796875E-05,0.126983642578125
0.124969482421875,3.9404296875E-05,0.125030517578125
0.12298583984375,3.568115234375E-05,0.123077392578125
0.121002197265625,3.209228515625E-05,0.121307373046875
0.1190185546875,2.82867431640625E-05,0.119293212890625
0.117034912109375,2.435302734375E-05,0.117279052734375
0.11505126953125,2.03582763671875E-05,0.115203857421875
0.113067626953125,1.62933349609375E-05,0.1131591796875
0.111083984375,1.2213134765625E-05,0.11114501953125
0.109100341796875,8.0169677734375E-06,0.10919189453125
0.10711669921875,3.73260498046875E-06,0.107147216796875
0.105133056640625,-6.1767578125E-07,0.1051025390625
0.1031494140625,-4.94384765625E-06,0.1031494140625
0.101165771484375,-9.38720703125E-06,0.101104736328125
0.09918212890625,-1.376953125E-05,0.09906005859375
0.097198486328125,-1.84051513671875E-05,0.097137451171875
0.09521484375,-2.32025146484375E-05,0.094970703125
0.093231201171875,-2.77618408203125E-05,0.092987060546875
0.09124755859375,-3.24981689453125E-05,0.090972900390625
0.089263916015625,-3.7384033203125E-05,0.089019775390625
0.0872802734375,-4.23675537109375E-05,0.086944580078125
0.085296630859375,-4.72991943359375E-05,0.08489990234375
0.08331298828125,-5.234375E-05,0.082916259765625
0.081329345703125,-5.7421875E-05,0.08087158203125
0.079345703125,-6.23077392578125E-05,0.078887939453125
0.077362060546875,-6.7840576171875E-05,0.077301025390625
0.07537841796875,-7.318115234375E-05,0.075408935546875
0.073394775390625,-7.8582763671875E-05,0.07330322265625
0.0714111328125,-8.3953857421875E-05,0.07135009765625
0.069427490234375,-8.9202880859375E-05,0.0693359375
0.06744384765625,-9.478759765625E-05,0.067352294921875
0.065460205078125,-0.000100341796875,0.065338134765625
0.0634765625,-0.000105865478515625,0.06329345703125
0.061492919921875,-0.000111480712890625,0.061370849609375
0.05950927734375,-0.0001171875,0.059356689453125
0.057525634765625,-0.0001229248046875,0.05743408203125
0.0555419921875,-0.000128631591796875,0.055328369140625
0.053558349609375,-0.0001346435546875,0.0533447265625
0.05157470703125,-0.000140411376953125,0.051422119140625
0.049591064453125,-0.00014617919921875,0.049530029296875
0.047607421875,-0.000152191162109375,0.04755859375
0.045623779296875,-0.00015814208984375,0.0455718994140625
0.04364013671875,-0.0001641845703125,0.043585205078125
0.041656494140625,-0.00017034912109375,0.0416107177734375
0.0396728515625,-0.0001761474609375,0.0396514892578125
0.037689208984375,-0.00018218994140625,0.0376678466796875
0.03570556640625,-0.0001884765625,0.035662841796875
0.033721923828125,-0.000194580078125,0.0336822509765625
0.03173828125,-0.00020086669921875,0.0316986083984375
0.029754638671875,-0.000207000732421875,0.0297149658203125
0.02777099609375,-0.0002132568359375,0.0277252197265625
0.025787353515625,-0.000219573974609375,0.0257293701171875
0.0238037109375,-0.000225860595703125,0.023748779296875
0.021820068359375,-0.0002320556640625,0.0217681884765625
0.01983642578125,-0.0002384033203125,0.0197723388671875
0.017852783203125,-0.0002447509765625,0.017803955078125
0.015869140625,-0.000250946044921875,0.0158294677734375
0.013885498046875,-0.00025732421875,0.013836669921875
0.01190185546875,-0.000263671875,0.0118255615234375
0.009918212890625,-0.000269927978515625,0.009857177734375
0.0079345703125,-0.000276153564453125,0.00788269042968751
0.005950927734375,-0.000282501220703125,0.005889892578125
0.00396728515625,-0.000288848876953125,0.0039215087890625
0.001983642578125,-0.000295135498046875,0.00192871093749999
0,-0.000301544189453125,-5.79833984375028E-05
-0.001983642578125,-0.000308013916015625,-0.00206604003906249
-0.00396728515625,-0.000314239501953125,-0.00404968261718749
-0.005950927734375,-0.000320526123046875,-0.0060546875
-0.0079345703125,-0.0003267822265625,-0.00803527832031251
-0.009918212890625,-0.00033294677734375,-0.010009765625
-0.01190185546875,-0.000339080810546875,-0.0120025634765625
-0.013885498046875,-0.00034521484375,-0.0139892578125
-0.015869140625,-0.000351318359375,-0.0159637451171875
-0.017852783203125,-0.00035748291015625,-0.01796875
-0.01983642578125,-0.00036358642578125,-0.0199554443359375
-0.021820068359375,-0.0003695068359375,-0.0219329833984375
-0.0238037109375,-0.00037548828125,-0.0239227294921875
-0.025787353515625,-0.000381378173828125,-0.02589111328125
-0.02777099609375,-0.000387298583984375,-0.0278717041015625
-0.029754638671875,-0.000393157958984375,-0.029864501953125
-0.03173828125,-0.000398956298828125,-0.0318695068359375
-0.033721923828125,-0.000404510498046875,-0.0338470458984375
-0.03570556640625,-0.000410247802734375,-0.035833740234375
-0.037689208984375,-0.000415679931640625,-0.037762451171875
-0.0396728515625,-0.00042156982421875,-0.039825439453125
-0.041656494140625,-0.000427154541015625,-0.04180908203125
-0.04364013671875,-0.000432403564453125,-0.04378662109375
-0.045623779296875,-0.000437591552734375,-0.0457672119140625
-0.047607421875,-0.000442962646484375,-0.047747802734375
-0.049591064453125,-0.000448211669921875,-0.050079345703125
-0.05157470703125,-0.00045330810546875,-0.052032470703125
-0.053558349609375,-0.000458221435546875,-0.054107666015625
-0.0555419921875,-0.00046307373046875,-0.05609130859375
-0.057525634765625,-0.00046795654296875,-0.05804443359375
-0.05950927734375,-0.0004725341796875,-0.06011962890625
-0.061492919921875,-0.000477142333984375,-0.062103271484375
-0.0634765625,-0.000481689453125,-0.06402587890625
-0.065460205078125,-0.000486083984375,-0.065948486328125
-0.06744384765625,-0.000490234375,-0.067962646484375
-0.069427490234375,-0.0004945068359375,-0.07000732421875
-0.0714111328125,-0.0004986572265625,-0.071990966796875
-0.073394775390625,-0.000502410888671875,-0.074005126953125
-0.07537841796875,-0.000506103515625,-0.076019287109375
-0.077362060546875,-0.000509796142578125,-0.07794189453125
-0.079345703125,-0.000513214111328125,-0.07989501953125
-0.081329345703125,-0.0005167236328125,-0.081817626953125
-0.08331298828125,-0.0005201416015625,-0.083953857421875
-0.085296630859375,-0.000523284912109375,-0.08587646484375
-0.0872802734375,-0.00052618408203125,-0.087921142578125
-0.089263916015625,-0.000529083251953125,-0.089813232421875
-0.09124755859375,-0.0005318603515625,-0.091888427734375
-0.093231201171875,-0.000534393310546875,-0.093780517578125
-0.09521484375,-0.00053680419921875,-0.0958251953125
-0.097198486328125,-0.000539031982421875,-0.097808837890625
-0.09918212890625,-0.00054107666015625,-0.099853515625
-0.101165771484375,-0.00054315185546875,-0.101806640625
-0.1031494140625,-0.000544921875,-0.103851318359375
-0.105133056640625,-0.00054656982421875,-0.105712890625
-0.10711669921875,-0.00054791259765625,-0.107757568359375
-0.109100341796875,-0.000549285888671875,-0.10968017578125
-0.111083984375,-0.00055035400390625,-0.111724853515625
-0.113067626953125,-0.000551422119140625,-0.113739013671875
-0.11505126953125,-0.000552032470703125,-0.11572265625
-0.117034912109375,-0.000552581787109375,-0.11761474609375
-0.1190185546875,-0.000553070068359375,-0.119659423828125
-0.121002197265625,-0.000553375244140625,-0.12164306640625
-0.12298583984375,-0.000553375244140625,-0.1236572265625
-0.124969482421875,-0.00055322265625,-0.125579833984375
-0.126953125,-0.000552764892578125,-0.127532958984375
-0.128936767578125,-0.00055224609375,-0.129608154296875
-0.13092041015625,-0.00055169677734375,-0.131591796875
-0.132904052734375,-0.000550811767578125,-0.133544921875
-0.1348876953125,-0.0005498046875,-0.135528564453125
-0.136871337890625,-0.00054840087890625,-0.1375732421875
-0.13885498046875,-0.00054718017578125,-0.139556884765625
-0.140838623046875,-0.00054547119140625,-0.141448974609375
-0.142822265625,-0.000543701171875,-0.143524169921875
-0.144805908203125,-0.000541717529296875,-0.1455078125
-0.14678955078125,-0.00053948974609375,-0.14739990234375
-0.148773193359375,-0.000537322998046875,-0.1494140625
-0.1507568359375,-0.000534759521484375,-0.15142822265625
-0.152740478515625,-0.00053216552734375,-0.1534423828125
-0.15472412109375,-0.000529449462890625,-0.155364990234375
-0.156707763671875,-0.0005264892578125,-0.157379150390625
-0.15869140625,-0.00052337646484375,-0.15936279296875
-0.160675048828125,-0.0005201416015625,-0.161376953125
-0.16265869140625,-0.00051690673828125,-0.16326904296875
-0.164642333984375,-0.00051348876953125,-0.165252685546875
-0.1666259765625,-0.00050994873046875,-0.167236328125
-0.168609619140625,-0.000506134033203125,-0.16925048828125
-0.17059326171875,-0.00050225830078125,-0.17132568359375
-0.172576904296875,-0.0004984130859375,-0.173187255859375
-0.174560546875,-0.0004945068359375,-0.1751708984375
-0.176544189453125,-0.00049041748046875,-0.17718505859375
-0.17852783203125,-0.0004862060546875,-0.179168701171875
-0.180511474609375,-0.000482147216796875,-0.18121337890625
-0.1824951171875,-0.000477783203125,-0.1832275390625
-0.184478759765625,-0.000473663330078125,-0.185150146484375
-0.18646240234375,-0.00046929931640625,-0.1871337890625
-0.188446044921875,-0.00046502685546875,-0.189056396484375
-0.1904296875,-0.0004608154296875,-0.19110107421875
-0.192413330078125,-0.000456451416015625,-0.19305419921875
-0.19439697265625,-0.0004521484375,-0.194976806640625
-0.196380615234375,-0.00044805908203125,-0.197052001953125
-0.1983642578125,-0.000443695068359375,-0.198974609375
-0.200347900390625,-0.00043951416015625,-0.2010498046875
-0.20233154296875,-0.0004354248046875,-0.20294189453125
-0.204315185546875,-0.000431396484375,-0.2049560546875
-0.206298828125,-0.000427276611328125,-0.20684814453125
-0.208282470703125,-0.000423309326171875,-0.20892333984375
-0.21026611328125,-0.000419219970703125,-0.210906982421875
-0.212249755859375,-0.00041546630859375,-0.212982177734375
-0.2142333984375,-0.000411712646484375,-0.21490478515625
-0.216217041015625,-0.000407989501953125,-0.216888427734375
-0.21820068359375,-0.000404327392578125,-0.21881103515625
-0.220184326171875,-0.000400634765625,-0.2208251953125
-0.22216796875,-0.0003970947265625,-0.2227783203125
-0.224151611328125,-0.000393707275390625,-0.2247314453125
-0.22613525390625,-0.00039031982421875,-0.22674560546875
-0.228118896484375,-0.000386962890625,-0.228759765625
-0.2301025390625,-0.0003837890625,-0.23077392578125
-0.232086181640625,-0.000380462646484375,-0.232696533203125
-0.23406982421875,-0.0003773193359375,-0.23468017578125
-0.236053466796875,-0.00037432861328125,-0.236663818359375
-0.238037109375,-0.000371490478515625,-0.23870849609375
-0.240020751953125,-0.000368438720703125,-0.24066162109375
-0.24200439453125,-0.00036553955078125,-0.24267578125
-0.243988037109375,-0.000362640380859375,-0.244659423828125
-0.2459716796875,-0.000360015869140625,-0.246612548828125
-0.247955322265625,-0.000357177734375,-0.248626708984375
-0.24993896484375,-0.000354583740234375,-0.250640869140625
-0.251922607421875,-0.00035198974609375,-0.25250244140625
-0.25390625,-0.000349395751953125,-0.25457763671875
-0.255889892578125,-0.00034698486328125,-0.25653076171875
-0.25787353515625,-0.000344482421875,-0.258453369140625
-0.259857177734375,-0.000341949462890625,-0.260467529296875
-0.2618408203125,-0.00033978271484375,-0.26251220703125
-0.263824462890625,-0.000337432861328125,-0.264434814453125
-0.26580810546875,-0.000335174560546875,-0.26641845703125
-0.267791748046875,-0.000332855224609375,-0.268402099609375
-0.269775390625,-0.00033074951171875,-0.270416259765625
-0.271759033203125,-0.000328582763671875,-0.2723388671875
-0.27374267578125,-0.000326507568359375,-0.2744140625
-0.275726318359375,-0.000324432373046875,-0.27642822265625
-0.2777099609375,-0.00032244873046875,-0.2784423828125
-0.279693603515625,-0.000320465087890625,-0.28033447265625
-0.28167724609375,-0.000318511962890625,-0.282257080078125
-0.283660888671875,-0.000316497802734375,-0.284332275390625
-0.28564453125,-0.00031463623046875,-0.2862548828125
-0.287628173828125,-0.000312774658203125,-0.28826904296875
-0.28961181640625,-0.000311004638671875,-0.29022216796875
-0.291595458984375,-0.000309234619140625,-0.292205810546875
-0.2935791015625,-0.00030743408203125,-0.294219970703125
-0.295562744140625,-0.000305572509765625,-0.296234130859375
-0.29754638671875,-0.000304046630859375,-0.298126220703125
-0.299530029296875,-0.000302337646484375,-0.300201416015625
-0.301513671875,-0.00030059814453125,-0.302215576171875
-0.303497314453125,-0.00029901123046875,-0.304107666015625
-0.30548095703125,-0.000297393798828125,-0.30615234375
-0.307464599609375,-0.000295867919921875,-0.30816650390625
-0.3094482421875,-0.000294281005859375,-0.310089111328125
-0.311431884765625,-0.000292694091796875,-0.3121337890625
-0.31341552734375,-0.000291259765625,-0.314117431640625
-0.315399169921875,-0.00028973388671875,-0.3160400390625
-0.3173828125,-0.00028826904296875,-0.31805419921875
-0.319366455078125,-0.000286834716796875,-0.320037841796875
-0.32135009765625,-0.0002855224609375,-0.321990966796875
-0.323333740234375,-0.000283966064453125,-0.323883056640625
-0.3253173828125,-0.0002825927734375,-0.325958251953125
-0.327301025390625,-0.00028125,-0.327972412109375
-0.32928466796875,-0.000280059814453125,-0.3299560546875
-0.331268310546875,-0.000278656005859375,-0.3319091796875
-0.333251953125,-0.000277313232421875,-0.3338623046875
-0.335235595703125,-0.0002760009765625,-0.33587646484375
-0.33721923828125,-0.000274688720703125,-0.337890625
-0.339202880859375,-0.00027349853515625,-0.33990478515625
-0.3411865234375,-0.00027227783203125,-0.341888427734375
-0.343170166015625,-0.00027093505859375,-0.343841552734375
-0.34515380859375,-0.0002698974609375,-0.345794677734375
-0.347137451171875,-0.000268646240234375,-0.347808837890625
-0.34912109375,-0.000267425537109375,-0.34979248046875
-0.351104736328125,-0.000266265869140625,-0.351654052734375
-0.35308837890625,-0.000265167236328125,-0.353790283203125
-0.355072021484375,-0.000264007568359375,-0.355743408203125
-0.3570556640625,-0.000262908935546875,-0.357757568359375
-0.359039306640625,-0.00026177978515625,-0.359710693359375
-0.36102294921875,-0.000260650634765625,-0.361724853515625
-0.363006591796875,-0.000259613037109375,-0.363677978515625
-0.364990234375,-0.000258544921875,-0.365631103515625
-0.366973876953125,-0.00025738525390625,-0.36761474609375
-0.36895751953125,-0.00025640869140625,-0.36962890625
-0.370941162109375,-0.0002554931640625,-0.37164306640625
-0.3729248046875,-0.00025439453125,-0.37353515625
-0.374908447265625,-0.000253387451171875,-0.37554931640625
-0.37689208984375,-0.000252349853515625,-0.377593994140625
-0.378875732421875,-0.000251251220703125,-0.379486083984375
-0.380859375,-0.00025042724609375,-0.381561279296875
-0.382843017578125,-0.0002493896484375,-0.383544921875
-0.38482666015625,-0.000248504638671875,-0.385528564453125
-0.386810302734375,-0.00024749755859375,-0.387451171875
-0.3887939453125,-0.000246612548828125,-0.38946533203125
-0.390777587890625,-0.0002457275390625,-0.39154052734375
-0.39276123046875,-0.000244720458984375,-0.393402099609375
-0.394744873046875,-0.0002437744140625,-0.39544677734375
-0.396728515625,-0.000242889404296875,-0.3974609375
-0.398712158203125,-0.000242095947265625,-0.399444580078125
-0.40069580078125,-0.000241180419921875,-0.4014892578125
-0.398712158203125,-0.00023944091796875,-0.3994140625
-0.396728515625,-0.000238250732421875,-0.397491455078125
-0.394744873046875,-0.00023681640625,-0.39544677734375
-0.39276123046875,-0.00023565673828125,-0.39349365234375
-0.390777587890625,-0.00023455810546875,-0.391448974609375
-0.3887939453125,-0.0002335205078125,-0.389434814453125
-0.386810302734375,-0.0002325439453125,-0.387542724609375
-0.38482666015625,-0.000231475830078125,-0.385528564453125
-0.382843017578125,-0.000230438232421875,-0.383575439453125
-0.380859375,-0.000229522705078125,-0.381591796875
-0.378875732421875,-0.000228515625,-0.37957763671875
-0.37689208984375,-0.000227691650390625,-0.377593994140625
-0.374908447265625,-0.000226654052734375,-0.375579833984375
-0.3729248046875,-0.000225799560546875,-0.37359619140625
-0.370941162109375,-0.000224945068359375,-0.371612548828125
-0.36895751953125,-0.00022412109375,-0.36962890625
-0.366973876953125,-0.000223175048828125,-0.36767578125
-0.364990234375,-0.00022222900390625,-0.365631103515625
-0.363006591796875,-0.000221527099609375,-0.363677978515625
-0.36102294921875,-0.000220672607421875,-0.36163330078125
-0.359039306640625,-0.000219818115234375,-0.359619140625
-0.3570556640625,-0.000219085693359375,-0.357666015625
-0.355072021484375,-0.000218353271484375,-0.355621337890625
-0.35308837890625,-0.000217529296875,-0.35369873046875
-0.351104736328125,-0.0002166748046875,-0.351654052734375
-0.34912109375,-0.000215911865234375,-0.349761962890625
-0.347137451171875,-0.00021514892578125,-0.34771728515625
-0.34515380859375,-0.000214385986328125,-0.34576416015625
-0.343170166015625,-0.000213653564453125,-0.343841552734375
-0.3411865234375,-0.000212860107421875,-0.34185791015625
-0.339202880859375,-0.000212127685546875,-0.33984375
-0.33721923828125,-0.00021142578125,-0.337860107421875
-0.335235595703125,-0.000210693359375,-0.33587646484375
-0.333251953125,-0.0002099609375,-0.333831787109375
-0.331268310546875,-0.0002093505859375,-0.331878662109375
-0.32928466796875,-0.00020855712890625,-0.329864501953125
-0.327301025390625,-0.00020794677734375,-0.32794189453125
-0.3253173828125,-0.000207183837890625,-0.32586669921875
-0.323333740234375,-0.000206390380859375,-0.32391357421875
-0.32135009765625,-0.000205780029296875,-0.321990966796875
-0.319366455078125,-0.000205078125,-0.319976806640625
-0.3173828125,-0.000204376220703125,-0.3179931640625
-0.315399169921875,-0.000203704833984375,-0.316009521484375
-0.31341552734375,-0.0002030029296875,-0.31402587890625
-0.311431884765625,-0.00020233154296875,-0.311981201171875
-0.3094482421875,-0.00020159912109375,-0.31005859375
-0.307464599609375,-0.000201019287109375,-0.3079833984375
-0.30548095703125,-0.000200408935546875,-0.3060302734375
-0.303497314453125,-0.000199737548828125,-0.30413818359375
-0.301513671875,-0.000199066162109375,-0.3021240234375
-0.299530029296875,-0.00019842529296875,-0.30010986328125
-0.29754638671875,-0.00019775390625,-0.298126220703125
-0.295562744140625,-0.000197113037109375,-0.29620361328125
-0.2935791015625,-0.000196502685546875,-0.29412841796875
-0.291595458984375,-0.000195831298828125,-0.2921142578125
-0.28961181640625,-0.000195220947265625,-0.2901611328125
-0.287628173828125,-0.000194580078125,-0.288177490234375
-0.28564453125,-0.000193939208984375,-0.286163330078125
-0.283660888671875,-0.000193328857421875,-0.284149169921875
-0.28167724609375,-0.00019268798828125,-0.2822265625
-0.279693603515625,-0.000192047119140625,-0.28033447265625
-0.2777099609375,-0.00019146728515625,-0.278289794921875
-0.275726318359375,-0.000190826416015625,-0.2762451171875
-0.27374267578125,-0.000190185546875,-0.2742919921875
-0.271759033203125,-0.000189666748046875,-0.272308349609375
-0.269775390625,-0.00018902587890625,-0.270355224609375
-0.267791748046875,-0.000188385009765625,-0.268310546875
-0.26580810546875,-0.000187774658203125,-0.26629638671875
-0.263824462890625,-0.00018719482421875,-0.264373779296875
-0.2618408203125,-0.0001865234375,-0.2623291015625
-0.259857177734375,-0.0001859130859375,-0.260345458984375
-0.25787353515625,-0.000185272216796875,-0.2584228515625
-0.255889892578125,-0.000184600830078125,-0.256500244140625
-0.25390625,-0.00018408203125,-0.254364013671875
-0.251922607421875,-0.000183380126953125,-0.25244140625
-0.24993896484375,-0.0001827392578125,-0.25048828125
-0.247955322265625,-0.000182098388671875,-0.248504638671875
-0.2459716796875,-0.000181488037109375,-0.246490478515625
-0.243988037109375,-0.0001807861328125,-0.24456787109375
-0.24200439453125,-0.000180267333984375,-0.2425537109375
-0.240020751953125,-0.000179443359375,-0.24053955078125
-0.238037109375,-0.000178802490234375,-0.238525390625
-0.236053466796875,-0.000178192138671875,-0.23651123046875
-0.23406982421875,-0.0001773681640625,-0.23455810546875
-0.232086181640625,-0.00017669677734375,-0.232574462890625
-0.2301025390625,-0.000176055908203125,-0.230499267578125
-0.228118896484375,-0.00017523193359375,-0.22857666015625
-0.22613525390625,-0.0001744384765625,-0.22662353515625
-0.224151611328125,-0.000173675537109375,-0.224609375
-0.22216796875,-0.000172882080078125,-0.22259521484375
-0.220184326171875,-0.000172088623046875,-0.220672607421875
-0.21820068359375,-0.00017132568359375,-0.21875
-0.216217041015625,-0.000170440673828125,-0.2166748046875
-0.2142333984375,-0.000169647216796875,-0.214691162109375
-0.212249755859375,-0.000168701171875,-0.212646484375
-0.21026611328125,-0.000167724609375,-0.2108154296875
-0.208282470703125,-0.00016680908203125,-0.208770751953125
-0.206298828125,-0.000165802001953125,-0.20672607421875
-0.204315185546875,-0.00016473388671875,-0.20477294921875
-0.20233154296875,-0.000163665771484375,-0.20281982421875
-0.200347900390625,-0.000162750244140625,-0.2008056640625
-0.1983642578125,-0.00016156005859375,-0.19879150390625
-0.196380615234375,-0.00016046142578125,-0.196807861328125
-0.19439697265625,-0.0001591796875,-0.194793701171875
-0.192413330078125,-0.000157928466796875,-0.19293212890625
-0.1904296875,-0.00015667724609375,-0.19091796875
-0.188446044921875,-0.0001553955078125,-0.188812255859375
-0.18646240234375,-0.00015399169921875,-0.18682861328125
-0.184478759765625,-0.00015252685546875,-0.18487548828125
-0.1824951171875,-0.000151031494140625,-0.18292236328125
-0.180511474609375,-0.0001495361328125,-0.180877685546875
-0.17852783203125,-0.000147918701171875,-0.178955078125
-0.176544189453125,-0.00014630126953125,-0.17694091796875
-0.174560546875,-0.000144500732421875,-0.1749267578125
-0.172576904296875,-0.000142669677734375,-0.1729736328125
-0.17059326171875,-0.00014093017578125,-0.170989990234375
-0.168609619140625,-0.000138946533203125,-0.16900634765625
-0.1666259765625,-0.000136962890625,-0.167022705078125
-0.164642333984375,-0.000134857177734375,-0.1649169921875
-0.16265869140625,-0.0001328125,-0.1630859375
-0.160675048828125,-0.00013043212890625,-0.161041259765625
-0.15869140625,-0.00012823486328125,-0.15899658203125
-0.156707763671875,-0.000125946044921875,-0.157073974609375
-0.15472412109375,-0.00012335205078125,-0.15509033203125
-0.152740478515625,-0.00012103271484375,-0.153106689453125
-0.1507568359375,-0.000118377685546875,-0.151123046875
-0.148773193359375,-0.00011572265625,-0.149078369140625
-0.14678955078125,-0.000113037109375,-0.14715576171875
-0.144805908203125,-0.000110137939453125,-0.1451416015625
-0.142822265625,-0.000107086181640625,-0.1431884765625
-0.140838623046875,-0.000104217529296875,-0.141204833984375
-0.13885498046875,-0.00010107421875,-0.13922119140625
-0.136871337890625,-9.796142578125E-05,-0.137237548828125
-0.1348876953125,-9.4757080078125E-05,-0.135223388671875
-0.132904052734375,-9.1278076171875E-05,-0.133209228515625
-0.13092041015625,-8.795166015625E-05,-0.131256103515625
-0.128936767578125,-8.4503173828125E-05,-0.1292724609375
-0.126953125,-8.0841064453125E-05,-0.127227783203125
-0.124969482421875,-7.708740234375E-05,-0.125274658203125
-0.12298583984375,-7.3394775390625E-05,-0.123260498046875
-0.121002197265625,-6.951904296875E-05,-0.121307373046875
-0.1190185546875,-6.561279296875E-05,-0.1192626953125
-0.117034912109375,-6.15234375E-05,-0.117279052734375
-0.11505126953125,-5.7525634765625E-05,-0.115325927734375
-0.113067626953125,-5.3466796875E-05,-0.113311767578125
-0.111083984375,-4.9224853515625E-05,-0.111358642578125
-0.109100341796875,-4.4873046875E-05,-0.109375
-0.10711669921875,-4.0521240234375E-05,-0.10736083984375
-0.105133056640625,-3.619384765625E-05,-0.105377197265625
-0.1031494140625,-3.1585693359375E-05,-0.103424072265625
-0.101165771484375,-2.68341064453125E-05,-0.101593017578125
-0.09918212890625,-2.2149658203125E-05,-0.099578857421875
-0.097198486328125,-1.74346923828125E-05,-0.097564697265625
-0.09521484375,-1.26129150390625E-05,-0.095489501953125
-0.093231201171875,-7.7392578125E-06,-0.093536376953125
-0.09124755859375,-2.64129638671875E-06,-0.091461181640625
-0.089263916015625,2.33795166015625E-06,-0.089508056640625
-0.0872802734375,7.4005126953125E-06,-0.08740234375
-0.085296630859375,1.25213623046875E-05,-0.08538818359375
-0.08331298828125,1.7730712890625E-05,-0.083343505859375
-0.081329345703125,2.303466796875E-05,-0.081329345703125
-0.079345703125,2.8363037109375E-05,-0.07928466796875
-0.077362060546875,3.372802734375E-05,-0.07733154296875
-0.07537841796875,3.9093017578125E-05,-0.075286865234375
-0.073394775390625,4.46380615234375E-05,-0.07330322265625
-0.0714111328125,5.02105712890625E-05,-0.0712890625
-0.069427490234375,5.5828857421875E-05,-0.069183349609375
-0.06744384765625,6.16241455078125E-05,-0.067169189453125
-0.065460205078125,6.7230224609375E-05,-0.065582275390625
-0.0634765625,7.2845458984375E-05,-0.063629150390625
-0.061492919921875,7.8765869140625E-05,-0.06158447265625
-0.05950927734375,8.4716796875E-05,-0.059661865234375
-0.057525634765625,9.063720703125E-05,-0.0576171875
-0.0555419921875,9.661865234375E-05,-0.055633544921875
-0.053558349609375,0.0001025390625,-0.053741455078125
-0.05157470703125,0.0001083984375,-0.05169677734375
-0.049591064453125,0.000114532470703125,-0.049713134765625
-0.047607421875,0.000120758056640625,-0.0477203369140625
-0.045623779296875,0.00012677001953125,-0.0457550048828125
-0.04364013671875,0.000133087158203125,-0.043756103515625
-0.041656494140625,0.0001392822265625,-0.041766357421875
-0.0396728515625,0.000145416259765625,-0.039788818359375
-0.037689208984375,0.000152099609375,-0.0377655029296875
-0.03570556640625,0.00015826416015625,-0.035809326171875
-0.033721923828125,0.000164459228515625,-0.0338226318359375
-0.03173828125,0.0001708984375,-0.031829833984375
-0.029754638671875,0.000177215576171875,-0.0298675537109375
-0.02777099609375,0.00018359375,-0.027850341796875
-0.025787353515625,0.0001900634765625,-0.02589111328125
-0.0238037109375,0.00019635009765625,-0.0238677978515625
-0.021820068359375,0.000202667236328125,-0.0218994140625
-0.01983642578125,0.000209136962890625,-0.0199188232421875
-0.017852783203125,0.000215728759765625,-0.017919921875
-0.015869140625,0.000222015380859375,-0.015948486328125
-0.013885498046875,0.00022845458984375,-0.01392822265625
-0.01190185546875,0.00023492431640625,-0.0119659423828125
-0.009918212890625,0.0002412109375,-0.009979248046875
-0.0079345703125,0.000247802734375,-0.00800170898437499
-0.005950927734375,0.0002542724609375,-0.0060272216796875
-0.00396728515625,0.00026055908203125,-0.00402221679687501
-0.001983642578125,0.00026702880859375,-0.00205078124999999
0,0.0002735595703125,-3.66210937499944E-05
0.001983642578125,0.000279998779296875,0.0019561767578125
0.00396728515625,0.000285980224609375,0.003936767578125
0.005950927734375,0.000292388916015625,0.00592041015625
0.0079345703125,0.0002987060546875,0.0079071044921875
0.009918212890625,0.000304931640625,0.00989990234375
0.01190185546875,0.000311187744140625,0.01185302734375
0.013885498046875,0.00031732177734375,0.0138580322265625
0.015869140625,0.00032354736328125,0.015850830078125
0.017852783203125,0.00032965087890625,0.017828369140625
0.01983642578125,0.000335601806640625,0.019805908203125
0.021820068359375,0.000341705322265625,0.0218017578125
0.0238037109375,0.00034771728515625,0.0237823486328125
0.025787353515625,0.000353668212890625,0.0257720947265625
0.02777099609375,0.000359466552734375,0.02777099609375
0.029754638671875,0.000365386962890625,0.0297607421875
0.03173828125,0.0003709716796875,0.0317352294921875
0.033721923828125,0.00037677001953125,0.03370361328125
0.03570556640625,0.00038250732421875,0.035699462890625
0.037689208984375,0.000388031005859375,0.037677001953125
0.0396728515625,0.0003935546875,0.039654541015625
0.041656494140625,0.00039874267578125,0.041619873046875
0.04364013671875,0.000404083251953125,0.043634033203125
0.045623779296875,0.00040936279296875,0.0455841064453125
0.047607421875,0.000414520263671875,0.0475921630859375
0.049591064453125,0.000419769287109375,0.049835205078125
0.05157470703125,0.0004248046875,0.051849365234375
0.053558349609375,0.000429718017578125,0.0538330078125
0.0555419921875,0.000434478759765625,0.055877685546875
0.057525634765625,0.00043927001953125,0.057861328125
0.05950927734375,0.00044384765625,0.059814453125
0.061492919921875,0.000448333740234375,0.06182861328125
0.0634765625,0.00045281982421875,0.063812255859375
0.065460205078125,0.00045709228515625,0.06573486328125
0.06744384765625,0.0004613037109375,0.067718505859375
0.069427490234375,0.00046539306640625,0.06976318359375
0.0714111328125,0.000469207763671875,0.07171630859375
0.073394775390625,0.000472930908203125,0.073638916015625
0.07537841796875,0.0004766845703125,0.075714111328125
0.077362060546875,0.00048040771484375,0.0777587890625
0.079345703125,0.000483856201171875,0.07977294921875
0.081329345703125,0.00048699951171875,0.081695556640625
0.08331298828125,0.000490203857421875,0.083709716796875
0.085296630859375,0.00049310302734375,0.085662841796875
0.0872802734375,0.0004959716796875,0.087677001953125
0.089263916015625,0.000498809814453125,0.089599609375
0.09124755859375,0.000501434326171875,0.0916748046875
0.093231201171875,0.00050372314453125,0.093658447265625
0.09521484375,0.000506072998046875,0.095550537109375
0.097198486328125,0.00050830078125,0.09759521484375
0.09918212890625,0.000510162353515625,0.099517822265625
0.101165771484375,0.000511932373046875,0.101531982421875
0.1031494140625,0.0005135498046875,0.103607177734375
0.105133056640625,0.000515045166015625,0.1055908203125
0.10711669921875,0.000516387939453125,0.107513427734375
0.109100341796875,0.000517486572265625,0.1094970703125
0.111083984375,0.000518524169921875,0.111541748046875
0.113067626953125,0.000519317626953125,0.11346435546875
0.11505126953125,0.000519744873046875,0.115478515625
0.117034912109375,0.00052044677734375,0.117431640625
0.1190185546875,0.000520782470703125,0.119476318359375
0.121002197265625,0.00052069091796875,0.121368408203125
0.12298583984375,0.000520721435546875,0.123443603515625
0.124969482421875,0.000520416259765625,0.125396728515625
0.126953125,0.00052008056640625,0.127410888671875
0.128936767578125,0.00051953125,0.12933349609375
0.13092041015625,0.00051873779296875,0.13134765625
0.132904052734375,0.00051776123046875,0.133392333984375
0.1348876953125,0.0005167236328125,0.13531494140625
0.136871337890625,0.00051544189453125,0.137298583984375
0.13885498046875,0.000514129638671875,0.1392822265625
0.140838623046875,0.00051263427734375,0.141265869140625
0.142822265625,0.000510833740234375,0.143280029296875
0.144805908203125,0.0005089111328125,0.145294189453125
0.14678955078125,0.0005069580078125,0.147247314453125
0.148773193359375,0.0005048828125,0.149261474609375
0.1507568359375,0.000502410888671875,0.15118408203125
0.152740478515625,0.0005,0.153167724609375
0.15472412109375,0.0004974365234375,0.15521240234375
0.156707763671875,0.000494598388671875,0.157135009765625
0.15869140625,0.000491790771484375,0.15911865234375
0.160675048828125,0.000488800048828125,0.161102294921875
0.16265869140625,0.000485748291015625,0.163116455078125
0.164642333984375,0.000482635498046875,0.16497802734375
0.1666259765625,0.000479400634765625,0.16705322265625
0.168609619140625,0.000475982666015625,0.169036865234375
0.17059326171875,0.00047259521484375,0.171051025390625
0.172576904296875,0.00046905517578125,0.1729736328125
0.174560546875,0.000465667724609375,0.174957275390625
0.176544189453125,0.00046197509765625,0.177001953125
0.17852783203125,0.000458343505859375,0.178985595703125
0.180511474609375,0.0004547119140625,0.180999755859375
0.1824951171875,0.000450927734375,0.18292236328125
0.184478759765625,0.00044720458984375,0.1849365234375
0.18646240234375,0.000443328857421875,0.186920166015625
0.188446044921875,0.000439605712890625,0.188873291015625
0.1904296875,0.00043585205078125,0.190826416015625
0.192413330078125,0.00043206787109375,0.192840576171875
0.19439697265625,0.00042828369140625,0.19482421875
0.196380615234375,0.00042462158203125,0.196868896484375
0.1983642578125,0.000420654296875,0.198760986328125
0.200347900390625,0.000417205810546875,0.200775146484375
0.20233154296875,0.000413421630859375,0.2027587890625
0.204315185546875,0.000409698486328125,0.20477294921875
0.206298828125,0.00040618896484375,0.206787109375
0.208282470703125,0.000402679443359375,0.208770751953125
0.21026611328125,0.000399169921875,0.210723876953125
0.212249755859375,0.0003956298828125,0.212738037109375
0.2142333984375,0.000392242431640625,0.214630126953125
0.216217041015625,0.000388916015625,0.216644287109375
0.21820068359375,0.00038555908203125,0.218658447265625
0.220184326171875,0.000382354736328125,0.220550537109375
0.22216796875,0.00037908935546875,0.222564697265625
0.224151611328125,0.000376007080078125,0.22454833984375
0.22613525390625,0.00037286376953125,0.2265625
0.228118896484375,0.000369781494140625,0.228515625
0.2301025390625,0.000366790771484375,0.230499267578125
0.232086181640625,0.000363800048828125,0.232513427734375
0.23406982421875,0.00036102294921875,0.2344970703125
0.236053466796875,0.000358123779296875,0.23651123046875
0.238037109375,0.000355377197265625,0.23846435546875
0.240020751953125,0.00035260009765625,0.24041748046875
0.24200439453125,0.000350006103515625,0.242401123046875
0.243988037109375,0.000347320556640625,0.24432373046875
0.2459716796875,0.00034478759765625,0.246368408203125
0.247955322265625,0.00034228515625,0.248443603515625
0.24993896484375,0.000339813232421875,0.25042724609375
0.251922607421875,0.00033746337890625,0.25238037109375
0.25390625,0.00033489990234375,0.2542724609375
0.255889892578125,0.00033258056640625,0.256378173828125
0.25787353515625,0.000330291748046875,0.25823974609375
0.259857177734375,0.00032806396484375,0.26025390625
0.2618408203125,0.000325836181640625,0.262298583984375
0.263824462890625,0.00032366943359375,0.26422119140625
0.26580810546875,0.000321502685546875,0.2662353515625
0.267791748046875,0.000319427490234375,0.26824951171875
0.269775390625,0.000317352294921875,0.270111083984375
0.271759033203125,0.00031536865234375,0.272216796875
0.27374267578125,0.000313507080078125,0.274169921875
0.275726318359375,0.00031146240234375,0.276153564453125
0.2777099609375,0.000309478759765625,0.278167724609375
0.279693603515625,0.00030755615234375,0.280059814453125
0.28167724609375,0.0003056640625,0.282073974609375
0.283660888671875,0.000303985595703125,0.2840576171875
0.28564453125,0.000302215576171875,0.28607177734375
0.287628173828125,0.00030029296875,0.2880859375
0.28961181640625,0.000298675537109375,0.290008544921875
0.291595458984375,0.00029693603515625,0.2919921875
0.2935791015625,0.000295318603515625,0.293975830078125
0.295562744140625,0.0002935791015625,0.295989990234375
0.29754638671875,0.0002919921875,0.297943115234375
0.299530029296875,0.000290496826171875,0.29998779296875
0.301513671875,0.000288848876953125,0.301910400390625
0.303497314453125,0.000287322998046875,0.303985595703125
0.30548095703125,0.0002857666015625,0.305938720703125
0.307464599609375,0.000284332275390625,0.307891845703125
0.3094482421875,0.00028277587890625,0.309906005859375
0.311431884765625,0.000281341552734375,0.311859130859375
0.31341552734375,0.000279937744140625,0.313873291015625
0.315399169921875,0.000278533935546875,0.315826416015625
0.3173828125,0.00027716064453125,0.317840576171875
0.319366455078125,0.000275726318359375,0.31982421875
0.32135009765625,0.0002744140625,0.32177734375
0.323333740234375,0.0002730712890625,0.32366943359375
0.3253173828125,0.000271759033203125,0.325775146484375
0.327301025390625,0.000270416259765625,0.3277587890625
0.32928466796875,0.00026922607421875,0.32977294921875
0.331268310546875,0.0002679443359375,0.331756591796875
0.333251953125,0.00026666259765625,0.333770751953125
0.335235595703125,0.000265472412109375,0.335662841796875
0.33721923828125,0.000264312744140625,0.337677001953125
0.339202880859375,0.000263092041015625,0.339599609375
0.3411865234375,0.000261932373046875,0.34161376953125
0.343170166015625,0.0002607421875,0.343597412109375
0.34515380859375,0.00025958251953125,0.345611572265625
0.347137451171875,0.00025848388671875,0.347564697265625
0.34912109375,0.0002574462890625,0.34954833984375
0.351104736328125,0.000256256103515625,0.3515625
0.35308837890625,0.000255096435546875,0.353546142578125
0.355072021484375,0.00025408935546875,0.355560302734375
0.3570556640625,0.0002530517578125,0.35748291015625
0.359039306640625,0.000251983642578125,0.359527587890625
0.36102294921875,0.00025091552734375,0.361480712890625
0.363006591796875,0.0002498779296875,0.363433837890625
0.364990234375,0.00024884033203125,0.36541748046875
0.366973876953125,0.0002479248046875,0.367401123046875
0.36895751953125,0.000246856689453125,0.36944580078125
0.370941162109375,0.00024578857421875,0.371429443359375
0.3729248046875,0.000244903564453125,0.373443603515625
0.374908447265625,0.00024395751953125,0.375457763671875
0.37689208984375,0.00024298095703125,0.37744140625
0.378875732421875,0.000242095947265625,0.37933349609375
0.380859375,0.00024114990234375,0.38134765625
0.382843017578125,0.00024029541015625,0.38330078125
0.38482666015625,0.000239349365234375,0.38531494140625
0.386810302734375,0.00023846435546875,0.387298583984375
0.3887939453125,0.000237640380859375,0.389312744140625
0.390777587890625,0.00023675537109375,0.3912353515625
0.39276123046875,0.000235870361328125,0.393280029296875
0.394744873046875,0.00023492431640625,0.395263671875
0.396728515625,0.00023419189453125,0.39727783203125
0.398712158203125,0.000233367919921875,0.399200439453125
0.40069580078125,0.0002325439453125,0.40118408203125
0.398712158203125,0.000230712890625,0.399200439453125
0.396728515625,0.00022906494140625,0.397247314453125
0.394744873046875,0.000227752685546875,0.395233154296875
0.39276123046875,0.000226593017578125,0.393280029296875
0.390777587890625,0.00022540283203125,0.3912353515625
0.3887939453125,0.000224334716796875,0.389312744140625
0.386810302734375,0.00022314453125,0.3873291015625
0.38482666015625,0.000222198486328125,0.385223388671875
0.382843017578125,0.000221160888671875,0.383331298828125
0.380859375,0.000220123291015625,0.38134765625
0.378875732421875,0.000219146728515625,0.379364013671875
0.37689208984375,0.000218231201171875,0.377349853515625
0.374908447265625,0.00021734619140625,0.3753662109375
0.3729248046875,0.0002164306640625,0.37335205078125
0.370941162109375,0.000215484619140625,0.371368408203125
0.36895751953125,0.000214752197265625,0.36932373046875
0.366973876953125,0.000213836669921875,0.367340087890625
0.364990234375,0.000212890625,0.36541748046875
0.363006591796875,0.0002120361328125,0.3634033203125
0.36102294921875,0.000211273193359375,0.36151123046875
0.359039306640625,0.000210357666015625,0.35943603515625
0.3570556640625,0.0002095947265625,0.357452392578125
0.355072021484375,0.000208740234375,0.355438232421875
0.35308837890625,0.000207916259765625,0.353515625
0.351104736328125,0.00020721435546875,0.351531982421875
0.34912109375,0.00020635986328125,0.349517822265625
0.347137451171875,0.00020556640625,0.3475341796875
0.34515380859375,0.000204833984375,0.34552001953125
0.343170166015625,0.000204071044921875,0.343658447265625
0.3411865234375,0.000203369140625,0.341583251953125
0.339202880859375,0.00020263671875,0.33966064453125
0.33721923828125,0.000201812744140625,0.337615966796875
0.335235595703125,0.00020123291015625,0.33563232421875
0.333251953125,0.000200408935546875,0.333648681640625
0.331268310546875,0.00019976806640625,0.331634521484375
0.32928466796875,0.000199005126953125,0.3297119140625
0.327301025390625,0.000198333740234375,0.32763671875
0.3253173828125,0.0001976318359375,0.32568359375
0.323333740234375,0.000196929931640625,0.32373046875
0.32135009765625,0.0001961669921875,0.321685791015625
0.319366455078125,0.000195556640625,0.319793701171875
0.3173828125,0.000194854736328125,0.3177490234375
0.315399169921875,0.00019427490234375,0.3157958984375
0.31341552734375,0.000193450927734375,0.313690185546875
0.311431884765625,0.00019281005859375,0.31182861328125
0.3094482421875,0.000192138671875,0.309783935546875
0.307464599609375,0.0001915283203125,0.307830810546875
0.30548095703125,0.0001907958984375,0.3057861328125
0.303497314453125,0.000190216064453125,0.303863525390625
0.301513671875,0.000189483642578125,0.30181884765625
0.299530029296875,0.0001888427734375,0.29986572265625
0.29754638671875,0.000188201904296875,0.29791259765625
0.295562744140625,0.00018756103515625,0.2958984375
0.2935791015625,0.000186920166015625,0.293914794921875
0.291595458984375,0.000186309814453125,0.291900634765625
0.28961181640625,0.000185638427734375,0.28997802734375
0.287628173828125,0.000185028076171875,0.287933349609375
0.28564453125,0.000184356689453125,0.285980224609375
0.283660888671875,0.000183746337890625,0.28399658203125
0.28167724609375,0.000183013916015625,0.281982421875
0.279693603515625,0.000182464599609375,0.279998779296875
0.2777099609375,0.000181884765625,0.277984619140625
0.275726318359375,0.000181182861328125,0.27606201171875
0.27374267578125,0.000180450439453125,0.274078369140625
0.271759033203125,0.000179901123046875,0.272125244140625
0.269775390625,0.00017919921875,0.2701416015625
0.267791748046875,0.000178558349609375,0.268218994140625
0.26580810546875,0.000177825927734375,0.266082763671875
0.263824462890625,0.00017724609375,0.26416015625
0.2618408203125,0.0001766357421875,0.262115478515625
0.259857177734375,0.0001759033203125,0.260223388671875
0.25787353515625,0.00017529296875,0.258148193359375
0.255889892578125,0.000174591064453125,0.2562255859375
0.25390625,0.000173858642578125,0.254150390625
0.251922607421875,0.000173095703125,0.252197265625
0.24993896484375,0.0001724853515625,0.25030517578125
0.247955322265625,0.0001717529296875,0.248199462890625
0.2459716796875,0.000171051025390625,0.2462158203125
0.243988037109375,0.000170379638671875,0.2442626953125
0.24200439453125,0.0001695556640625,0.242279052734375
0.240020751953125,0.0001688232421875,0.24029541015625
0.238037109375,0.00016802978515625,0.23828125
0.236053466796875,0.000167266845703125,0.236297607421875
0.23406982421875,0.00016650390625,0.234405517578125
0.232086181640625,0.000165771484375,0.232330322265625
0.2301025390625,0.000164825439453125,0.2303466796875
0.228118896484375,0.000163848876953125,0.228424072265625
0.22613525390625,0.0001630859375,0.226409912109375
0.224151611328125,0.000162139892578125,0.22442626953125
0.22216796875,0.0001612548828125,0.222412109375
0.220184326171875,0.000160308837890625,0.22039794921875
0.21820068359375,0.00015936279296875,0.218536376953125
0.216217041015625,0.000158294677734375,0.216461181640625
0.2142333984375,0.0001573486328125,0.2144775390625
0.212249755859375,0.00015625,0.21246337890625
0.21026611328125,0.000155181884765625,0.210540771484375
0.208282470703125,0.00015411376953125,0.20855712890625
0.206298828125,0.00015289306640625,0.206512451171875
0.204315185546875,0.00015167236328125,0.20452880859375
0.20233154296875,0.000150634765625,0.202545166015625
0.200347900390625,0.000149261474609375,0.200592041015625
0.1983642578125,0.000147918701171875,0.19854736328125
0.196380615234375,0.0001466064453125,0.19659423828125
0.19439697265625,0.00014520263671875,0.194549560546875
0.192413330078125,0.000143707275390625,0.192626953125
0.1904296875,0.0001422119140625,0.1905517578125
0.188446044921875,0.000140655517578125,0.188690185546875
0.18646240234375,0.000138946533203125,0.18670654296875
0.184478759765625,0.000137420654296875,0.184661865234375
0.1824951171875,0.000135772705078125,0.18267822265625
0.180511474609375,0.000133880615234375,0.1806640625
0.17852783203125,0.000132110595703125,0.178741455078125
0.176544189453125,0.00013031005859375,0.17669677734375
0.174560546875,0.000128265380859375,0.17474365234375
0.172576904296875,0.00012615966796875,0.1727294921875
0.17059326171875,0.000124176025390625,0.1707763671875
0.168609619140625,0.000121917724609375,0.168792724609375
0.1666259765625,0.000119781494140625,0.166748046875
0.164642333984375,0.000117462158203125,0.16473388671875
0.16265869140625,0.000115142822265625,0.16278076171875
0.160675048828125,0.00011273193359375,0.16082763671875
0.15869140625,0.000110198974609375,0.158782958984375
0.156707763671875,0.000107635498046875,0.15679931640625
0.15472412109375,0.000105010986328125,0.154815673828125
0.152740478515625,0.000102325439453125,0.152923583984375
0.1507568359375,9.954833984375E-05,0.150909423828125
0.148773193359375,9.6710205078125E-05,0.148834228515625
0.14678955078125,9.368896484375E-05,0.14691162109375
0.144805908203125,9.075927734375E-05,0.144927978515625
0.142822265625,8.7646484375E-05,0.142913818359375
0.140838623046875,8.453369140625E-05,0.140960693359375
0.13885498046875,8.1298828125E-05,0.139007568359375
0.136871337890625,7.806396484375E-05,0.13702392578125
0.1348876953125,7.464599609375E-05,0.134979248046875
0.132904052734375,7.1197509765625E-05,0.132965087890625
0.13092041015625,6.77490234375E-05,0.131011962890625
0.128936767578125,6.3995361328125E-05,0.128936767578125
0.126953125,6.0516357421875E-05,0.12701416015625
0.124969482421875,5.670166015625E-05,0.12506103515625
0.12298583984375,5.291748046875E-05,0.12310791015625
0.121002197265625,4.913330078125E-05,0.121002197265625
0.1190185546875,4.53125E-05,0.11907958984375
0.117034912109375,4.11834716796875E-05,0.117095947265625
0.11505126953125,3.7042236328125E-05,0.11505126953125
0.113067626953125,3.2940673828125E-05,0.1131591796875
0.111083984375,2.8741455078125E-05,0.11126708984375
0.109100341796875,2.4432373046875E-05,0.109283447265625
0.10711669921875,2.01934814453125E-05,0.107269287109375
0.105133056640625,1.56707763671875E-05,0.10528564453125
0.1031494140625,1.10992431640625E-05,0.103240966796875
0.101165771484375,6.5765380859375E-06,0.101226806640625
0.09918212890625,1.9097900390625E-06,0.09912109375
0.097198486328125,-2.841796875E-06,0.09716796875
0.09521484375,-7.53173828125E-06,0.095184326171875
0.093231201171875,-1.2298583984375E-05,0.093170166015625
0.09124755859375,-1.71783447265625E-05,0.091064453125
0.089263916015625,-2.21405029296875E-05,0.089111328125
0.0872802734375,-2.71514892578125E-05,0.08709716796875
0.085296630859375,-3.2196044921875E-05,0.08502197265625
0.08331298828125,-3.73626708984375E-05,0.08306884765625
0.081329345703125,-4.259033203125E-05,0.08099365234375
0.079345703125,-4.7613525390625E-05,0.07904052734375
0.077362060546875,-5.316162109375E-05,0.076995849609375
0.07537841796875,-5.8477783203125E-05,0.07489013671875
0.073394775390625,-6.38946533203125E-05,0.072845458984375
0.0714111328125,-6.9549560546875E-05,0.071319580078125
0.069427490234375,-7.50732421875E-05,0.069305419921875
0.06744384765625,-8.06884765625E-05,0.067352294921875
0.065460205078125,-8.6151123046875E-05,0.065338134765625
0.0634765625,-9.19189453125E-05,0.063385009765625
0.061492919921875,-9.77783203125E-05,0.061431884765625
0.05950927734375,-0.000103424072265625,0.05938720703125
0.057525634765625,-0.000109222412109375,0.057373046875
0.0555419921875,-0.0001151123046875,0.055389404296875
0.053558349609375,-0.000121002197265625,0.053436279296875
0.05157470703125,-0.000126953125,0.0513916015625
0.049591064453125,-0.000132904052734375,0.049542236328125
0.047607421875,-0.000138916015625,0.04754638671875
0.045623779296875,-0.000144989013671875,0.04556884765625
0.04364013671875,-0.000150970458984375,0.043603515625
0.041656494140625,-0.00015716552734375,0.041607666015625
0.0396728515625,-0.0001632080078125,0.0396270751953125
0.037689208984375,-0.0001693115234375,0.03765869140625
0.03570556640625,-0.000175537109375,0.0356842041015625
0.033721923828125,-0.000181854248046875,0.03367919921875
0.03173828125,-0.000188140869140625,0.031707763671875
0.029754638671875,-0.000194488525390625,0.0297149658203125
0.02777099609375,-0.000200714111328125,0.027703857421875
0.025787353515625,-0.000207000732421875,0.025738525390625
0.0238037109375,-0.00021337890625,0.0237701416015625
0.021820068359375,-0.000219635009765625,0.0217620849609375
0.01983642578125,-0.000226165771484375,0.0197662353515625
0.017852783203125,-0.00023236083984375,0.0178009033203125
0.015869140625,-0.000238922119140625,0.015814208984375
0.013885498046875,-0.000245269775390625,0.01383056640625
0.01190185546875,-0.00025164794921875,0.0118438720703125
0.009918212890625,-0.000257965087890625,0.009844970703125
0.0079345703125,-0.000264312744140625,0.00787353515625
0.005950927734375,-0.000270660400390625,0.005889892578125
0.00396728515625,-0.00027703857421875,0.00390014648437501
0.001983642578125,-0.0002833251953125,0.001910400390625
0,-0.00028955078125,-3.0517578125E-05
-0.001983642578125,-0.00029620361328125,-0.0020782470703125
-0.00396728515625,-0.000302459716796875,-0.00405273437500001
-0.005950927734375,-0.000308685302734375,-0.006060791015625
-0.0079345703125,-0.000314971923828125,-0.0080413818359375
-0.009918212890625,-0.000321258544921875,-0.0100189208984375
-0.01190185546875,-0.00032745361328125,-0.0119903564453125
-0.013885498046875,-0.0003336181640625,-0.0139984130859375
-0.015869140625,-0.000339813232421875,-0.01597900390625
-0.017852783203125,-0.000345703125,-0.0179473876953125
-0.01983642578125,-0.0003519287109375,-0.0199615478515625
-0.021820068359375,-0.00035809326171875,-0.0219268798828125
-0.0238037109375,-0.0003638916015625,-0.0239288330078125
-0.025787353515625,-0.000369964599609375,-0.0259124755859375
-0.02777099609375,-0.0003758544921875,-0.0278839111328125
-0.029754638671875,-0.00038153076171875,-0.029864501953125
-0.03173828125,-0.000387451171875,-0.03187255859375
-0.033721923828125,-0.000393218994140625,-0.0338348388671875
-0.03570556640625,-0.00039886474609375,-0.0358367919921875
-0.037689208984375,-0.000404205322265625,-0.037786865234375
-0.0396728515625,-0.000410064697265625,-0.039825439453125
-0.041656494140625,-0.000415557861328125,-0.041802978515625
-0.04364013671875,-0.000420928955078125,-0.0437835693359375
-0.045623779296875,-0.00042626953125,-0.0457855224609375
-0.047607421875,-0.00043133544921875,-0.0477386474609375
-0.049591064453125,-0.000436737060546875,-0.050048828125
-0.05157470703125,-0.000441680908203125,-0.05206298828125
-0.053558349609375,-0.000446746826171875,-0.0540771484375
-0.0555419921875,-0.0004517822265625,-0.055999755859375
-0.057525634765625,-0.00045635986328125,-0.058074951171875
-0.05950927734375,-0.000460906982421875,-0.060028076171875
-0.061492919921875,-0.0004656982421875,-0.061981201171875
-0.0634765625,-0.00047027587890625,-0.06402587890625
-0.065460205078125,-0.00047442626953125,-0.06597900390625
-0.06744384765625,-0.00047869873046875,-0.06805419921875
-0.069427490234375,-0.00048291015625,-0.07000732421875
-0.0714111328125,-0.0004869384765625,-0.072021484375
-0.073394775390625,-0.000490875244140625,-0.073883056640625
-0.07537841796875,-0.00049456787109375,-0.076019287109375
-0.077362060546875,-0.000498077392578125,-0.07794189453125
-0.079345703125,-0.000501617431640625,-0.07989501953125
-0.081329345703125,-0.00050494384765625,-0.081939697265625
-0.08331298828125,-0.000508270263671875,-0.083892822265625
-0.085296630859375,-0.000511444091796875,-0.08587646484375
-0.0872802734375,-0.000514434814453125,-0.087890625
-0.089263916015625,-0.000517120361328125,-0.08984375
-0.09124755859375,-0.000519866943359375,-0.091796875
-0.093231201171875,-0.000522430419921875,-0.093780517578125
-0.09521484375,-0.00052484130859375,-0.09576416015625
-0.097198486328125,-0.0005269775390625,-0.0977783203125
-0.09918212890625,-0.000529083251953125,-0.09979248046875
-0.101165771484375,-0.00053094482421875,-0.10174560546875
-0.1031494140625,-0.000532745361328125,-0.103729248046875
-0.105133056640625,-0.000534271240234375,-0.105743408203125
-0.10711669921875,-0.000535797119140625,-0.10772705078125
-0.109100341796875,-0.0005369873046875,-0.1097412109375
-0.111083984375,-0.00053802490234375,-0.111724853515625
-0.113067626953125,-0.000538970947265625,-0.1136474609375
-0.11505126953125,-0.000539520263671875,-0.115692138671875
-0.117034912109375,-0.00053997802734375,-0.11767578125
-0.1190185546875,-0.00054046630859375,-0.119659423828125
-0.121002197265625,-0.0005406494140625,-0.121612548828125
-0.12298583984375,-0.0005406494140625,-0.123626708984375
-0.124969482421875,-0.00054058837890625,-0.125579833984375
-0.126953125,-0.00054034423828125,-0.127593994140625
-0.128936767578125,-0.000539581298828125,-0.129608154296875
-0.13092041015625,-0.000538665771484375,-0.131591796875
-0.132904052734375,-0.000537933349609375,-0.133575439453125
-0.1348876953125,-0.00053692626953125,-0.135528564453125
-0.136871337890625,-0.000535614013671875,-0.137542724609375
-0.13885498046875,-0.000534149169921875,-0.139556884765625
-0.140838623046875,-0.000532501220703125,-0.14154052734375
-0.142822265625,-0.00053076171875,-0.143463134765625
-0.144805908203125,-0.000528778076171875,-0.145416259765625
-0.14678955078125,-0.0005264892578125,-0.147430419921875
-0.148773193359375,-0.00052423095703125,-0.1494140625
-0.1507568359375,-0.000521881103515625,-0.151458740234375
-0.152740478515625,-0.000519073486328125,-0.1534423828125
-0.15472412109375,-0.000516265869140625,-0.155364990234375
-0.156707763671875,-0.0005133056640625,-0.157318115234375
-0.15869140625,-0.00051025390625,-0.15936279296875
-0.160675048828125,-0.000507110595703125,-0.161285400390625
-0.16265869140625,-0.0005037841796875,-0.163330078125
-0.164642333984375,-0.000500244140625,-0.165313720703125
-0.1666259765625,-0.000496612548828125,-0.16729736328125
-0.168609619140625,-0.000492919921875,-0.169281005859375
-0.17059326171875,-0.000489166259765625,-0.1712646484375
-0.172576904296875,-0.0004852294921875,-0.173248291015625
-0.174560546875,-0.000481353759765625,-0.17529296875
-0.176544189453125,-0.000477264404296875,-0.177093505859375
-0.17852783203125,-0.000473175048828125,-0.17919921875
-0.180511474609375,-0.000469024658203125,-0.181182861328125
-0.1824951171875,-0.000464813232421875,-0.183197021484375
-0.184478759765625,-0.000460540771484375,-0.185089111328125
-0.18646240234375,-0.000456451416015625,-0.187164306640625
-0.188446044921875,-0.000452178955078125,-0.189117431640625
-0.1904296875,-0.000447906494140625,-0.191009521484375
-0.192413330078125,-0.000443634033203125,-0.19305419921875
-0.19439697265625,-0.000439300537109375,-0.195068359375
-0.196380615234375,-0.00043511962890625,-0.197052001953125
-0.1983642578125,-0.000430938720703125,-0.19903564453125
-0.200347900390625,-0.00042681884765625,-0.20098876953125
-0.20233154296875,-0.000422760009765625,-0.2030029296875
-0.204315185546875,-0.00041876220703125,-0.204864501953125
-0.206298828125,-0.000414703369140625,-0.206878662109375
-0.208282470703125,-0.000410797119140625,-0.208984375
-0.21026611328125,-0.00040692138671875,-0.2109375
-0.212249755859375,-0.000403167724609375,-0.212921142578125
-0.2142333984375,-0.0003994140625,-0.214874267578125
-0.216217041015625,-0.000395721435546875,-0.21685791015625
-0.21820068359375,-0.000392059326171875,-0.218841552734375
-0.220184326171875,-0.000388580322265625,-0.2208251953125
-0.22216796875,-0.000385101318359375,-0.2227783203125
-0.224151611328125,-0.000381683349609375,-0.224822998046875
-0.22613525390625,-0.0003782958984375,-0.226776123046875
-0.228118896484375,-0.000375030517578125,-0.228729248046875
-0.2301025390625,-0.000371856689453125,-0.23077392578125
-0.232086181640625,-0.00036865234375,-0.23272705078125
-0.23406982421875,-0.000365631103515625,-0.23468017578125
-0.236053466796875,-0.000362640380859375,-0.2366943359375
-0.238037109375,-0.000359649658203125,-0.238739013671875
-0.240020751953125,-0.000356719970703125,-0.24066162109375
-0.24200439453125,-0.0003538818359375,-0.24267578125
-0.243988037109375,-0.00035107421875,-0.244659423828125
-0.2459716796875,-0.00034844970703125,-0.246612548828125
-0.247955322265625,-0.000345733642578125,-0.248626708984375
-0.24993896484375,-0.000343109130859375,-0.25054931640625
-0.251922607421875,-0.00034063720703125,-0.2525634765625
-0.25390625,-0.000338104248046875,-0.25457763671875
-0.255889892578125,-0.00033563232421875,-0.256500244140625
-0.25787353515625,-0.000333282470703125,-0.258575439453125
-0.259857177734375,-0.0003309326171875,-0.260498046875
-0.2618408203125,-0.00032861328125,-0.262542724609375
-0.263824462890625,-0.0003262939453125,-0.264495849609375
-0.26580810546875,-0.000324127197265625,-0.26641845703125
-0.267791748046875,-0.000321868896484375,-0.268463134765625
-0.269775390625,-0.00031976318359375,-0.270416259765625
-0.271759033203125,-0.000317718505859375,-0.27239990234375
-0.27374267578125,-0.0003155517578125,-0.27435302734375
-0.275726318359375,-0.00031353759765625,-0.276336669921875
-0.2777099609375,-0.000311614990234375,-0.278289794921875
-0.279693603515625,-0.000309600830078125,-0.280303955078125
-0.28167724609375,-0.000307769775390625,-0.28228759765625
-0.283660888671875,-0.000305755615234375,-0.2843017578125
-0.28564453125,-0.000303924560546875,-0.2862548828125
-0.287628173828125,-0.00030218505859375,-0.288299560546875
-0.28961181640625,-0.0003004150390625,-0.29022216796875
-0.291595458984375,-0.000298553466796875,-0.292205810546875
-0.2935791015625,-0.00029693603515625,-0.29425048828125
-0.295562744140625,-0.000295196533203125,-0.296234130859375
-0.29754638671875,-0.000293426513671875,-0.298187255859375
-0.299530029296875,-0.00029193115234375,-0.3001708984375
-0.301513671875,-0.00029034423828125,-0.302154541015625
-0.303497314453125,-0.0002886962890625,-0.304168701171875
-0.30548095703125,-0.000287139892578125,-0.30609130859375
-0.307464599609375,-0.0002855224609375,-0.308135986328125
-0.3094482421875,-0.000284027099609375,-0.31005859375
-0.311431884765625,-0.00028253173828125,-0.31207275390625
-0.31341552734375,-0.00028106689453125,-0.31402587890625
-0.315399169921875,-0.000279632568359375,-0.316070556640625
-0.3173828125,-0.000278289794921875,-0.318023681640625
-0.319366455078125,-0.0002767333984375,-0.320037841796875
-0.32135009765625,-0.000275421142578125,-0.32196044921875
-0.323333740234375,-0.00027398681640625,-0.32403564453125
-0.3253173828125,-0.0002725830078125,-0.325958251953125
-0.327301025390625,-0.000271392822265625,-0.3280029296875
-0.32928466796875,-0.000269989013671875,-0.32989501953125
-0.331268310546875,-0.000268798828125,-0.3319091796875
-0.333251953125,-0.00026739501953125,-0.333892822265625
-0.335235595703125,-0.000266143798828125,-0.335906982421875
-0.33721923828125,-0.000264923095703125,-0.337860107421875
-0.339202880859375,-0.00026373291015625,-0.339874267578125
-0.3411865234375,-0.00026251220703125,-0.341888427734375
-0.343170166015625,-0.00026123046875,-0.343841552734375
-0.34515380859375,-0.000260162353515625,-0.345794677734375
-0.347137451171875,-0.00025897216796875,-0.347808837890625
-0.34912109375,-0.0002578125,-0.3497314453125
-0.351104736328125,-0.000256683349609375,-0.35174560546875
-0.35308837890625,-0.000255615234375,-0.35369873046875
-0.355072021484375,-0.000254425048828125,-0.35577392578125
-0.3570556640625,-0.000253387451171875,-0.35772705078125
-0.359039306640625,-0.000252227783203125,-0.359710693359375
-0.36102294921875,-0.000251129150390625,-0.3616943359375
-0.363006591796875,-0.00025018310546875,-0.363677978515625
-0.364990234375,-0.000249114990234375,-0.3656005859375
-0.366973876953125,-0.000248077392578125,-0.36761474609375
-0.36895751953125,-0.000247100830078125,-0.36962890625
-0.370941162109375,-0.00024615478515625,-0.371612548828125
-0.3729248046875,-0.000245086669921875,-0.37353515625
-0.374908447265625,-0.000244049072265625,-0.375579833984375
-0.37689208984375,-0.000243133544921875,-0.377532958984375
-0.378875732421875,-0.0002421875,-0.379608154296875
-0.380859375,-0.00024114990234375,-0.381500244140625
-0.382843017578125,-0.00024029541015625,-0.38360595703125
-0.38482666015625,-0.000239471435546875,-0.385528564453125
-0.386810302734375,-0.00023846435546875,-0.387481689453125
-0.3887939453125,-0.000237457275390625,-0.389495849609375
-0.390777587890625,-0.00023663330078125,-0.391448974609375
-0.39276123046875,-0.000235748291015625,-0.393402099609375
-0.394744873046875,-0.0002349853515625,-0.395416259765625
-0.396728515625,-0.000234100341796875,-0.3974609375
-0.398712158203125,-0.00023321533203125,-0.3994140625
-0.40069580078125,-0.0002322998046875,-0.40142822265625
-0.398712158203125,-0.000230743408203125,-0.399444580078125
-0.396728515625,-0.00022930908203125,-0.3974609375
-0.394744873046875,-0.0002281494140625,-0.395477294921875
-0.39276123046875,-0.00022705078125,-0.393402099609375
-0.390777587890625,-0.000225982666015625,-0.39141845703125
-0.3887939453125,-0.000225006103515625,-0.389495849609375
-0.386810302734375,-0.000224029541015625,-0.387451171875
-0.38482666015625,-0.0002230224609375,-0.385589599609375
-0.382843017578125,-0.0002220458984375,-0.38348388671875
-0.380859375,-0.000221160888671875,-0.381561279296875
-0.378875732421875,-0.00022021484375,-0.379547119140625
-0.37689208984375,-0.00021929931640625,-0.37750244140625
-0.374908447265625,-0.0002183837890625,-0.37554931640625
-0.3729248046875,-0.00021759033203125,-0.373504638671875
-0.370941162109375,-0.000216766357421875,-0.371612548828125
-0.36895751953125,-0.000215972900390625,-0.36962890625
-0.366973876953125,-0.000215057373046875,-0.367584228515625
-0.364990234375,-0.00021429443359375,-0.365631103515625
-0.363006591796875,-0.000213409423828125,-0.363677978515625
-0.36102294921875,-0.000212615966796875,-0.361663818359375
-0.359039306640625,-0.000211944580078125,-0.35968017578125
-0.3570556640625,-0.00021112060546875,-0.357635498046875
-0.355072021484375,-0.0002103271484375,-0.355682373046875
-0.35308837890625,-0.000209564208984375,-0.35369873046875
-0.351104736328125,-0.00020880126953125,-0.351715087890625
-0.34912109375,-0.00020806884765625,-0.349700927734375
-0.347137451171875,-0.000207366943359375,-0.347747802734375
-0.34515380859375,-0.00020660400390625,-0.345733642578125
-0.343170166015625,-0.00020587158203125,-0.343780517578125
-0.3411865234375,-0.00020513916015625,-0.341796875
-0.339202880859375,-0.00020440673828125,-0.339813232421875
-0.33721923828125,-0.000203582763671875,-0.337890625
-0.335235595703125,-0.000203033447265625,-0.335845947265625
-0.333251953125,-0.00020233154296875,-0.333892822265625
-0.331268310546875,-0.000201629638671875,-0.331939697265625
-0.32928466796875,-0.000200958251953125,-0.329864501953125
-0.327301025390625,-0.0002001953125,-0.327911376953125
-0.3253173828125,-0.000199462890625,-0.32586669921875
-0.323333740234375,-0.000198883056640625,-0.323944091796875
-0.32135009765625,-0.0001982421875,-0.321929931640625
-0.319366455078125,-0.000197601318359375,-0.319915771484375
-0.3173828125,-0.00019696044921875,-0.318023681640625
-0.315399169921875,-0.000196380615234375,-0.31597900390625
-0.31341552734375,-0.00019561767578125,-0.31402587890625
-0.311431884765625,-0.000195037841796875,-0.311981201171875
-0.3094482421875,-0.000194366455078125,-0.310028076171875
-0.307464599609375,-0.00019366455078125,-0.308013916015625
-0.30548095703125,-0.00019305419921875,-0.306060791015625
-0.303497314453125,-0.00019244384765625,-0.30401611328125
-0.301513671875,-0.000191802978515625,-0.302093505859375
-0.299530029296875,-0.000191253662109375,-0.300140380859375
-0.29754638671875,-0.0001905517578125,-0.298065185546875
-0.295562744140625,-0.00018994140625,-0.296142578125
-0.2935791015625,-0.0001893310546875,-0.294189453125
-0.291595458984375,-0.00018878173828125,-0.292144775390625
-0.28961181640625,-0.000188140869140625,-0.290191650390625
-0.287628173828125,-0.000187469482421875,-0.288116455078125
-0.28564453125,-0.000186920166015625,-0.286224365234375
-0.283660888671875,-0.00018621826171875,-0.2841796875
-0.28167724609375,-0.000185699462890625,-0.282196044921875
-0.279693603515625,-0.000185150146484375,-0.28021240234375
-0.2777099609375,-0.00018450927734375,-0.27825927734375
-0.275726318359375,-0.000183929443359375,-0.276275634765625
-0.27374267578125,-0.000183319091796875,-0.2742919921875
-0.271759033203125,-0.000182647705078125,-0.27227783203125
-0.269775390625,-0.00018218994140625,-0.270263671875
-0.267791748046875,-0.000181610107421875,-0.268402099609375
-0.26580810546875,-0.00018096923828125,-0.26629638671875
-0.263824462890625,-0.000180389404296875,-0.26434326171875
-0.2618408203125,-0.00017987060546875,-0.262359619140625
-0.259857177734375,-0.000179168701171875,-0.260406494140625
-0.25787353515625,-0.00017864990234375,-0.258331298828125
-0.255889892578125,-0.000177947998046875,-0.256378173828125
-0.25390625,-0.000177276611328125,-0.25445556640625
-0.251922607421875,-0.00017669677734375,-0.25244140625
-0.24993896484375,-0.000176177978515625,-0.25042724609375
-0.247955322265625,-0.000175445556640625,-0.24847412109375
-0.2459716796875,-0.000174896240234375,-0.246429443359375
-0.243988037109375,-0.000174224853515625,-0.244476318359375
-0.24200439453125,-0.00017352294921875,-0.242462158203125
-0.240020751953125,-0.000172882080078125,-0.240570068359375
-0.238037109375,-0.000172332763671875,-0.238555908203125
-0.236053466796875,-0.000171630859375,-0.23651123046875
-0.23406982421875,-0.00017095947265625,-0.23455810546875
-0.232086181640625,-0.00017022705078125,-0.23248291015625
-0.2301025390625,-0.000169586181640625,-0.230499267578125
-0.228118896484375,-0.000168914794921875,-0.228546142578125
-0.22613525390625,-0.0001680908203125,-0.226593017578125
-0.224151611328125,-0.0001673583984375,-0.224609375
-0.22216796875,-0.000166656494140625,-0.22265625
-0.220184326171875,-0.000165802001953125,-0.220611572265625
-0.21820068359375,-0.00016497802734375,-0.218658447265625
-0.216217041015625,-0.00016412353515625,-0.216705322265625
-0.2142333984375,-0.000163330078125,-0.214691162109375
-0.212249755859375,-0.000162353515625,-0.212646484375
-0.21026611328125,-0.00016156005859375,-0.21075439453125
-0.208282470703125,-0.000160675048828125,-0.208709716796875
-0.206298828125,-0.00015966796875,-0.206695556640625
-0.204315185546875,-0.000158660888671875,-0.204681396484375
-0.20233154296875,-0.00015765380859375,-0.202667236328125
-0.200347900390625,-0.000156494140625,-0.20074462890625
-0.1983642578125,-0.000155517578125,-0.1988525390625
-0.196380615234375,-0.000154388427734375,-0.1968994140625
-0.19439697265625,-0.000153167724609375,-0.19482421875
-0.192413330078125,-0.000151947021484375,-0.192840576171875
-0.1904296875,-0.00015069580078125,-0.19085693359375
-0.188446044921875,-0.0001494140625,-0.188812255859375
-0.18646240234375,-0.0001480712890625,-0.186767578125
-0.184478759765625,-0.000146636962890625,-0.18487548828125
-0.1824951171875,-0.000145172119140625,-0.182891845703125
-0.180511474609375,-0.000143768310546875,-0.180877685546875
-0.17852783203125,-0.00014202880859375,-0.17889404296875
-0.176544189453125,-0.000140411376953125,-0.176910400390625
-0.174560546875,-0.00013873291015625,-0.174957275390625
-0.172576904296875,-0.000136993408203125,-0.17291259765625
-0.17059326171875,-0.000135040283203125,-0.170989990234375
-0.168609619140625,-0.00013330078125,-0.168914794921875
-0.1666259765625,-0.00013128662109375,-0.1669921875
-0.164642333984375,-0.000129302978515625,-0.1650390625
-0.16265869140625,-0.000127227783203125,-0.1630859375
-0.160675048828125,-0.000125,-0.161041259765625
-0.15869140625,-0.000122650146484375,-0.159088134765625
-0.156707763671875,-0.00012042236328125,-0.15704345703125
-0.15472412109375,-0.000117919921875,-0.15509033203125
-0.152740478515625,-0.000115570068359375,-0.15313720703125
-0.1507568359375,-0.000113067626953125,-0.151153564453125
-0.148773193359375,-0.000110321044921875,-0.149078369140625
-0.14678955078125,-0.000107635498046875,-0.14715576171875
-0.144805908203125,-0.000104736328125,-0.145172119140625
-0.142822265625,-0.00010186767578125,-0.143157958984375
-0.140838623046875,-9.89990234375E-05,-0.141082763671875
-0.13885498046875,-9.58251953125E-05,-0.13922119140625
-0.136871337890625,-9.26513671875E-05,-0.137176513671875
-0.1348876953125,-8.941650390625E-05,-0.13519287109375
-0.132904052734375,-8.63037109375E-05,-0.133270263671875
-0.13092041015625,-8.2733154296875E-05,-0.1312255859375
-0.128936767578125,-7.9254150390625E-05,-0.129241943359375
-0.126953125,-7.5714111328125E-05,-0.127227783203125
-0.124969482421875,-7.2174072265625E-05,-0.125213623046875
-0.12298583984375,-6.842041015625E-05,-0.123291015625
-0.121002197265625,-6.4483642578125E-05,-0.121246337890625
-0.1190185546875,-6.0699462890625E-05,-0.119293212890625
-0.117034912109375,-5.657958984375E-05,-0.117340087890625
-0.11505126953125,-5.26123046875E-05,-0.11529541015625
-0.113067626953125,-4.86053466796875E-05,-0.113311767578125
-0.111083984375,-4.43695068359375E-05,-0.111328125
-0.109100341796875,-4.0118408203125E-05,-0.109405517578125
-0.10711669921875,-3.57757568359375E-05,-0.107391357421875
-0.105133056640625,-3.134765625E-05,-0.105377197265625
-0.1031494140625,-2.65869140625E-05,-0.103546142578125
-0.101165771484375,-2.21099853515625E-05,-0.101531982421875
-0.09918212890625,-1.74652099609375E-05,-0.099517822265625
-0.097198486328125,-1.2701416015625E-05,-0.097442626953125
-0.09521484375,-7.9559326171875E-06,-0.095428466796875
-0.093231201171875,-3.0657958984375E-06,-0.093505859375
-0.09124755859375,1.8658447265625E-06,-0.0914306640625
-0.089263916015625,6.8359375E-06,-0.089385986328125
-0.0872802734375,1.19293212890625E-05,-0.08734130859375
-0.085296630859375,1.70623779296875E-05,-0.08538818359375
-0.08331298828125,2.227783203125E-05,-0.083343505859375
-0.081329345703125,2.750244140625E-05,-0.081329345703125
-0.079345703125,3.2696533203125E-05,-0.079315185546875
-0.077362060546875,3.8165283203125E-05,-0.07733154296875
-0.07537841796875,4.3475341796875E-05,-0.07525634765625
-0.073394775390625,4.89593505859375E-05,-0.07330322265625
-0.0714111328125,5.45745849609375E-05,-0.071258544921875
-0.069427490234375,6.0186767578125E-05,-0.069091796875
-0.06744384765625,6.5704345703125E-05,-0.067626953125
-0.065460205078125,7.1502685546875E-05,-0.065582275390625
-0.0634765625,7.72705078125E-05,-0.063690185546875
-0.061492919921875,8.3221435546875E-05,-0.0616455078125
-0.05950927734375,8.9019775390625E-05,-0.059600830078125
-0.057525634765625,9.48486328125E-05,-0.0576171875
-0.0555419921875,0.00010076904296875,-0.055633544921875
-0.053558349609375,0.000106781005859375,-0.053680419921875
-0.05157470703125,0.00011279296875,-0.0517578125
-0.049591064453125,0.000118621826171875,-0.049737548828125
-0.047607421875,0.000124908447265625,-0.0477325439453125
-0.045623779296875,0.0001309814453125,-0.045745849609375
-0.04364013671875,0.000137237548828125,-0.04375
-0.041656494140625,0.000143310546875,-0.041766357421875
-0.0396728515625,0.00014959716796875,-0.0397918701171875
-0.037689208984375,0.00015618896484375,-0.03779296875
-0.03570556640625,0.000162353515625,-0.0358123779296875
-0.033721923828125,0.00016864013671875,-0.0337890625
-0.03173828125,0.000174896240234375,-0.0318389892578125
-0.029754638671875,0.000181365966796875,-0.029827880859375
-0.02777099609375,0.000187591552734375,-0.027862548828125
-0.025787353515625,0.00019390869140625,-0.0258758544921875
-0.0238037109375,0.00020037841796875,-0.0238861083984375
-0.021820068359375,0.000206787109375,-0.0219024658203125
-0.01983642578125,0.000213134765625,-0.0199127197265625
-0.017852783203125,0.00021954345703125,-0.017919921875
-0.015869140625,0.000225860595703125,-0.0159393310546875
-0.013885498046875,0.000232391357421875,-0.0139495849609375
-0.01190185546875,0.000238739013671875,-0.011956787109375
-0.009918212890625,0.000245269775390625,-0.00997314453125001
-0.0079345703125,0.00025152587890625,-0.0079925537109375
-0.005950927734375,0.000258087158203125,-0.006011962890625
-0.00396728515625,0.00026446533203125,-0.0040313720703125
-0.001983642578125,0.000270843505859375,-0.0020477294921875
0,0.00027752685546875,-9.15527343750555E-06
0.001983642578125,0.000283721923828125,0.00195922851562499
0.00396728515625,0.0002899169921875,0.003955078125
0.005950927734375,0.00029620361328125,0.005908203125
0.0079345703125,0.00030267333984375,0.007916259765625
0.009918212890625,0.000308837890625,0.009869384765625
0.01190185546875,0.00031500244140625,0.0118743896484375
0.013885498046875,0.00032122802734375,0.0138671875
0.015869140625,0.00032733154296875,0.015838623046875
0.017852783203125,0.0003333740234375,0.017822265625
0.01983642578125,0.0003394775390625,0.0198150634765625
0.021820068359375,0.000345611572265625,0.021795654296875
0.0238037109375,0.0003515625,0.0237945556640625
0.025787353515625,0.000357391357421875,0.0257781982421875
0.02777099609375,0.00036334228515625,0.0277557373046875
0.029754638671875,0.000369140625,0.029754638671875
0.03173828125,0.000374908447265625,0.0317291259765625
0.033721923828125,0.000380584716796875,0.033685302734375
0.03570556640625,0.0003863525390625,0.0356903076171875
0.037689208984375,0.000391937255859375,0.03768310546875
0.0396728515625,0.00039727783203125,0.0396484375
0.041656494140625,0.000402435302734375,0.041644287109375
0.04364013671875,0.0004078369140625,0.0436065673828125
0.045623779296875,0.000413055419921875,0.0456085205078125
0.047607421875,0.000418487548828125,0.0475830078125
0.049591064453125,0.00042376708984375,0.0498046875
0.05157470703125,0.0004285888671875,0.0518798828125
0.053558349609375,0.00043359375,0.0538330078125
0.0555419921875,0.000438385009765625,0.0557861328125
0.057525634765625,0.00044305419921875,0.05780029296875
0.05950927734375,0.00044769287109375,0.05975341796875
0.061492919921875,0.000452239990234375,0.061767578125
0.0634765625,0.000456787109375,0.063690185546875
0.065460205078125,0.0004610595703125,0.0657958984375
0.06744384765625,0.00046527099609375,0.06781005859375
0.069427490234375,0.000469207763671875,0.069732666015625
0.0714111328125,0.000473358154296875,0.07171630859375
0.073394775390625,0.00047705078125,0.073760986328125
0.07537841796875,0.000480682373046875,0.07574462890625
0.077362060546875,0.000484344482421875,0.077728271484375
0.079345703125,0.00048797607421875,0.0797119140625
0.081329345703125,0.000491058349609375,0.081695556640625
0.08331298828125,0.00049432373046875,0.083648681640625
0.085296630859375,0.000497314453125,0.085662841796875
0.0872802734375,0.000500091552734375,0.087677001953125
0.089263916015625,0.0005029296875,0.08966064453125
0.09124755859375,0.00050555419921875,0.091644287109375
0.093231201171875,0.000508056640625,0.0936279296875
0.09521484375,0.00051019287109375,0.0955810546875
0.097198486328125,0.000512420654296875,0.0975341796875
0.09918212890625,0.000514312744140625,0.099609375
0.101165771484375,0.00051611328125,0.101531982421875
0.1031494140625,0.00051776123046875,0.10345458984375
0.105133056640625,0.00051934814453125,0.10552978515625
0.10711669921875,0.000520599365234375,0.107574462890625
0.109100341796875,0.000521728515625,0.109466552734375
0.111083984375,0.000522705078125,0.111541748046875
0.113067626953125,0.000523681640625,0.113555908203125
0.11505126953125,0.000524261474609375,0.115447998046875
0.117034912109375,0.000524566650390625,0.117431640625
0.1190185546875,0.000525115966796875,0.11944580078125
0.121002197265625,0.000525177001953125,0.121429443359375
0.12298583984375,0.000525054931640625,0.12347412109375
0.124969482421875,0.00052484130859375,0.12542724609375
0.126953125,0.00052447509765625,0.12738037109375
0.128936767578125,0.000523895263671875,0.12939453125
0.13092041015625,0.000523101806640625,0.131317138671875
0.132904052734375,0.00052239990234375,0.133392333984375
0.1348876953125,0.000521209716796875,0.135345458984375
0.136871337890625,0.0005198974609375,0.137298583984375
0.13885498046875,0.0005185546875,0.13934326171875
0.140838623046875,0.0005169677734375,0.141326904296875
0.142822265625,0.0005152587890625,0.14324951171875
0.144805908203125,0.0005135498046875,0.145294189453125
0.14678955078125,0.000511383056640625,0.14715576171875
0.148773193359375,0.000509246826171875,0.149139404296875
0.1507568359375,0.000506927490234375,0.1512451171875
0.152740478515625,0.00050439453125,0.153167724609375
0.15472412109375,0.000501861572265625,0.155242919921875
0.156707763671875,0.000499176025390625,0.15716552734375
0.15869140625,0.000496124267578125,0.159149169921875
0.160675048828125,0.000493316650390625,0.161163330078125
0.16265869140625,0.000490386962890625,0.1630859375
0.164642333984375,0.000487152099609375,0.165130615234375
0.1666259765625,0.0004837646484375,0.1671142578125
0.168609619140625,0.000480438232421875,0.169097900390625
0.17059326171875,0.0004769287109375,0.171051025390625
0.172576904296875,0.000473541259765625,0.17303466796875
0.174560546875,0.00047003173828125,0.175018310546875
0.176544189453125,0.000466339111328125,0.176971435546875
0.17852783203125,0.000462799072265625,0.17901611328125
0.180511474609375,0.000459014892578125,0.180938720703125
0.1824951171875,0.000455230712890625,0.182891845703125
0.184478759765625,0.000451446533203125,0.184906005859375
0.18646240234375,0.00044769287109375,0.18682861328125
0.188446044921875,0.00044378662109375,0.188873291015625
0.1904296875,0.0004400634765625,0.1907958984375
0.192413330078125,0.000436187744140625,0.192779541015625
0.19439697265625,0.000432464599609375,0.194854736328125
0.196380615234375,0.0004287109375,0.19683837890625
0.1983642578125,0.00042498779296875,0.19873046875
0.200347900390625,0.000421173095703125,0.20074462890625
0.20233154296875,0.000417572021484375,0.2027587890625
0.204315185546875,0.0004139404296875,0.204742431640625
0.206298828125,0.000410308837890625,0.20672607421875
0.208282470703125,0.000406707763671875,0.20880126953125
0.21026611328125,0.0004031982421875,0.210693359375
0.212249755859375,0.000399688720703125,0.212677001953125
0.2142333984375,0.00039630126953125,0.21466064453125
0.216217041015625,0.000392974853515625,0.21661376953125
0.21820068359375,0.0003895263671875,0.218597412109375
0.220184326171875,0.000386260986328125,0.220550537109375
0.22216796875,0.000383087158203125,0.222564697265625
0.224151611328125,0.000379852294921875,0.22454833984375
0.22613525390625,0.00037677001953125,0.2265625
0.228118896484375,0.00037371826171875,0.228515625
0.2301025390625,0.00037066650390625,0.230560302734375
0.232086181640625,0.000367706298828125,0.232513427734375
0.23406982421875,0.00036480712890625,0.234466552734375
0.236053466796875,0.000362060546875,0.2364501953125
0.238037109375,0.000359222412109375,0.238433837890625
0.240020751953125,0.00035650634765625,0.240478515625
0.24200439453125,0.00035369873046875,0.242401123046875
0.243988037109375,0.0003511962890625,0.244384765625
0.2459716796875,0.000348602294921875,0.246429443359375
0.247955322265625,0.00034600830078125,0.248443603515625
0.24993896484375,0.000343414306640625,0.2503662109375
0.251922607421875,0.00034112548828125,0.252349853515625
0.25390625,0.00033868408203125,0.254302978515625
0.255889892578125,0.000336334228515625,0.25634765625
0.25787353515625,0.000334136962890625,0.25836181640625
0.259857177734375,0.000331817626953125,0.260284423828125
0.2618408203125,0.00032952880859375,0.262237548828125
0.263824462890625,0.000327362060546875,0.264190673828125
0.26580810546875,0.00032525634765625,0.266265869140625
0.267791748046875,0.000323089599609375,0.268157958984375
0.269775390625,0.000321014404296875,0.27020263671875
0.271759033203125,0.000319061279296875,0.27215576171875
0.27374267578125,0.000317108154296875,0.274169921875
0.275726318359375,0.000314971923828125,0.276153564453125
0.2777099609375,0.000313018798828125,0.27813720703125
0.279693603515625,0.00031121826171875,0.280120849609375
0.28167724609375,0.00030938720703125,0.282135009765625
0.283660888671875,0.000307525634765625,0.284088134765625
0.28564453125,0.00030572509765625,0.286102294921875
0.287628173828125,0.0003040771484375,0.288055419921875
0.28961181640625,0.00030224609375,0.290008544921875
0.291595458984375,0.000300445556640625,0.292022705078125
0.2935791015625,0.000298797607421875,0.29400634765625
0.295562744140625,0.000297088623046875,0.296051025390625
0.29754638671875,0.0002955322265625,0.29791259765625
0.299530029296875,0.000293853759765625,0.2999267578125
0.301513671875,0.000292327880859375,0.301910400390625
0.303497314453125,0.000290924072265625,0.30401611328125
0.30548095703125,0.000289398193359375,0.30584716796875
0.307464599609375,0.00028790283203125,0.30792236328125
0.3094482421875,0.000286376953125,0.309906005859375
0.311431884765625,0.000284881591796875,0.3118896484375
0.31341552734375,0.00028350830078125,0.3138427734375
0.315399169921875,0.000281951904296875,0.315826416015625
0.3173828125,0.000280517578125,0.31781005859375
0.319366455078125,0.00027923583984375,0.31982421875
0.32135009765625,0.00027783203125,0.321746826171875
0.323333740234375,0.00027655029296875,0.323760986328125
0.3253173828125,0.000275177001953125,0.32574462890625
0.327301025390625,0.000273895263671875,0.327667236328125
0.32928466796875,0.0002725830078125,0.3297119140625
0.331268310546875,0.000271331787109375,0.33172607421875
0.333251953125,0.000269989013671875,0.33367919921875
0.335235595703125,0.000268798828125,0.335693359375
0.33721923828125,0.0002677001953125,0.337615966796875
0.339202880859375,0.000266448974609375,0.33966064453125
0.3411865234375,0.00026531982421875,0.341705322265625
0.343170166015625,0.00026416015625,0.343658447265625
0.34515380859375,0.00026300048828125,0.345550537109375
0.347137451171875,0.0002618408203125,0.347625732421875
0.34912109375,0.00026068115234375,0.349517822265625
0.351104736328125,0.000259552001953125,0.351593017578125
0.35308837890625,0.00025848388671875,0.353546142578125
0.355072021484375,0.000257415771484375,0.35552978515625
0.3570556640625,0.00025634765625,0.35748291015625
0.359039306640625,0.000255279541015625,0.359466552734375
0.36102294921875,0.0002542724609375,0.3614501953125
0.363006591796875,0.000253204345703125,0.363494873046875
0.364990234375,0.000252166748046875,0.36541748046875
0.366973876953125,0.0002510986328125,0.367431640625
0.36895751953125,0.00025018310546875,0.36944580078125
0.370941162109375,0.000249176025390625,0.371368408203125
0.3729248046875,0.00024822998046875,0.3734130859375
0.374908447265625,0.00024725341796875,0.375396728515625
0.37689208984375,0.000246307373046875,0.377410888671875
0.378875732421875,0.00024530029296875,0.379364013671875
0.380859375,0.0002445068359375,0.38134765625
0.382843017578125,0.0002435302734375,0.383392333984375
0.38482666015625,0.000242584228515625,0.385345458984375
0.386810302734375,0.000241729736328125,0.38726806640625
0.3887939453125,0.00024078369140625,0.389312744140625
0.390777587890625,0.00023992919921875,0.39129638671875
0.39276123046875,0.000239044189453125,0.393280029296875
0.394744873046875,0.0002381591796875,0.395263671875
0.396728515625,0.00023736572265625,0.397186279296875
0.398712158203125,0.000236480712890625,0.39923095703125
0.40069580078125,0.000235687255859375,0.40118408203125
0.398712158203125,0.000233734130859375,0.399200439453125
0.396728515625,0.000232269287109375,0.397216796875
0.394744873046875,0.000230926513671875,0.39520263671875
0.39276123046875,0.00022967529296875,0.39324951171875
0.390777587890625,0.000228485107421875,0.391326904296875
0.3887939453125,0.0002274169921875,0.389251708984375
0.386810302734375,0.000226318359375,0.387237548828125
0.38482666015625,0.000225189208984375,0.3853759765625
0.382843017578125,0.00022418212890625,0.38336181640625
0.380859375,0.000223175048828125,0.38134765625
0.378875732421875,0.0002222900390625,0.379302978515625
0.37689208984375,0.00022137451171875,0.377288818359375
0.374908447265625,0.000220306396484375,0.375396728515625
0.3729248046875,0.00021942138671875,0.3734130859375
0.370941162109375,0.00021856689453125,0.371429443359375
0.36895751953125,0.00021771240234375,0.369384765625
0.366973876953125,0.000216766357421875,0.367431640625
0.364990234375,0.0002159423828125,0.365386962890625
0.363006591796875,0.000215057373046875,0.363372802734375
0.36102294921875,0.00021417236328125,0.36138916015625
0.359039306640625,0.000213348388671875,0.35943603515625
0.3570556640625,0.00021246337890625,0.35748291015625
0.355072021484375,0.00021173095703125,0.355438232421875
0.35308837890625,0.0002109375,0.353485107421875
0.351104736328125,0.00021014404296875,0.351531982421875
0.34912109375,0.0002093505859375,0.349517822265625
0.347137451171875,0.000208648681640625,0.347564697265625
0.34515380859375,0.000207855224609375,0.345550537109375
0.343170166015625,0.000207000732421875,0.343597412109375
0.3411865234375,0.000206268310546875,0.341583251953125
0.339202880859375,0.000205474853515625,0.339599609375
0.33721923828125,0.000204833984375,0.337677001953125
0.335235595703125,0.00020391845703125,0.335601806640625
0.333251953125,0.00020330810546875,0.333648681640625
0.331268310546875,0.000202606201171875,0.3316650390625
0.32928466796875,0.000201904296875,0.329620361328125
0.327301025390625,0.000201141357421875,0.327728271484375
0.3253173828125,0.000200439453125,0.325714111328125
0.323333740234375,0.000199798583984375,0.32366943359375
0.32135009765625,0.000199127197265625,0.32171630859375
0.319366455078125,0.00019842529296875,0.31976318359375
0.3173828125,0.000197723388671875,0.317779541015625
0.315399169921875,0.000197021484375,0.315765380859375
0.31341552734375,0.000196380615234375,0.31378173828125
0.311431884765625,0.0001956787109375,0.311859130859375
0.3094482421875,0.000194976806640625,0.30975341796875
0.307464599609375,0.000194366455078125,0.307830810546875
0.30548095703125,0.0001937255859375,0.305877685546875
0.303497314453125,0.000193023681640625,0.30389404296875
0.301513671875,0.000192291259765625,0.3018798828125
0.299530029296875,0.000191680908203125,0.299835205078125
0.29754638671875,0.00019097900390625,0.2978515625
0.295562744140625,0.00019036865234375,0.29595947265625
0.2935791015625,0.00018975830078125,0.2939453125
0.291595458984375,0.000189117431640625,0.29193115234375
0.28961181640625,0.000188568115234375,0.289947509765625
0.287628173828125,0.00018780517578125,0.287933349609375
0.28564453125,0.0001871337890625,0.285980224609375
0.283660888671875,0.0001865234375,0.283905029296875
0.28167724609375,0.0001859130859375,0.28204345703125
0.279693603515625,0.000185302734375,0.280059814453125
0.2777099609375,0.000184539794921875,0.278106689453125
0.275726318359375,0.0001839599609375,0.276123046875
0.27374267578125,0.000183258056640625,0.2740478515625
0.271759033203125,0.00018255615234375,0.272064208984375
0.269775390625,0.000181976318359375,0.27008056640625
0.267791748046875,0.00018121337890625,0.268157958984375
0.26580810546875,0.00018060302734375,0.26611328125
0.263824462890625,0.00017999267578125,0.26422119140625
0.2618408203125,0.0001793212890625,0.26220703125
0.259857177734375,0.000178619384765625,0.260162353515625
0.25787353515625,0.000177886962890625,0.258209228515625
0.255889892578125,0.00017718505859375,0.256195068359375
0.25390625,0.000176544189453125,0.254241943359375
0.251922607421875,0.00017596435546875,0.252227783203125
0.24993896484375,0.000175140380859375,0.25018310546875
0.247955322265625,0.000174468994140625,0.24822998046875
0.2459716796875,0.000173828125,0.24627685546875
0.243988037109375,0.000173004150390625,0.244293212890625
0.24200439453125,0.000172210693359375,0.242279052734375
0.240020751953125,0.00017144775390625,0.240264892578125
0.238037109375,0.000170806884765625,0.238311767578125
0.236053466796875,0.000169891357421875,0.236328125
0.23406982421875,0.000169097900390625,0.23431396484375
0.232086181640625,0.0001683349609375,0.232330322265625
0.2301025390625,0.00016748046875,0.230377197265625
0.228118896484375,0.000166595458984375,0.228424072265625
0.22613525390625,0.0001656494140625,0.22637939453125
0.224151611328125,0.000164794921875,0.224395751953125
0.22216796875,0.0001639404296875,0.222381591796875
0.220184326171875,0.000162933349609375,0.22039794921875
0.21820068359375,0.000162017822265625,0.218505859375
0.216217041015625,0.00016094970703125,0.216461181640625
0.2142333984375,0.000159942626953125,0.214447021484375
0.212249755859375,0.000158905029296875,0.212493896484375
0.21026611328125,0.0001578369140625,0.21051025390625
0.208282470703125,0.000156707763671875,0.20849609375
0.206298828125,0.000155609130859375,0.206573486328125
0.204315185546875,0.000154510498046875,0.204559326171875
0.20233154296875,0.000153106689453125,0.202545166015625
0.200347900390625,0.000151824951171875,0.200592041015625
0.1983642578125,0.000150482177734375,0.19866943359375
0.196380615234375,0.000149261474609375,0.196563720703125
0.19439697265625,0.000147674560546875,0.194610595703125
0.192413330078125,0.000146240234375,0.19256591796875
0.1904296875,0.000144866943359375,0.19061279296875
0.188446044921875,0.000143341064453125,0.18865966796875
0.18646240234375,0.000141693115234375,0.18670654296875
0.184478759765625,0.00013995361328125,0.18463134765625
0.1824951171875,0.000138275146484375,0.182647705078125
0.180511474609375,0.0001365966796875,0.180694580078125
0.17852783203125,0.000134674072265625,0.178680419921875
0.176544189453125,0.0001326904296875,0.17669677734375
0.174560546875,0.000130859375,0.1746826171875
0.172576904296875,0.000128814697265625,0.172698974609375
0.17059326171875,0.000126739501953125,0.1707763671875
0.168609619140625,0.00012457275390625,0.16876220703125
0.1666259765625,0.000122344970703125,0.166778564453125
0.164642333984375,0.0001201171875,0.16473388671875
0.16265869140625,0.0001177978515625,0.16278076171875
0.160675048828125,0.000115264892578125,0.160797119140625
0.15869140625,0.00011285400390625,0.1588134765625
0.156707763671875,0.000110321044921875,0.15679931640625
0.15472412109375,0.000107635498046875,0.154876708984375
0.152740478515625,0.000104949951171875,0.15289306640625
0.1507568359375,0.000102203369140625,0.15087890625
0.148773193359375,9.9365234375E-05,0.14886474609375
0.14678955078125,9.637451171875E-05,0.146942138671875
0.144805908203125,9.332275390625E-05,0.144866943359375
0.142822265625,9.0118408203125E-05,0.1429443359375
0.140838623046875,8.7127685546875E-05,0.141021728515625
0.13885498046875,8.392333984375E-05,0.138946533203125
0.136871337890625,8.0596923828125E-05,0.136993408203125
0.1348876953125,7.720947265625E-05,0.13494873046875
0.132904052734375,7.373046875E-05,0.13299560546875
0.13092041015625,7.0159912109375E-05,0.131011962890625
0.128936767578125,6.6619873046875E-05,0.1290283203125
0.126953125,6.298828125E-05,0.127044677734375
0.124969482421875,5.92041015625E-05,0.125030517578125
0.12298583984375,5.5419921875E-05,0.123016357421875
0.121002197265625,5.1483154296875E-05,0.12103271484375
0.1190185546875,4.775390625E-05,0.11907958984375
0.117034912109375,4.36370849609375E-05,0.1170654296875
0.11505126953125,3.95172119140625E-05,0.115081787109375
0.113067626953125,3.53057861328125E-05,0.11309814453125
0.111083984375,3.10943603515625E-05,0.11114501953125
0.109100341796875,2.68951416015625E-05,0.10931396484375
0.10711669921875,2.247314453125E-05,0.107330322265625
0.105133056640625,1.8023681640625E-05,0.105224609375
0.1031494140625,1.35223388671875E-05,0.103240966796875
0.101165771484375,8.8104248046875E-06,0.101165771484375
0.09918212890625,4.19921875E-06,0.099151611328125
0.097198486328125,-4.522705078125E-07,0.097137451171875
0.09521484375,-5.2093505859375E-06,0.095184326171875
0.093231201171875,-1.00555419921875E-05,0.09320068359375
0.09124755859375,-1.49627685546875E-05,0.091156005859375
0.089263916015625,-1.99676513671875E-05,0.089111328125
0.0872802734375,-2.490234375E-05,0.087066650390625
0.085296630859375,-2.99713134765625E-05,0.0850830078125
0.08331298828125,-3.52081298828125E-05,0.08306884765625
0.081329345703125,-4.04052734375E-05,0.08099365234375
0.079345703125,-4.55078125E-05,0.0789794921875
0.077362060546875,-5.09429931640625E-05,0.076934814453125
0.07537841796875,-5.63507080078125E-05,0.07489013671875
0.073394775390625,-6.173095703125E-05,0.07293701171875
0.0714111328125,-6.7413330078125E-05,0.071380615234375
0.069427490234375,-7.293701171875E-05,0.069305419921875
0.06744384765625,-7.8460693359375E-05,0.067291259765625
0.065460205078125,-8.41064453125E-05,0.065399169921875
0.0634765625,-8.9813232421875E-05,0.0633544921875
0.061492919921875,-9.552001953125E-05,0.06146240234375
0.05950927734375,-0.000101470947265625,0.059356689453125
0.057525634765625,-0.000107147216796875,0.057373046875
0.0555419921875,-0.000113006591796875,0.05535888671875
0.053558349609375,-0.000118927001953125,0.053436279296875
0.05157470703125,-0.000124847412109375,0.051422119140625
0.049591064453125,-0.000130828857421875,0.0495361328125
0.047607421875,-0.000136962890625,0.0475616455078125
0.045623779296875,-0.000142974853515625,0.045562744140625
0.04364013671875,-0.000149139404296875,0.0435821533203125
0.041656494140625,-0.0001552734375,0.041595458984375
0.0396728515625,-0.000161224365234375,0.039630126953125
0.037689208984375,-0.0001673583984375,0.037652587890625
0.03570556640625,-0.0001737060546875,0.0356597900390625
0.033721923828125,-0.000179840087890625,0.03369140625
0.03173828125,-0.00018621826171875,0.0317138671875
0.029754638671875,-0.00019232177734375,0.02969970703125
0.02777099609375,-0.00019879150390625,0.02774658203125
0.025787353515625,-0.000205108642578125,0.0257232666015625
0.0238037109375,-0.000211456298828125,0.0237518310546875
0.021820068359375,-0.00021771240234375,0.0217681884765625
0.01983642578125,-0.000224090576171875,0.0197601318359375
0.017852783203125,-0.000230560302734375,0.0177886962890625
0.015869140625,-0.000236907958984375,0.0157867431640625
0.013885498046875,-0.0002431640625,0.0138336181640625
0.01190185546875,-0.000249664306640625,0.0118316650390625
0.009918212890625,-0.0002559814453125,0.0098388671875
0.0079345703125,-0.00026251220703125,0.00785217285156251
0.005950927734375,-0.00026885986328125,0.00588378906250001
0.00396728515625,-0.000275238037109375,0.0038909912109375
0.001983642578125,-0.00028131103515625,0.001922607421875
0,-0.000287811279296875,-7.32421875000028E-05
-0.001983642578125,-0.000294281005859375,-0.00206604003906249
-0.00396728515625,-0.00030059814453125,-0.00406799316406251
-0.005950927734375,-0.00030694580078125,-0.00603332519531249
-0.0079345703125,-0.000313140869140625,-0.00804748535156249
-0.009918212890625,-0.00031939697265625,-0.0100128173828125
-0.01190185546875,-0.00032562255859375,-0.01199951171875
-0.013885498046875,-0.000331787109375,-0.0139984130859375
-0.015869140625,-0.000337860107421875,-0.016021728515625
-0.017852783203125,-0.00034405517578125,-0.01796875
-0.01983642578125,-0.000350067138671875,-0.019970703125
-0.021820068359375,-0.0003560791015625,-0.02193603515625
-0.0238037109375,-0.0003623046875,-0.0239044189453125
-0.025787353515625,-0.00036810302734375,-0.025897216796875
-0.02777099609375,-0.000373992919921875,-0.0279083251953125
-0.029754638671875,-0.000379791259765625,-0.0298614501953125
-0.03173828125,-0.00038568115234375,-0.031842041015625
-0.033721923828125,-0.000391326904296875,-0.033843994140625
-0.03570556640625,-0.0003970947265625,-0.03583984375
-0.037689208984375,-0.000402374267578125,-0.037799072265625
-0.0396728515625,-0.000408355712890625,-0.03983154296875
-0.041656494140625,-0.0004136962890625,-0.0418304443359375
-0.04364013671875,-0.000419097900390625,-0.0438079833984375
-0.045623779296875,-0.000424346923828125,-0.0457672119140625
-0.047607421875,-0.000429656982421875,-0.047760009765625
-0.049591064453125,-0.000434814453125,-0.050018310546875
-0.05157470703125,-0.000439971923828125,-0.052093505859375
-0.053558349609375,-0.00044488525390625,-0.05401611328125
-0.0555419921875,-0.00044970703125,-0.056060791015625
-0.057525634765625,-0.0004544677734375,-0.05804443359375
-0.05950927734375,-0.000459197998046875,-0.059967041015625
-0.061492919921875,-0.0004637451171875,-0.06207275390625
-0.0634765625,-0.000468231201171875,-0.063995361328125
-0.065460205078125,-0.00047271728515625,-0.065948486328125
-0.06744384765625,-0.000476837158203125,-0.067962646484375
-0.069427490234375,-0.000481048583984375,-0.069976806640625
-0.0714111328125,-0.000485015869140625,-0.071929931640625
-0.073394775390625,-0.000488922119140625,-0.073944091796875
-0.07537841796875,-0.000492706298828125,-0.075927734375
-0.077362060546875,-0.000496246337890625,-0.0780029296875
-0.079345703125,-0.000499755859375,-0.0799560546875
-0.081329345703125,-0.000503143310546875,-0.0819091796875
-0.08331298828125,-0.00050634765625,-0.083892822265625
-0.085296630859375,-0.00050946044921875,-0.085906982421875
-0.0872802734375,-0.000512420654296875,-0.08782958984375
-0.089263916015625,-0.0005152587890625,-0.089874267578125
-0.09124755859375,-0.000518035888671875,-0.0919189453125
-0.093231201171875,-0.00052056884765625,-0.093841552734375
-0.09521484375,-0.00052276611328125,-0.095794677734375
-0.097198486328125,-0.000524993896484375,-0.09783935546875
-0.09918212890625,-0.000527069091796875,-0.099761962890625
-0.101165771484375,-0.0005289306640625,-0.101776123046875
-0.1031494140625,-0.00053070068359375,-0.103790283203125
-0.105133056640625,-0.000532257080078125,-0.105743408203125
-0.10711669921875,-0.00053375244140625,-0.107757568359375
-0.109100341796875,-0.000534881591796875,-0.10968017578125
-0.111083984375,-0.00053607177734375,-0.111724853515625
-0.113067626953125,-0.000536895751953125,-0.113677978515625
-0.11505126953125,-0.000537445068359375,-0.115631103515625
-0.117034912109375,-0.00053790283203125,-0.11767578125
-0.1190185546875,-0.000538421630859375,-0.119659423828125
-0.121002197265625,-0.00053863525390625,-0.121673583984375
-0.12298583984375,-0.00053875732421875,-0.123626708984375
-0.124969482421875,-0.00053851318359375,-0.1256103515625
-0.126953125,-0.00053802490234375,-0.12762451171875
-0.128936767578125,-0.0005374755859375,-0.129608154296875
-0.13092041015625,-0.000536773681640625,-0.131561279296875
-0.132904052734375,-0.000535888671875,-0.133575439453125
-0.1348876953125,-0.000534759521484375,-0.13555908203125
-0.136871337890625,-0.00053350830078125,-0.137542724609375
-0.13885498046875,-0.000532012939453125,-0.139556884765625
-0.140838623046875,-0.000530487060546875,-0.141448974609375
-0.142822265625,-0.000528594970703125,-0.14349365234375
-0.144805908203125,-0.00052655029296875,-0.14544677734375
-0.14678955078125,-0.00052447509765625,-0.1474609375
-0.148773193359375,-0.0005220947265625,-0.149444580078125
-0.1507568359375,-0.0005196533203125,-0.151458740234375
-0.152740478515625,-0.0005169677734375,-0.153411865234375
-0.15472412109375,-0.000514129638671875,-0.15533447265625
-0.156707763671875,-0.00051129150390625,-0.15740966796875
-0.15869140625,-0.000508148193359375,-0.159332275390625
-0.160675048828125,-0.000505126953125,-0.161346435546875
-0.16265869140625,-0.0005015869140625,-0.163360595703125
-0.164642333984375,-0.000498138427734375,-0.165252685546875
-0.1666259765625,-0.000494537353515625,-0.167266845703125
-0.168609619140625,-0.00049090576171875,-0.1693115234375
-0.17059326171875,-0.000487060546875,-0.1712646484375
-0.172576904296875,-0.000483245849609375,-0.173248291015625
-0.174560546875,-0.000479095458984375,-0.175140380859375
-0.176544189453125,-0.000475250244140625,-0.17718505859375
-0.17852783203125,-0.000471099853515625,-0.17913818359375
-0.180511474609375,-0.000467010498046875,-0.181182861328125
-0.1824951171875,-0.00046282958984375,-0.183135986328125
-0.184478759765625,-0.0004586181640625,-0.18511962890625
-0.18646240234375,-0.000454376220703125,-0.187164306640625
-0.188446044921875,-0.000450103759765625,-0.1890869140625
-0.1904296875,-0.00044586181640625,-0.1910400390625
-0.192413330078125,-0.000441650390625,-0.19305419921875
-0.19439697265625,-0.00043731689453125,-0.19500732421875
-0.196380615234375,-0.0004332275390625,-0.19708251953125
-0.1983642578125,-0.000429046630859375,-0.19903564453125
-0.200347900390625,-0.000424957275390625,-0.200958251953125
-0.20233154296875,-0.000420867919921875,-0.20294189453125
-0.204315185546875,-0.000416748046875,-0.20489501953125
-0.206298828125,-0.000412750244140625,-0.2069091796875
-0.208282470703125,-0.000408782958984375,-0.2088623046875
-0.21026611328125,-0.000405029296875,-0.210906982421875
-0.212249755859375,-0.000401153564453125,-0.212921142578125
-0.2142333984375,-0.000397369384765625,-0.214874267578125
-0.216217041015625,-0.000393707275390625,-0.2169189453125
-0.21820068359375,-0.000390167236328125,-0.21875
-0.220184326171875,-0.000386627197265625,-0.22076416015625
-0.22216796875,-0.000383087158203125,-0.222747802734375
-0.224151611328125,-0.0003797607421875,-0.224822998046875
-0.22613525390625,-0.000376312255859375,-0.226806640625
-0.228118896484375,-0.00037310791015625,-0.228759765625
-0.2301025390625,-0.000369842529296875,-0.230712890625
-0.232086181640625,-0.00036669921875,-0.232666015625
-0.23406982421875,-0.0003636474609375,-0.23468017578125
-0.236053466796875,-0.00036053466796875,-0.236724853515625
-0.238037109375,-0.000357696533203125,-0.23870849609375
-0.240020751953125,-0.00035467529296875,-0.24066162109375
-0.24200439453125,-0.00035205078125,-0.242645263671875
-0.243988037109375,-0.00034930419921875,-0.24462890625
-0.2459716796875,-0.000346435546875,-0.24664306640625
-0.247955322265625,-0.000343780517578125,-0.248626708984375
-0.24993896484375,-0.00034130859375,-0.25054931640625
-0.251922607421875,-0.000338653564453125,-0.252532958984375
-0.25390625,-0.000336181640625,-0.2545166015625
-0.255889892578125,-0.000333709716796875,-0.256500244140625
-0.25787353515625,-0.00033135986328125,-0.258514404296875
-0.259857177734375,-0.0003289794921875,-0.26055908203125
-0.2618408203125,-0.000326690673828125,-0.26239013671875
-0.263824462890625,-0.00032440185546875,-0.264434814453125
-0.26580810546875,-0.00032220458984375,-0.266448974609375
-0.267791748046875,-0.000319976806640625,-0.268463134765625
-0.269775390625,-0.000317779541015625,-0.270355224609375
-0.271759033203125,-0.000315765380859375,-0.27239990234375
-0.27374267578125,-0.000313720703125,-0.274383544921875
-0.275726318359375,-0.000311676025390625,-0.2763671875
-0.2777099609375,-0.000309600830078125,-0.27838134765625
-0.279693603515625,-0.00030767822265625,-0.28033447265625
-0.28167724609375,-0.000305694580078125,-0.282318115234375
-0.283660888671875,-0.000303985595703125,-0.2843017578125
-0.28564453125,-0.00030206298828125,-0.286224365234375
-0.287628173828125,-0.000300262451171875,-0.28826904296875
-0.28961181640625,-0.00029852294921875,-0.29022216796875
-0.291595458984375,-0.000296722412109375,-0.29217529296875
-0.2935791015625,-0.000295013427734375,-0.29425048828125
-0.295562744140625,-0.000293304443359375,-0.296234130859375
-0.29754638671875,-0.0002916259765625,-0.298187255859375
-0.299530029296875,-0.0002900390625,-0.3001708984375
-0.301513671875,-0.000288330078125,-0.30218505859375
-0.303497314453125,-0.000286712646484375,-0.304168701171875
-0.30548095703125,-0.000285186767578125,-0.30609130859375
-0.307464599609375,-0.000283660888671875,-0.308074951171875
-0.3094482421875,-0.0002821044921875,-0.310150146484375
-0.311431884765625,-0.00028057861328125,-0.312042236328125
-0.31341552734375,-0.0002791748046875,-0.31402587890625
-0.315399169921875,-0.000277740478515625,-0.316009521484375
-0.3173828125,-0.00027630615234375,-0.3179931640625
-0.319366455078125,-0.000274871826171875,-0.320037841796875
-0.32135009765625,-0.000273468017578125,-0.32196044921875
-0.323333740234375,-0.00027215576171875,-0.324005126953125
-0.3253173828125,-0.00027081298828125,-0.32598876953125
-0.327301025390625,-0.00026947021484375,-0.32794189453125
-0.32928466796875,-0.00026812744140625,-0.329925537109375
-0.331268310546875,-0.000266815185546875,-0.33197021484375
-0.333251953125,-0.000265594482421875,-0.33392333984375
-0.335235595703125,-0.00026422119140625,-0.335906982421875
-0.33721923828125,-0.000263092041015625,-0.337982177734375
-0.339202880859375,-0.000261871337890625,-0.33990478515625
-0.3411865234375,-0.00026068115234375,-0.341827392578125
-0.343170166015625,-0.0002593994140625,-0.3438720703125
-0.34515380859375,-0.00025823974609375,-0.34576416015625
-0.347137451171875,-0.000257080078125,-0.34783935546875
-0.34912109375,-0.000255950927734375,-0.349822998046875
-0.351104736328125,-0.000254791259765625,-0.351715087890625
-0.35308837890625,-0.000253662109375,-0.353729248046875
-0.355072021484375,-0.000252593994140625,-0.355712890625
-0.3570556640625,-0.0002515869140625,-0.357666015625
-0.359039306640625,-0.000250457763671875,-0.359771728515625
-0.36102294921875,-0.000249420166015625,-0.361724853515625
-0.363006591796875,-0.000248291015625,-0.363677978515625
-0.364990234375,-0.000247283935546875,-0.365692138671875
-0.366973876953125,-0.000246246337890625,-0.367645263671875
-0.36895751953125,-0.000245269775390625,-0.36968994140625
-0.370941162109375,-0.0002442626953125,-0.37164306640625
-0.3729248046875,-0.000243255615234375,-0.37359619140625
-0.374908447265625,-0.00024224853515625,-0.37554931640625
-0.37689208984375,-0.0002413330078125,-0.3775634765625
-0.378875732421875,-0.000240386962890625,-0.379486083984375
-0.380859375,-0.00023944091796875,-0.38153076171875
-0.382843017578125,-0.000238433837890625,-0.383514404296875
-0.38482666015625,-0.000237579345703125,-0.385498046875
-0.386810302734375,-0.000236663818359375,-0.387481689453125
-0.3887939453125,-0.0002357177734375,-0.38946533203125
-0.390777587890625,-0.00023480224609375,-0.3914794921875
-0.39276123046875,-0.0002340087890625,-0.393402099609375
-0.394744873046875,-0.00023309326171875,-0.395477294921875
-0.396728515625,-0.000232208251953125,-0.3974609375
-0.398712158203125,-0.000231414794921875,-0.399444580078125
-0.40069580078125,-0.00023052978515625,-0.401397705078125
-0.398712158203125,-0.000228851318359375,-0.399444580078125
-0.396728515625,-0.0002275390625,-0.3974609375
-0.394744873046875,-0.000226348876953125,-0.395416259765625
-0.39276123046875,-0.000225341796875,-0.39349365234375
-0.390777587890625,-0.000224365234375,-0.39141845703125
-0.3887939453125,-0.0002232666015625,-0.38946533203125
-0.386810302734375,-0.00022222900390625,-0.387542724609375
-0.38482666015625,-0.000221343994140625,-0.385467529296875
-0.382843017578125,-0.000220428466796875,-0.383544921875
-0.380859375,-0.00021942138671875,-0.38153076171875
-0.378875732421875,-0.000218597412109375,-0.379547119140625
-0.37689208984375,-0.00021771240234375,-0.377532958984375
-0.374908447265625,-0.000216796875,-0.3756103515625
-0.3729248046875,-0.000215972900390625,-0.3736572265625
-0.370941162109375,-0.000214996337890625,-0.37158203125
-0.36895751953125,-0.000214263916015625,-0.369598388671875
-0.366973876953125,-0.000213470458984375,-0.3675537109375
-0.364990234375,-0.00021258544921875,-0.365631103515625
-0.363006591796875,-0.000211822509765625,-0.36358642578125
-0.36102294921875,-0.0002110595703125,-0.36163330078125
-0.359039306640625,-0.000210296630859375,-0.3597412109375
-0.3570556640625,-0.00020941162109375,-0.357666015625
-0.355072021484375,-0.000208709716796875,-0.35565185546875
-0.35308837890625,-0.0002080078125,-0.353729248046875
-0.351104736328125,-0.000207244873046875,-0.3516845703125
-0.34912109375,-0.00020648193359375,-0.3497314453125
-0.347137451171875,-0.0002056884765625,-0.347747802734375
-0.34515380859375,-0.00020489501953125,-0.3458251953125
-0.343170166015625,-0.000204345703125,-0.34375
-0.3411865234375,-0.00020355224609375,-0.341796875
-0.339202880859375,-0.000202850341796875,-0.33978271484375
-0.33721923828125,-0.000201995849609375,-0.337860107421875
-0.335235595703125,-0.000201385498046875,-0.3358154296875
-0.333251953125,-0.00020074462890625,-0.33392333984375
-0.331268310546875,-0.0002000732421875,-0.33184814453125
-0.32928466796875,-0.00019927978515625,-0.32989501953125
-0.327301025390625,-0.00019866943359375,-0.327911376953125
-0.3253173828125,-0.00019793701171875,-0.325897216796875
-0.323333740234375,-0.0001973876953125,-0.323883056640625
-0.32135009765625,-0.0001966552734375,-0.3218994140625
-0.319366455078125,-0.00019598388671875,-0.3199462890625
-0.3173828125,-0.00019537353515625,-0.3179931640625
-0.315399169921875,-0.0001947021484375,-0.31597900390625
-0.31341552734375,-0.00019403076171875,-0.31402587890625
-0.311431884765625,-0.00019329833984375,-0.31201171875
-0.3094482421875,-0.000192840576171875,-0.30999755859375
-0.307464599609375,-0.0001922607421875,-0.30804443359375
-0.30548095703125,-0.0001915283203125,-0.30596923828125
-0.303497314453125,-0.00019091796875,-0.30401611328125
-0.301513671875,-0.00019024658203125,-0.302093505859375
-0.299530029296875,-0.000189727783203125,-0.300048828125
-0.29754638671875,-0.000189056396484375,-0.298126220703125
-0.295562744140625,-0.00018841552734375,-0.296112060546875
-0.2935791015625,-0.000187744140625,-0.29412841796875
-0.291595458984375,-0.00018719482421875,-0.292144775390625
-0.28961181640625,-0.000186676025390625,-0.290191650390625
-0.287628173828125,-0.00018603515625,-0.288238525390625
-0.28564453125,-0.000185394287109375,-0.286224365234375
-0.283660888671875,-0.000184783935546875,-0.284149169921875
-0.28167724609375,-0.00018414306640625,-0.282196044921875
-0.279693603515625,-0.00018359375,-0.280242919921875
-0.2777099609375,-0.00018310546875,-0.278228759765625
-0.275726318359375,-0.000182403564453125,-0.2762451171875
-0.27374267578125,-0.000181732177734375,-0.274261474609375
-0.271759033203125,-0.000181182861328125,-0.27227783203125
-0.269775390625,-0.0001806640625,-0.27032470703125
-0.267791748046875,-0.000180023193359375,-0.26824951171875
-0.26580810546875,-0.000179443359375,-0.266326904296875
-0.263824462890625,-0.000178741455078125,-0.264373779296875
-0.2618408203125,-0.000178253173828125,-0.262359619140625
-0.259857177734375,-0.0001776123046875,-0.26043701171875
-0.25787353515625,-0.00017706298828125,-0.258392333984375
-0.255889892578125,-0.00017645263671875,-0.25640869140625
-0.25390625,-0.00017584228515625,-0.254425048828125
-0.251922607421875,-0.00017529296875,-0.252410888671875
-0.24993896484375,-0.000174591064453125,-0.250457763671875
-0.247955322265625,-0.00017401123046875,-0.24853515625
-0.2459716796875,-0.00017340087890625,-0.24652099609375
-0.243988037109375,-0.000172760009765625,-0.244476318359375
-0.24200439453125,-0.000172149658203125,-0.242462158203125
-0.240020751953125,-0.000171417236328125,-0.2406005859375
-0.238037109375,-0.0001708984375,-0.238525390625
-0.236053466796875,-0.000170166015625,-0.236541748046875
-0.23406982421875,-0.00016949462890625,-0.23455810546875
-0.232086181640625,-0.000168701171875,-0.23260498046875
-0.2301025390625,-0.000168060302734375,-0.23065185546875
-0.228118896484375,-0.0001673583984375,-0.22857666015625
-0.22613525390625,-0.00016668701171875,-0.22662353515625
-0.224151611328125,-0.00016595458984375,-0.224639892578125
-0.22216796875,-0.000165191650390625,-0.222625732421875
-0.220184326171875,-0.000164306640625,-0.220672607421875
-0.21820068359375,-0.000163543701171875,-0.21868896484375
-0.216217041015625,-0.000162750244140625,-0.216583251953125
-0.2142333984375,-0.00016192626953125,-0.2147216796875
-0.212249755859375,-0.0001610107421875,-0.21270751953125
-0.21026611328125,-0.00016015625,-0.21075439453125
-0.208282470703125,-0.00015911865234375,-0.208709716796875
-0.206298828125,-0.000158233642578125,-0.20672607421875
-0.204315185546875,-0.000157135009765625,-0.2047119140625
-0.20233154296875,-0.00015625,-0.20281982421875
-0.200347900390625,-0.000155181884765625,-0.2008056640625
-0.1983642578125,-0.00015399169921875,-0.1988525390625
-0.196380615234375,-0.0001529541015625,-0.196807861328125
-0.19439697265625,-0.000151763916015625,-0.19482421875
-0.192413330078125,-0.000150543212890625,-0.19287109375
-0.1904296875,-0.00014935302734375,-0.19091796875
-0.188446044921875,-0.00014794921875,-0.188873291015625
-0.18646240234375,-0.000146575927734375,-0.186859130859375
-0.184478759765625,-0.00014532470703125,-0.1849365234375
-0.1824951171875,-0.000143707275390625,-0.18292236328125
-0.180511474609375,-0.00014227294921875,-0.18084716796875
-0.17852783203125,-0.000140655517578125,-0.17889404296875
-0.176544189453125,-0.00013909912109375,-0.17694091796875
-0.174560546875,-0.0001373291015625,-0.174896240234375
-0.172576904296875,-0.00013555908203125,-0.17291259765625
-0.17059326171875,-0.0001337890625,-0.170989990234375
-0.168609619140625,-0.000131805419921875,-0.168975830078125
-0.1666259765625,-0.0001298828125,-0.166961669921875
-0.164642333984375,-0.000127777099609375,-0.16497802734375
-0.16265869140625,-0.00012579345703125,-0.16302490234375
-0.160675048828125,-0.000123565673828125,-0.161041259765625
-0.15869140625,-0.000121368408203125,-0.159027099609375
-0.156707763671875,-0.00011883544921875,-0.157073974609375
-0.15472412109375,-0.0001165771484375,-0.155120849609375
-0.152740478515625,-0.000114105224609375,-0.15313720703125
-0.1507568359375,-0.000111602783203125,-0.151123046875
-0.148773193359375,-0.00010894775390625,-0.149139404296875
-0.14678955078125,-0.000106201171875,-0.147064208984375
-0.144805908203125,-0.000103240966796875,-0.1451416015625
-0.142822265625,-0.000100555419921875,-0.1431884765625
-0.140838623046875,-9.759521484375E-05,-0.141204833984375
-0.13885498046875,-9.4482421875E-05,-0.1392822265625
-0.136871337890625,-9.1339111328125E-05,-0.13720703125
-0.1348876953125,-8.8104248046875E-05,-0.13525390625
-0.132904052734375,-8.4808349609375E-05,-0.133148193359375
-0.13092041015625,-8.135986328125E-05,-0.131256103515625
-0.128936767578125,-7.7911376953125E-05,-0.1292724609375
-0.126953125,-7.43408203125E-05,-0.127227783203125
-0.124969482421875,-7.0770263671875E-05,-0.12530517578125
-0.12298583984375,-6.70166015625E-05,-0.123260498046875
-0.121002197265625,-6.3140869140625E-05,-0.12127685546875
-0.1190185546875,-5.9295654296875E-05,-0.11932373046875
-0.117034912109375,-5.52978515625E-05,-0.1173095703125
-0.11505126953125,-5.126953125E-05,-0.115325927734375
-0.113067626953125,-4.730224609375E-05,-0.113311767578125
-0.111083984375,-4.30389404296875E-05,-0.11126708984375
-0.109100341796875,-3.87969970703125E-05,-0.109375
-0.10711669921875,-3.441162109375E-05,-0.107391357421875
-0.105133056640625,-2.9937744140625E-05,-0.105316162109375
-0.1031494140625,-2.53570556640625E-05,-0.103607177734375
-0.101165771484375,-2.07916259765625E-05,-0.101593017578125
-0.09918212890625,-1.61865234375E-05,-0.09954833984375
-0.097198486328125,-1.14410400390625E-05,-0.097442626953125
-0.09521484375,-6.6497802734375E-06,-0.09552001953125
-0.093231201171875,-1.74072265625E-06,-0.093414306640625
-0.09124755859375,3.11553955078125E-06,-0.09149169921875
-0.089263916015625,8.1268310546875E-06,-0.089447021484375
-0.0872802734375,1.31622314453125E-05,-0.08734130859375
-0.085296630859375,1.82708740234375E-05,-0.0853271484375
-0.08331298828125,2.34527587890625E-05,-0.0833740234375
-0.081329345703125,2.87933349609375E-05,-0.081268310546875
-0.079345703125,3.40606689453125E-05,-0.07928466796875
-0.077362060546875,3.935546875E-05,-0.0772705078125
-0.07537841796875,4.46807861328125E-05,-0.075286865234375
-0.073394775390625,5.03143310546875E-05,-0.073211669921875
-0.0714111328125,5.5755615234375E-05,-0.0711669921875
-0.069427490234375,6.131591796875E-05,-0.069244384765625
-0.06744384765625,6.695556640625E-05,-0.06756591796875
-0.065460205078125,7.2601318359375E-05,-0.06561279296875
-0.0634765625,7.843017578125E-05,-0.06365966796875
-0.061492919921875,8.4381103515625E-05,-0.06158447265625
-0.05950927734375,9.0118408203125E-05,-0.059661865234375
-0.057525634765625,9.5977783203125E-05,-0.0576171875
-0.0555419921875,0.000101898193359375,-0.055694580078125
-0.053558349609375,0.000107879638671875,-0.05364990234375
-0.05157470703125,0.00011383056640625,-0.051666259765625
-0.049591064453125,0.0001199951171875,-0.0497344970703125
-0.047607421875,0.0001259765625,-0.04774169921875
-0.045623779296875,0.000132171630859375,-0.0457611083984375
-0.04364013671875,0.000138397216796875,-0.043756103515625
-0.041656494140625,0.00014447021484375,-0.0417694091796875
-0.0396728515625,0.000150726318359375,-0.03980712890625
-0.037689208984375,0.00015716552734375,-0.0377838134765625
-0.03570556640625,0.00016326904296875,-0.0358001708984375
-0.033721923828125,0.000169647216796875,-0.03382568359375
-0.03173828125,0.000176055908203125,-0.031829833984375
-0.029754638671875,0.00018231201171875,-0.0298736572265625
-0.02777099609375,0.000188751220703125,-0.027850341796875
-0.025787353515625,0.000195037841796875,-0.0258697509765625
-0.0238037109375,0.000201507568359375,-0.0238922119140625
-0.021820068359375,0.00020782470703125,-0.021917724609375
-0.01983642578125,0.00021429443359375,-0.0199066162109375
-0.017852783203125,0.00022064208984375,-0.01793212890625
-0.015869140625,0.000227020263671875,-0.015960693359375
-0.013885498046875,0.000233551025390625,-0.0139678955078125
-0.01190185546875,0.000239898681640625,-0.0119842529296875
-0.009918212890625,0.000246337890625,-0.0099822998046875
-0.0079345703125,0.000252655029296875,-0.0080078125
-0.005950927734375,0.000259185791015625,-0.00602111816406251
-0.00396728515625,0.000265472412109375,-0.0040283203125
-0.001983642578125,0.00027191162109375,-0.0020477294921875
0,0.000278533935546875,-4.88281249999972E-05
0.001983642578125,0.00028485107421875,0.00195922851562499
0.00396728515625,0.000291046142578125,0.0039398193359375
0.005950927734375,0.00029730224609375,0.0059051513671875
0.0079345703125,0.0003035888671875,0.00788269042968751
0.009918212890625,0.000310028076171875,0.00987854003906249
0.01190185546875,0.000316070556640625,0.011865234375
0.013885498046875,0.00032232666015625,0.0138427734375
0.015869140625,0.000328369140625,0.01583251953125
0.017852783203125,0.000334625244140625,0.0178131103515625
0.01983642578125,0.000340606689453125,0.019818115234375
0.021820068359375,0.00034674072265625,0.0217926025390625
0.0238037109375,0.0003525390625,0.023773193359375
0.025787353515625,0.0003585205078125,0.0257781982421875
0.02777099609375,0.000364410400390625,0.0277496337890625
0.029754638671875,0.000370269775390625,0.029736328125
0.03173828125,0.00037603759765625,0.03173828125
0.033721923828125,0.00038165283203125,0.03370361328125
0.03570556640625,0.000387420654296875,0.035693359375
0.037689208984375,0.00039306640625,0.0376922607421875
0.0396728515625,0.0003984375,0.0396453857421875
0.041656494140625,0.000403656005859375,0.041632080078125
0.04364013671875,0.000408966064453125,0.0435943603515625
0.045623779296875,0.00041436767578125,0.0456085205078125
0.047607421875,0.00041949462890625,0.0475921630859375
0.049591064453125,0.000424774169921875,0.04986572265625
0.05157470703125,0.00042974853515625,0.051849365234375
0.053558349609375,0.000434722900390625,0.0538330078125
0.0555419921875,0.000439483642578125,0.055816650390625
0.057525634765625,0.000444183349609375,0.057861328125
0.05950927734375,0.00044891357421875,0.059814453125
0.061492919921875,0.000453399658203125,0.061767578125
0.0634765625,0.000457916259765625,0.06378173828125
0.065460205078125,0.000462188720703125,0.065765380859375
0.06744384765625,0.000466339111328125,0.067779541015625
0.069427490234375,0.000470458984375,0.069732666015625
0.0714111328125,0.00047430419921875,0.07171630859375
0.073394775390625,0.0004781494140625,0.07379150390625
0.07537841796875,0.000481903076171875,0.0758056640625
0.077362060546875,0.000485504150390625,0.077728271484375
0.079345703125,0.000489105224609375,0.0797119140625
0.081329345703125,0.0004921875,0.0816650390625
0.08331298828125,0.000495361328125,0.083648681640625
0.085296630859375,0.00049847412109375,0.08563232421875
0.0872802734375,0.000501373291015625,0.08770751953125
0.089263916015625,0.0005040283203125,0.089599609375
0.09124755859375,0.0005067138671875,0.091705322265625
0.093231201171875,0.00050927734375,0.0936279296875
0.09521484375,0.00051141357421875,0.0955810546875
0.097198486328125,0.000513641357421875,0.097564697265625
0.09918212890625,0.0005155029296875,0.099517822265625
0.101165771484375,0.000517303466796875,0.101531982421875
0.1031494140625,0.00051904296875,0.103515625
0.105133056640625,0.000520599365234375,0.105560302734375
0.10711669921875,0.000521820068359375,0.10760498046875
0.109100341796875,0.000522979736328125,0.109466552734375
0.111083984375,0.000524017333984375,0.11151123046875
0.113067626953125,0.00052471923828125,0.113433837890625
0.11505126953125,0.00052545166015625,0.11541748046875
0.117034912109375,0.000525909423828125,0.117462158203125
0.1190185546875,0.00052642822265625,0.1195068359375
0.121002197265625,0.00052630615234375,0.12139892578125
0.12298583984375,0.000526275634765625,0.123382568359375
0.124969482421875,0.000526092529296875,0.125335693359375
0.126953125,0.000525634765625,0.127471923828125
0.128936767578125,0.000525177001953125,0.12933349609375
0.13092041015625,0.00052435302734375,0.13134765625
0.132904052734375,0.000523468017578125,0.133392333984375
0.1348876953125,0.000522552490234375,0.13531494140625
0.136871337890625,0.000521209716796875,0.13726806640625
0.13885498046875,0.00051971435546875,0.1392822265625
0.140838623046875,0.000518280029296875,0.1412353515625
0.142822265625,0.0005164794921875,0.14324951171875
0.144805908203125,0.0005146484375,0.145233154296875
0.14678955078125,0.000512725830078125,0.147186279296875
0.148773193359375,0.00051043701171875,0.14923095703125
0.1507568359375,0.000508087158203125,0.151214599609375
0.152740478515625,0.000505706787109375,0.1531982421875
0.15472412109375,0.000503021240234375,0.15521240234375
0.156707763671875,0.00050030517578125,0.1571044921875
0.15869140625,0.000497528076171875,0.159088134765625
0.160675048828125,0.000494354248046875,0.161041259765625
0.16265869140625,0.000491455078125,0.1630859375
0.164642333984375,0.00048828125,0.165069580078125
0.1666259765625,0.000484893798828125,0.16705322265625
0.168609619140625,0.00048162841796875,0.16912841796875
0.17059326171875,0.000478240966796875,0.170989990234375
0.172576904296875,0.000474761962890625,0.1729736328125
0.174560546875,0.00047113037109375,0.17498779296875
0.176544189453125,0.0004676513671875,0.177001953125
0.17852783203125,0.000463836669921875,0.178955078125
0.180511474609375,0.000460205078125,0.180938720703125
0.1824951171875,0.00045635986328125,0.18292236328125
0.184478759765625,0.000452606201171875,0.18487548828125
0.18646240234375,0.0004488525390625,0.186859130859375
0.188446044921875,0.000445037841796875,0.18890380859375
0.1904296875,0.000441192626953125,0.190826416015625
0.192413330078125,0.00043743896484375,0.192840576171875
0.19439697265625,0.00043365478515625,0.194793701171875
0.196380615234375,0.00042987060546875,0.19683837890625
0.1983642578125,0.000425994873046875,0.19873046875
0.200347900390625,0.00042236328125,0.200775146484375
0.20233154296875,0.00041864013671875,0.202728271484375
0.204315185546875,0.000415008544921875,0.204681396484375
0.206298828125,0.00041131591796875,0.206634521484375
0.208282470703125,0.00040777587890625,0.20867919921875
0.21026611328125,0.000404296875,0.210693359375
0.212249755859375,0.00040069580078125,0.212646484375
0.2142333984375,0.00039727783203125,0.21466064453125
0.216217041015625,0.000393890380859375,0.216583251953125
0.21820068359375,0.000390625,0.21868896484375
0.220184326171875,0.0003873291015625,0.22064208984375
0.22216796875,0.0003839111328125,0.222564697265625
0.224151611328125,0.000380950927734375,0.224578857421875
0.22613525390625,0.0003778076171875,0.2265625
0.228118896484375,0.000374725341796875,0.228607177734375
0.2301025390625,0.000371795654296875,0.230499267578125
0.232086181640625,0.0003687744140625,0.232513427734375
0.23406982421875,0.00036578369140625,0.234466552734375
0.236053466796875,0.00036309814453125,0.236541748046875
0.238037109375,0.0003602294921875,0.238494873046875
0.240020751953125,0.000357513427734375,0.240478515625
0.24200439453125,0.000354766845703125,0.242462158203125
0.243988037109375,0.000352142333984375,0.244384765625
0.2459716796875,0.000349578857421875,0.246368408203125
0.247955322265625,0.0003470458984375,0.24835205078125
0.24993896484375,0.000344512939453125,0.250335693359375
0.251922607421875,0.000342010498046875,0.252410888671875
0.25390625,0.000339691162109375,0.2542724609375
0.255889892578125,0.0003372802734375,0.256317138671875
0.25787353515625,0.000335052490234375,0.258270263671875
0.259857177734375,0.00033282470703125,0.26031494140625
0.2618408203125,0.000330535888671875,0.26226806640625
0.263824462890625,0.000328277587890625,0.26422119140625
0.26580810546875,0.00032623291015625,0.26629638671875
0.267791748046875,0.0003240966796875,0.26824951171875
0.269775390625,0.00032208251953125,0.270172119140625
0.271759033203125,0.000320068359375,0.272186279296875
0.27374267578125,0.000318023681640625,0.27423095703125
0.275726318359375,0.00031591796875,0.276092529296875
0.2777099609375,0.000314056396484375,0.278167724609375
0.279693603515625,0.00031231689453125,0.280120849609375
0.28167724609375,0.000310302734375,0.282135009765625
0.283660888671875,0.00030859375,0.284088134765625
0.28564453125,0.000306793212890625,0.286041259765625
0.287628173828125,0.00030487060546875,0.288055419921875
0.28961181640625,0.00030322265625,0.290069580078125
0.291595458984375,0.000301513671875,0.292022705078125
0.2935791015625,0.0002998046875,0.294036865234375
0.295562744140625,0.000298126220703125,0.2960205078125
0.29754638671875,0.00029656982421875,0.297943115234375
0.299530029296875,0.000294921875,0.29998779296875
0.301513671875,0.000293365478515625,0.301971435546875
0.303497314453125,0.00029180908203125,0.303924560546875
0.30548095703125,0.000290252685546875,0.305877685546875
0.307464599609375,0.000288726806640625,0.30780029296875
0.3094482421875,0.000287322998046875,0.3099365234375
0.311431884765625,0.00028582763671875,0.311859130859375
0.31341552734375,0.000284332275390625,0.313873291015625
0.315399169921875,0.000282958984375,0.315887451171875
0.3173828125,0.000281646728515625,0.317779541015625
0.319366455078125,0.000280181884765625,0.31976318359375
0.32135009765625,0.00027880859375,0.321746826171875
0.323333740234375,0.000277496337890625,0.32379150390625
0.3253173828125,0.000276153564453125,0.325714111328125
0.327301025390625,0.0002747802734375,0.3277587890625
0.32928466796875,0.000273681640625,0.329742431640625
0.331268310546875,0.000272308349609375,0.331787109375
0.333251953125,0.000271087646484375,0.33367919921875
0.335235595703125,0.000269805908203125,0.335723876953125
0.33721923828125,0.00026861572265625,0.33770751953125
0.339202880859375,0.000267364501953125,0.33966064453125
0.3411865234375,0.000266204833984375,0.341644287109375
0.343170166015625,0.00026519775390625,0.343658447265625
0.34515380859375,0.000263916015625,0.3455810546875
0.347137451171875,0.000262725830078125,0.34759521484375
0.34912109375,0.0002615966796875,0.349609375
0.351104736328125,0.000260528564453125,0.3515625
0.35308837890625,0.00025946044921875,0.353607177734375
0.355072021484375,0.00025836181640625,0.35552978515625
0.3570556640625,0.00025726318359375,0.357513427734375
0.359039306640625,0.00025628662109375,0.35943603515625
0.36102294921875,0.000255126953125,0.361480712890625
0.363006591796875,0.000254119873046875,0.363494873046875
0.364990234375,0.000253082275390625,0.365447998046875
0.366973876953125,0.000252105712890625,0.367401123046875
0.36895751953125,0.000251129150390625,0.36944580078125
0.370941162109375,0.0002501220703125,0.371429443359375
0.3729248046875,0.0002491455078125,0.37335205078125
0.374908447265625,0.0002481689453125,0.37542724609375
0.37689208984375,0.000247161865234375,0.37744140625
0.378875732421875,0.000246246337890625,0.37933349609375
0.380859375,0.000245361328125,0.38140869140625
0.382843017578125,0.00024444580078125,0.38330078125
0.38482666015625,0.000243621826171875,0.385345458984375
0.386810302734375,0.00024261474609375,0.387359619140625
0.3887939453125,0.000241668701171875,0.3892822265625
0.390777587890625,0.000240875244140625,0.3912353515625
0.39276123046875,0.000239990234375,0.393341064453125
0.394744873046875,0.0002391357421875,0.395263671875
0.396728515625,0.000238433837890625,0.39727783203125
0.398712158203125,0.000237457275390625,0.399200439453125
0.40069580078125,0.00023663330078125,0.40118408203125
0.398712158203125,0.00023468017578125,0.399200439453125
0.396728515625,0.000233184814453125,0.397186279296875
0.394744873046875,0.000231903076171875,0.395233154296875
0.39276123046875,0.0002305908203125,0.393280029296875
0.390777587890625,0.000229461669921875,0.391265869140625
0.3887939453125,0.00022833251953125,0.38922119140625
0.386810302734375,0.000227203369140625,0.387298583984375
0.38482666015625,0.00022625732421875,0.385284423828125
0.382843017578125,0.00022509765625,0.38330078125
0.380859375,0.000224151611328125,0.381317138671875
0.378875732421875,0.000223114013671875,0.379302978515625
0.37689208984375,0.000222198486328125,0.377288818359375
0.374908447265625,0.000221343994140625,0.375335693359375
0.3729248046875,0.0002203369140625,0.373321533203125
0.370941162109375,0.000219512939453125,0.371368408203125
0.36895751953125,0.000218536376953125,0.369384765625
0.366973876953125,0.00021759033203125,0.367431640625
0.364990234375,0.000216796875,0.365325927734375
0.363006591796875,0.000216064453125,0.363433837890625
0.36102294921875,0.000215087890625,0.3614501953125
0.359039306640625,0.0002142333984375,0.359405517578125
0.3570556640625,0.000213409423828125,0.35748291015625
0.355072021484375,0.00021270751953125,0.35552978515625
0.35308837890625,0.000211761474609375,0.353485107421875
0.351104736328125,0.00021099853515625,0.3515625
0.34912109375,0.00021026611328125,0.3494873046875
0.347137451171875,0.00020941162109375,0.3475341796875
0.34515380859375,0.000208648681640625,0.3455810546875
0.343170166015625,0.000207855224609375,0.343536376953125
0.3411865234375,0.00020703125,0.3416748046875
0.339202880859375,0.0002064208984375,0.339599609375
0.33721923828125,0.000205718994140625,0.337615966796875
0.335235595703125,0.000204925537109375,0.33563232421875
0.333251953125,0.000204254150390625,0.33367919921875
0.331268310546875,0.0002034912109375,0.3316650390625
0.32928466796875,0.00020281982421875,0.329742431640625
0.327301025390625,0.00020208740234375,0.32769775390625
0.3253173828125,0.000201324462890625,0.32574462890625
0.323333740234375,0.00020062255859375,0.323760986328125
0.32135009765625,0.000199951171875,0.321746826171875
0.319366455078125,0.000199249267578125,0.319732666015625
0.3173828125,0.000198486328125,0.3177490234375
0.315399169921875,0.000197845458984375,0.31573486328125
0.31341552734375,0.000197235107421875,0.313812255859375
0.311431884765625,0.0001964111328125,0.311767578125
0.3094482421875,0.00019586181640625,0.309783935546875
0.307464599609375,0.00019512939453125,0.30780029296875
0.30548095703125,0.000194488525390625,0.305816650390625
0.303497314453125,0.000193878173828125,0.30389404296875
0.301513671875,0.00019317626953125,0.301849365234375
0.299530029296875,0.000192474365234375,0.299835205078125
0.29754638671875,0.00019183349609375,0.297882080078125
0.295562744140625,0.000191192626953125,0.2958984375
0.2935791015625,0.000190521240234375,0.293914794921875
0.291595458984375,0.000189971923828125,0.2918701171875
0.28961181640625,0.000189300537109375,0.2899169921875
0.287628173828125,0.000188629150390625,0.2879638671875
0.28564453125,0.000187957763671875,0.28594970703125
0.283660888671875,0.0001875,0.283966064453125
0.28167724609375,0.00018670654296875,0.282012939453125
0.279693603515625,0.0001861572265625,0.279998779296875
0.2777099609375,0.000185394287109375,0.278045654296875
0.275726318359375,0.00018475341796875,0.27606201171875
0.27374267578125,0.00018414306640625,0.27410888671875
0.271759033203125,0.00018353271484375,0.2720947265625
0.269775390625,0.000182830810546875,0.27008056640625
0.267791748046875,0.00018212890625,0.26806640625
0.26580810546875,0.0001815185546875,0.266082763671875
0.263824462890625,0.000180816650390625,0.26416015625
0.2618408203125,0.00018017578125,0.262115478515625
0.259857177734375,0.000179443359375,0.260223388671875
0.25787353515625,0.00017877197265625,0.25811767578125
0.255889892578125,0.000178070068359375,0.2562255859375
0.25390625,0.000177398681640625,0.254180908203125
0.251922607421875,0.000176727294921875,0.252197265625
0.24993896484375,0.000176025390625,0.250244140625
0.247955322265625,0.00017529296875,0.248260498046875
0.2459716796875,0.000174530029296875,0.246246337890625
0.243988037109375,0.000173828125,0.2442626953125
0.24200439453125,0.000173065185546875,0.2423095703125
0.240020751953125,0.000172332763671875,0.24029541015625
0.238037109375,0.0001715087890625,0.23828125
0.236053466796875,0.00017071533203125,0.236358642578125
0.23406982421875,0.000169952392578125,0.234344482421875
0.232086181640625,0.000169097900390625,0.23236083984375
0.2301025390625,0.000168304443359375,0.2303466796875
0.228118896484375,0.000167388916015625,0.228302001953125
0.22613525390625,0.00016650390625,0.2264404296875
0.224151611328125,0.000165679931640625,0.22442626953125
0.22216796875,0.00016473388671875,0.222442626953125
0.220184326171875,0.000163726806640625,0.220367431640625
0.21820068359375,0.000162841796875,0.218475341796875
0.216217041015625,0.000161834716796875,0.21649169921875
0.2142333984375,0.000160797119140625,0.214508056640625
0.212249755859375,0.000159698486328125,0.212493896484375
0.21026611328125,0.00015869140625,0.21051025390625
0.208282470703125,0.000157684326171875,0.208465576171875
0.206298828125,0.00015643310546875,0.206512451171875
0.204315185546875,0.000155181884765625,0.20458984375
0.20233154296875,0.00015399169921875,0.202545166015625
0.200347900390625,0.000152679443359375,0.2005615234375
0.1983642578125,0.000151458740234375,0.1986083984375
0.196380615234375,0.00015020751953125,0.19659423828125
0.19439697265625,0.00014862060546875,0.194610595703125
0.192413330078125,0.000147247314453125,0.19256591796875
0.1904296875,0.000145751953125,0.190643310546875
0.188446044921875,0.000144134521484375,0.1885986328125
0.18646240234375,0.000142608642578125,0.186676025390625
0.184478759765625,0.000140869140625,0.1846923828125
0.1824951171875,0.00013916015625,0.182647705078125
0.180511474609375,0.000137420654296875,0.180633544921875
0.17852783203125,0.00013568115234375,0.17877197265625
0.176544189453125,0.00013360595703125,0.176727294921875
0.174560546875,0.00013177490234375,0.17474365234375
0.172576904296875,0.0001297607421875,0.172698974609375
0.17059326171875,0.000127593994140625,0.1707763671875
0.168609619140625,0.00012548828125,0.168792724609375
0.1666259765625,0.000123291015625,0.166778564453125
0.164642333984375,0.00012103271484375,0.164825439453125
0.16265869140625,0.000118621826171875,0.16278076171875
0.160675048828125,0.000116241455078125,0.160858154296875
0.15869140625,0.000113616943359375,0.1588134765625
0.156707763671875,0.000111297607421875,0.156829833984375
0.15472412109375,0.000108551025390625,0.15484619140625
0.152740478515625,0.0001058349609375,0.15283203125
0.1507568359375,0.00010302734375,0.15093994140625
0.148773193359375,0.000100189208984375,0.148895263671875
0.14678955078125,9.7137451171875E-05,0.14691162109375
0.144805908203125,9.423828125E-05,0.144927978515625
0.142822265625,9.1217041015625E-05,0.14288330078125
0.140838623046875,8.807373046875E-05,0.14093017578125
0.13885498046875,8.4869384765625E-05,0.1390380859375
0.136871337890625,8.1451416015625E-05,0.136962890625
0.1348876953125,7.806396484375E-05,0.135009765625
0.132904052734375,7.4676513671875E-05,0.13299560546875
0.13092041015625,7.1075439453125E-05,0.131011962890625
0.128936767578125,6.7474365234375E-05,0.128997802734375
0.126953125,6.3873291015625E-05,0.1270751953125
0.124969482421875,6.024169921875E-05,0.1251220703125
0.12298583984375,5.6304931640625E-05,0.123077392578125
0.121002197265625,5.2520751953125E-05,0.12103271484375
0.1190185546875,4.8626708984375E-05,0.11907958984375
0.117034912109375,4.43817138671875E-05,0.117095947265625
0.11505126953125,4.0411376953125E-05,0.115142822265625
0.113067626953125,3.62579345703125E-05,0.11309814453125
0.111083984375,3.1939697265625E-05,0.111053466796875
0.109100341796875,2.77496337890625E-05,0.109344482421875
0.10711669921875,2.3358154296875E-05,0.10736083984375
0.105133056640625,1.89300537109375E-05,0.1053466796875
0.1031494140625,1.43524169921875E-05,0.103271484375
0.101165771484375,9.808349609375E-06,0.101226806640625
0.09918212890625,5.1025390625E-06,0.099151611328125
0.097198486328125,3.411865234375E-07,0.09716796875
0.09521484375,-4.3975830078125E-06,0.09515380859375
0.093231201171875,-9.2071533203125E-06,0.093048095703125
0.09124755859375,-1.40960693359375E-05,0.0911865234375
0.089263916015625,-1.9012451171875E-05,0.089111328125
0.0872802734375,-2.41302490234375E-05,0.087127685546875
0.085296630859375,-2.91595458984375E-05,0.08502197265625
0.08331298828125,-3.4228515625E-05,0.083099365234375
0.081329345703125,-3.95263671875E-05,0.08099365234375
0.079345703125,-4.46380615234375E-05,0.079071044921875
0.077362060546875,-5.01190185546875E-05,0.07696533203125
0.07537841796875,-5.55572509765625E-05,0.074920654296875
0.073394775390625,-6.0980224609375E-05,0.0728759765625
0.0714111328125,-6.65283203125E-05,0.071319580078125
0.069427490234375,-7.21435546875E-05,0.069366455078125
0.06744384765625,-7.763671875E-05,0.0672607421875
0.065460205078125,-8.3404541015625E-05,0.065399169921875
0.0634765625,-8.905029296875E-05,0.063323974609375
0.061492919921875,-9.490966796875E-05,0.061370849609375
0.05950927734375,-0.000100494384765625,0.059417724609375
0.057525634765625,-0.000106414794921875,0.057464599609375
0.0555419921875,-0.000112274169921875,0.055450439453125
0.053558349609375,-0.000118194580078125,0.053375244140625
0.05157470703125,-0.00012408447265625,0.0513916015625
0.049591064453125,-0.0001300048828125,0.04957275390625
0.047607421875,-0.0001361083984375,0.0475372314453125
0.045623779296875,-0.000142120361328125,0.045574951171875
0.04364013671875,-0.00014825439453125,0.043560791015625
0.041656494140625,-0.00015447998046875,0.0415924072265625
0.0396728515625,-0.0001605224609375,0.03963623046875
0.037689208984375,-0.000166748046875,0.0376708984375
0.03570556640625,-0.000172882080078125,0.0356536865234375
0.033721923828125,-0.00017926025390625,0.0336669921875
0.03173828125,-0.000185455322265625,0.031695556640625
0.029754638671875,-0.000191558837890625,0.029705810546875
0.02777099609375,-0.0001981201171875,0.0277191162109375
0.025787353515625,-0.000204315185546875,0.0257232666015625
0.0238037109375,-0.000210784912109375,0.0237579345703125
0.021820068359375,-0.000217041015625,0.02176513671875
0.01983642578125,-0.000223419189453125,0.019781494140625
0.017852783203125,-0.0002298583984375,0.0177886962890625
0.015869140625,-0.000236175537109375,0.0158111572265625
0.013885498046875,-0.000242523193359375,0.0138275146484375
0.01190185546875,-0.000248870849609375,0.0118377685546875
0.009918212890625,-0.000255340576171875,0.00986633300781251
0.0079345703125,-0.00026165771484375,0.0078765869140625
0.005950927734375,-0.00026806640625,0.00589599609374999
0.00396728515625,-0.000274505615234375,0.00388488769531251
0.001983642578125,-0.000280609130859375,0.00192871093749999
0,-0.0002869873046875,-6.103515625E-05
-0.001983642578125,-0.0002935791015625,-0.0020782470703125
-0.00396728515625,-0.000299835205078125,-0.004058837890625
-0.005950927734375,-0.00030621337890625,-0.00603637695312501
-0.0079345703125,-0.0003126220703125,-0.0080535888671875
-0.009918212890625,-0.000318634033203125,-0.010009765625
-0.01190185546875,-0.000324798583984375,-0.011993408203125
-0.013885498046875,-0.000331146240234375,-0.0139984130859375
-0.015869140625,-0.00033721923828125,-0.0159759521484375
-0.017852783203125,-0.000343353271484375,-0.0179595947265625
-0.01983642578125,-0.000349395751953125,-0.019970703125
-0.021820068359375,-0.000355438232421875,-0.021923828125
-0.0238037109375,-0.000361419677734375,-0.0239227294921875
-0.025787353515625,-0.00036749267578125,-0.02591552734375
-0.02777099609375,-0.00037335205078125,-0.027886962890625
-0.029754638671875,-0.000379302978515625,-0.0298553466796875
-0.03173828125,-0.000384979248046875,-0.0318603515625
-0.033721923828125,-0.000390594482421875,-0.03385009765625
-0.03570556640625,-0.000396331787109375,-0.0358551025390625
-0.037689208984375,-0.000401824951171875,-0.03779296875
-0.0396728515625,-0.000407562255859375,-0.0398284912109375
-0.041656494140625,-0.000412933349609375,-0.041796875
-0.04364013671875,-0.00041839599609375,-0.043792724609375
-0.045623779296875,-0.0004237060546875,-0.04576416015625
-0.047607421875,-0.00042889404296875,-0.04775390625
-0.049591064453125,-0.000434295654296875,-0.050079345703125
-0.05157470703125,-0.00043914794921875,-0.05206298828125
-0.053558349609375,-0.000444000244140625,-0.0540771484375
-0.0555419921875,-0.000449127197265625,-0.05609130859375
-0.057525634765625,-0.000453887939453125,-0.05810546875
-0.05950927734375,-0.00045849609375,-0.059967041015625
-0.061492919921875,-0.000463043212890625,-0.062042236328125
-0.0634765625,-0.000467529296875,-0.063995361328125
-0.065460205078125,-0.000471832275390625,-0.065948486328125
-0.06744384765625,-0.000476226806640625,-0.068023681640625
-0.069427490234375,-0.000480255126953125,-0.069976806640625
-0.0714111328125,-0.000484344482421875,-0.07196044921875
-0.073394775390625,-0.00048822021484375,-0.073944091796875
-0.07537841796875,-0.000491973876953125,-0.076019287109375
-0.077362060546875,-0.000495513916015625,-0.07794189453125
-0.079345703125,-0.00049908447265625,-0.079864501953125
-0.081329345703125,-0.00050238037109375,-0.081878662109375
-0.08331298828125,-0.0005057373046875,-0.083892822265625
-0.085296630859375,-0.00050872802734375,-0.085906982421875
-0.0872802734375,-0.00051177978515625,-0.087860107421875
-0.089263916015625,-0.000514556884765625,-0.08984375
-0.09124755859375,-0.000517303466796875,-0.0919189453125
-0.093231201171875,-0.000519775390625,-0.093841552734375
-0.09521484375,-0.00052197265625,-0.09576416015625
-0.097198486328125,-0.0005244140625,-0.09783935546875
-0.09918212890625,-0.0005264892578125,-0.099853515625
-0.101165771484375,-0.00052825927734375,-0.101837158203125
-0.1031494140625,-0.000530059814453125,-0.103729248046875
-0.105133056640625,-0.000531585693359375,-0.105804443359375
-0.10711669921875,-0.0005330810546875,-0.10772705078125
-0.109100341796875,-0.00053424072265625,-0.1097412109375
-0.111083984375,-0.00053533935546875,-0.111724853515625
-0.113067626953125,-0.000536224365234375,-0.11370849609375
-0.11505126953125,-0.0005367431640625,-0.115753173828125
-0.117034912109375,-0.000537261962890625,-0.11767578125
-0.1190185546875,-0.00053778076171875,-0.119659423828125
-0.121002197265625,-0.0005379638671875,-0.12164306640625
-0.12298583984375,-0.0005379638671875,-0.123626708984375
-0.124969482421875,-0.00053765869140625,-0.125579833984375
-0.126953125,-0.00053741455078125,-0.127593994140625
-0.128936767578125,-0.000536773681640625,-0.129608154296875
-0.13092041015625,-0.0005360107421875,-0.131561279296875
-0.132904052734375,-0.0005352783203125,-0.133575439453125
-0.1348876953125,-0.000534027099609375,-0.13555908203125
-0.136871337890625,-0.000532745361328125,-0.137542724609375
-0.13885498046875,-0.000531341552734375,-0.139495849609375
-0.140838623046875,-0.000529632568359375,-0.141510009765625
-0.142822265625,-0.000527801513671875,-0.1434326171875
-0.144805908203125,-0.000525848388671875,-0.145477294921875
-0.14678955078125,-0.00052374267578125,-0.147430419921875
-0.148773193359375,-0.000521484375,-0.149383544921875
-0.1507568359375,-0.0005189208984375,-0.151458740234375
-0.152740478515625,-0.000516387939453125,-0.1534423828125
-0.15472412109375,-0.000513427734375,-0.15545654296875
-0.156707763671875,-0.000510528564453125,-0.1573486328125
-0.15869140625,-0.000507476806640625,-0.159271240234375
-0.160675048828125,-0.000504241943359375,-0.16131591796875
-0.16265869140625,-0.0005009765625,-0.16339111328125
-0.164642333984375,-0.00049749755859375,-0.165374755859375
-0.1666259765625,-0.000493865966796875,-0.167266845703125
-0.168609619140625,-0.000490203857421875,-0.169281005859375
-0.17059326171875,-0.000486480712890625,-0.1712646484375
-0.172576904296875,-0.0004825439453125,-0.1732177734375
-0.174560546875,-0.000478729248046875,-0.175201416015625
-0.176544189453125,-0.000474609375,-0.17718505859375
-0.17852783203125,-0.000470489501953125,-0.17913818359375
-0.180511474609375,-0.000466400146484375,-0.18121337890625
-0.1824951171875,-0.000462188720703125,-0.183074951171875
-0.184478759765625,-0.0004578857421875,-0.185150146484375
-0.18646240234375,-0.000453704833984375,-0.18707275390625
-0.188446044921875,-0.00044952392578125,-0.189117431640625
-0.1904296875,-0.0004453125,-0.191070556640625
-0.192413330078125,-0.0004410400390625,-0.193023681640625
-0.19439697265625,-0.000436614990234375,-0.195037841796875
-0.196380615234375,-0.0004326171875,-0.196990966796875
-0.1983642578125,-0.000428497314453125,-0.1990966796875
-0.200347900390625,-0.00042431640625,-0.20098876953125
-0.20233154296875,-0.000420196533203125,-0.202911376953125
-0.204315185546875,-0.000416229248046875,-0.204986572265625
-0.206298828125,-0.000412261962890625,-0.206939697265625
-0.208282470703125,-0.000408172607421875,-0.208831787109375
-0.21026611328125,-0.00040435791015625,-0.210968017578125
-0.212249755859375,-0.000400634765625,-0.212890625
-0.2142333984375,-0.0003968505859375,-0.214874267578125
-0.216217041015625,-0.0003931884765625,-0.21685791015625
-0.21820068359375,-0.000389556884765625,-0.2188720703125
-0.220184326171875,-0.00038592529296875,-0.22076416015625
-0.22216796875,-0.000382476806640625,-0.222747802734375
-0.224151611328125,-0.000379058837890625,-0.224853515625
-0.22613525390625,-0.00037567138671875,-0.22674560546875
-0.228118896484375,-0.000372344970703125,-0.22869873046875
-0.2301025390625,-0.000369293212890625,-0.230743408203125
-0.232086181640625,-0.000366119384765625,-0.232666015625
-0.23406982421875,-0.000363006591796875,-0.234619140625
-0.236053466796875,-0.000360015869140625,-0.236663818359375
-0.238037109375,-0.00035711669921875,-0.2386474609375
-0.240020751953125,-0.00035418701171875,-0.240631103515625
-0.24200439453125,-0.000351348876953125,-0.24261474609375
-0.243988037109375,-0.000348541259765625,-0.244659423828125
-0.2459716796875,-0.000345916748046875,-0.246551513671875
-0.247955322265625,-0.00034320068359375,-0.248626708984375
-0.24993896484375,-0.000340545654296875,-0.25054931640625
-0.251922607421875,-0.000338043212890625,-0.252532958984375
-0.25390625,-0.000335601806640625,-0.2545166015625
-0.255889892578125,-0.000333099365234375,-0.256561279296875
-0.25787353515625,-0.000330780029296875,-0.258544921875
-0.259857177734375,-0.000328338623046875,-0.260498046875
-0.2618408203125,-0.000326019287109375,-0.262481689453125
-0.263824462890625,-0.000323699951171875,-0.264495849609375
-0.26580810546875,-0.000321563720703125,-0.266387939453125
-0.267791748046875,-0.000319305419921875,-0.268463134765625
-0.269775390625,-0.00031719970703125,-0.2703857421875
-0.271759033203125,-0.000315093994140625,-0.272369384765625
-0.27374267578125,-0.0003131103515625,-0.274383544921875
-0.275726318359375,-0.000311004638671875,-0.2763671875
-0.2777099609375,-0.000308929443359375,-0.27838134765625
-0.279693603515625,-0.00030706787109375,-0.28033447265625
-0.28167724609375,-0.00030523681640625,-0.2823486328125
-0.283660888671875,-0.00030328369140625,-0.2843017578125
-0.28564453125,-0.0003013916015625,-0.28631591796875
-0.287628173828125,-0.000299713134765625,-0.288299560546875
-0.28961181640625,-0.000297882080078125,-0.290191650390625
-0.291595458984375,-0.0002960205078125,-0.292266845703125
-0.2935791015625,-0.000294281005859375,-0.294158935546875
-0.295562744140625,-0.00029266357421875,-0.296234130859375
-0.29754638671875,-0.00029095458984375,-0.29815673828125
-0.299530029296875,-0.0002894287109375,-0.300140380859375
-0.301513671875,-0.0002877197265625,-0.30218505859375
-0.303497314453125,-0.000286041259765625,-0.304107666015625
-0.30548095703125,-0.00028448486328125,-0.30609130859375
-0.307464599609375,-0.00028302001953125,-0.308135986328125
-0.3094482421875,-0.000281494140625,-0.31005859375
-0.311431884765625,-0.00027996826171875,-0.31201171875
-0.31341552734375,-0.00027850341796875,-0.31402587890625
-0.315399169921875,-0.000277099609375,-0.316070556640625
-0.3173828125,-0.000275665283203125,-0.318084716796875
-0.319366455078125,-0.00027423095703125,-0.32000732421875
-0.32135009765625,-0.00027276611328125,-0.321990966796875
-0.323333740234375,-0.000271575927734375,-0.323944091796875
-0.3253173828125,-0.0002701416015625,-0.325927734375
-0.327301025390625,-0.00026873779296875,-0.3280029296875
-0.32928466796875,-0.0002674560546875,-0.3299560546875
-0.331268310546875,-0.00026617431640625,-0.331939697265625
-0.333251953125,-0.00026483154296875,-0.333892822265625
-0.335235595703125,-0.000263671875,-0.335906982421875
-0.33721923828125,-0.000262420654296875,-0.337890625
-0.339202880859375,-0.000261199951171875,-0.339935302734375
-0.3411865234375,-0.00025994873046875,-0.341888427734375
-0.343170166015625,-0.000258758544921875,-0.343780517578125
-0.34515380859375,-0.000257568359375,-0.345794677734375
-0.347137451171875,-0.000256500244140625,-0.347869873046875
-0.34912109375,-0.000255279541015625,-0.349822998046875
-0.351104736328125,-0.000254119873046875,-0.351806640625
-0.35308837890625,-0.0002530517578125,-0.353759765625
-0.355072021484375,-0.00025189208984375,-0.355743408203125
-0.3570556640625,-0.000250885009765625,-0.357696533203125
-0.359039306640625,-0.000249725341796875,-0.3597412109375
-0.36102294921875,-0.000248687744140625,-0.36175537109375
-0.363006591796875,-0.000247589111328125,-0.36370849609375
-0.364990234375,-0.0002467041015625,-0.36566162109375
-0.366973876953125,-0.00024560546875,-0.36767578125
-0.36895751953125,-0.00024456787109375,-0.36962890625
-0.370941162109375,-0.00024359130859375,-0.37164306640625
-0.3729248046875,-0.0002425537109375,-0.37359619140625
-0.374908447265625,-0.000241668701171875,-0.375518798828125
-0.37689208984375,-0.000240631103515625,-0.37762451171875
-0.378875732421875,-0.000239715576171875,-0.3795166015625
-0.380859375,-0.000238739013671875,-0.381591796875
-0.382843017578125,-0.000237762451171875,-0.38360595703125
-0.38482666015625,-0.00023681640625,-0.385528564453125
-0.386810302734375,-0.000235992431640625,-0.387481689453125
-0.3887939453125,-0.000235076904296875,-0.389434814453125
-0.390777587890625,-0.000234222412109375,-0.391448974609375
-0.39276123046875,-0.00023333740234375,-0.3934326171875
-0.394744873046875,-0.000232391357421875,-0.39544677734375
-0.396728515625,-0.00023162841796875,-0.3974609375
-0.398712158203125,-0.000230743408203125,-0.3994140625
-0.40069580078125,-0.000229827880859375,-0.40142822265625
-0.398712158203125,-0.000228271484375,-0.399383544921875
-0.396728515625,-0.0002269287109375,-0.39739990234375
-0.394744873046875,-0.000225799560546875,-0.3955078125
-0.39276123046875,-0.000224700927734375,-0.393463134765625
-0.390777587890625,-0.000223602294921875,-0.391510009765625
-0.3887939453125,-0.000222686767578125,-0.38946533203125
-0.386810302734375,-0.00022161865234375,-0.387481689453125
-0.38482666015625,-0.0002205810546875,-0.385467529296875
-0.382843017578125,-0.000219696044921875,-0.383544921875
-0.380859375,-0.000218780517578125,-0.381500244140625
-0.378875732421875,-0.000217926025390625,-0.379608154296875
-0.37689208984375,-0.000216949462890625,-0.3775634765625
-0.374908447265625,-0.000216156005859375,-0.375579833984375
-0.3729248046875,-0.00021533203125,-0.37347412109375
-0.370941162109375,-0.000214447021484375,-0.37152099609375
-0.36895751953125,-0.000213653564453125,-0.369659423828125
-0.366973876953125,-0.000212615966796875,-0.367645263671875
-0.364990234375,-0.00021209716796875,-0.365570068359375
-0.363006591796875,-0.000211212158203125,-0.363677978515625
-0.36102294921875,-0.000210418701171875,-0.361663818359375
-0.359039306640625,-0.000209625244140625,-0.35968017578125
-0.3570556640625,-0.000208740234375,-0.35772705078125
-0.355072021484375,-0.00020806884765625,-0.355743408203125
-0.35308837890625,-0.00020733642578125,-0.353759765625
-0.351104736328125,-0.00020654296875,-0.3516845703125
-0.34912109375,-0.000205810546875,-0.3497314453125
-0.347137451171875,-0.000205169677734375,-0.347686767578125
-0.34515380859375,-0.00020440673828125,-0.345733642578125
-0.343170166015625,-0.000203704833984375,-0.343780517578125
-0.3411865234375,-0.00020294189453125,-0.341796875
-0.339202880859375,-0.0002022705078125,-0.339813232421875
-0.33721923828125,-0.000201568603515625,-0.33782958984375
-0.335235595703125,-0.00020086669921875,-0.335845947265625
-0.333251953125,-0.00020013427734375,-0.333831787109375
-0.331268310546875,-0.000199462890625,-0.3319091796875
-0.32928466796875,-0.000198699951171875,-0.329833984375
-0.327301025390625,-0.000198028564453125,-0.32794189453125
-0.3253173828125,-0.000197418212890625,-0.325897216796875
-0.323333740234375,-0.000196807861328125,-0.32391357421875
-0.32135009765625,-0.00019610595703125,-0.321868896484375
-0.319366455078125,-0.000195465087890625,-0.319976806640625
-0.3173828125,-0.000194732666015625,-0.318023681640625
-0.315399169921875,-0.00019403076171875,-0.31597900390625
-0.31341552734375,-0.000193450927734375,-0.31396484375
-0.311431884765625,-0.000192779541015625,-0.31207275390625
-0.3094482421875,-0.000192169189453125,-0.31005859375
-0.307464599609375,-0.0001915283203125,-0.30804443359375
-0.30548095703125,-0.000191009521484375,-0.3060302734375
-0.303497314453125,-0.000190277099609375,-0.3040771484375
-0.301513671875,-0.000189544677734375,-0.3021240234375
-0.299530029296875,-0.0001890869140625,-0.300048828125
-0.29754638671875,-0.0001883544921875,-0.298065185546875
-0.295562744140625,-0.000187835693359375,-0.296112060546875
-0.2935791015625,-0.000187255859375,-0.294158935546875
-0.291595458984375,-0.000186614990234375,-0.29217529296875
-0.28961181640625,-0.000186004638671875,-0.2901611328125
-0.287628173828125,-0.000185394287109375,-0.28814697265625
-0.28564453125,-0.000184783935546875,-0.28619384765625
-0.283660888671875,-0.000184173583984375,-0.284210205078125
-0.28167724609375,-0.000183563232421875,-0.2822265625
-0.279693603515625,-0.000183013916015625,-0.280303955078125
-0.2777099609375,-0.000182373046875,-0.27825927734375
-0.275726318359375,-0.00018182373046875,-0.276275634765625
-0.27374267578125,-0.00018121337890625,-0.274322509765625
-0.271759033203125,-0.0001805419921875,-0.272308349609375
-0.269775390625,-0.0001800537109375,-0.270294189453125
-0.267791748046875,-0.000179443359375,-0.268341064453125
-0.26580810546875,-0.00017889404296875,-0.266357421875
-0.263824462890625,-0.00017828369140625,-0.264312744140625
-0.2618408203125,-0.00017767333984375,-0.262420654296875
-0.259857177734375,-0.000177093505859375,-0.260406494140625
-0.25787353515625,-0.000176544189453125,-0.258392333984375
-0.255889892578125,-0.00017596435546875,-0.25640869140625
-0.25390625,-0.000175262451171875,-0.254425048828125
-0.251922607421875,-0.000174774169921875,-0.252410888671875
-0.24993896484375,-0.000174041748046875,-0.25042724609375
-0.247955322265625,-0.00017333984375,-0.24847412109375
-0.2459716796875,-0.0001728515625,-0.246490478515625
-0.243988037109375,-0.00017218017578125,-0.244476318359375
-0.24200439453125,-0.00017144775390625,-0.24249267578125
-0.240020751953125,-0.000170928955078125,-0.240478515625
-0.238037109375,-0.000170318603515625,-0.238525390625
-0.236053466796875,-0.000169647216796875,-0.236572265625
-0.23406982421875,-0.0001688232421875,-0.23455810546875
-0.232086181640625,-0.00016815185546875,-0.23260498046875
-0.2301025390625,-0.000167572021484375,-0.2305908203125
-0.228118896484375,-0.00016680908203125,-0.22857666015625
-0.22613525390625,-0.000165985107421875,-0.226593017578125
-0.224151611328125,-0.00016534423828125,-0.224609375
-0.22216796875,-0.00016461181640625,-0.222625732421875
-0.220184326171875,-0.000163818359375,-0.220672607421875
-0.21820068359375,-0.000162994384765625,-0.218658447265625
-0.216217041015625,-0.000162109375,-0.216644287109375
-0.2142333984375,-0.000161376953125,-0.21466064453125
-0.212249755859375,-0.000160430908203125,-0.21270751953125
-0.21026611328125,-0.0001595458984375,-0.210723876953125
-0.208282470703125,-0.000158599853515625,-0.208770751953125
-0.206298828125,-0.00015765380859375,-0.206787109375
-0.204315185546875,-0.000156707763671875,-0.2047119140625
-0.20233154296875,-0.0001556396484375,-0.20281982421875
-0.200347900390625,-0.0001546630859375,-0.200775146484375
-0.1983642578125,-0.000153564453125,-0.198822021484375
-0.196380615234375,-0.00015240478515625,-0.19677734375
-0.19439697265625,-0.000151092529296875,-0.194854736328125
-0.192413330078125,-0.00015008544921875,-0.192840576171875
-0.1904296875,-0.000148712158203125,-0.190826416015625
-0.188446044921875,-0.000147369384765625,-0.188873291015625
-0.18646240234375,-0.000146087646484375,-0.1868896484375
-0.184478759765625,-0.00014453125,-0.1849365234375
-0.1824951171875,-0.000143218994140625,-0.182861328125
-0.180511474609375,-0.000141754150390625,-0.180938720703125
-0.17852783203125,-0.000140106201171875,-0.178924560546875
-0.176544189453125,-0.000138458251953125,-0.176971435546875
-0.174560546875,-0.000136749267578125,-0.1749267578125
-0.172576904296875,-0.000135009765625,-0.1729736328125
-0.17059326171875,-0.000133148193359375,-0.170989990234375
-0.168609619140625,-0.00013140869140625,-0.169036865234375
-0.1666259765625,-0.00012933349609375,-0.167083740234375
-0.164642333984375,-0.000127227783203125,-0.165008544921875
-0.16265869140625,-0.000125213623046875,-0.16302490234375
-0.160675048828125,-0.000123046875,-0.161041259765625
-0.15869140625,-0.000120758056640625,-0.1590576171875
-0.156707763671875,-0.000118438720703125,-0.157073974609375
-0.15472412109375,-0.000115997314453125,-0.155120849609375
-0.152740478515625,-0.0001136474609375,-0.153076171875
-0.1507568359375,-0.00011090087890625,-0.151153564453125
-0.148773193359375,-0.00010833740234375,-0.149200439453125
-0.14678955078125,-0.000105712890625,-0.147186279296875
-0.144805908203125,-0.000102783203125,-0.1451416015625
-0.142822265625,-9.9853515625E-05,-0.143157958984375
-0.140838623046875,-9.6923828125E-05,-0.14117431640625
-0.13885498046875,-9.3994140625E-05,-0.13916015625
-0.136871337890625,-9.0728759765625E-05,-0.137115478515625
-0.1348876953125,-8.758544921875E-05,-0.135162353515625
-0.132904052734375,-8.4197998046875E-05,-0.13323974609375
-0.13092041015625,-8.0718994140625E-05,-0.13116455078125
-0.128936767578125,-7.7301025390625E-05,-0.12921142578125
-0.126953125,-7.38525390625E-05,-0.127288818359375
-0.124969482421875,-7.012939453125E-05,-0.12530517578125
-0.12298583984375,-6.6436767578125E-05,-0.123321533203125
-0.121002197265625,-6.2652587890625E-05,-0.121337890625
-0.1190185546875,-5.8807373046875E-05,-0.1192626953125
-0.117034912109375,-5.4718017578125E-05,-0.117340087890625
-0.11505126953125,-5.06591796875E-05,-0.115264892578125
-0.113067626953125,-4.669189453125E-05,-0.113311767578125
-0.111083984375,-4.25689697265625E-05,-0.111358642578125
-0.109100341796875,-3.814697265625E-05,-0.109344482421875
-0.10711669921875,-3.385009765625E-05,-0.10736083984375
-0.105133056640625,-2.94403076171875E-05,-0.10546875
-0.1031494140625,-2.479248046875E-05,-0.10357666015625
-0.101165771484375,-2.01385498046875E-05,-0.1015625
-0.09918212890625,-1.56005859375E-05,-0.099517822265625
-0.097198486328125,-1.08734130859375E-05,-0.09747314453125
-0.09521484375,-6.048583984375E-06,-0.095458984375
-0.093231201171875,-1.1553955078125E-06,-0.093414306640625
-0.09124755859375,3.74176025390625E-06,-0.091400146484375
-0.089263916015625,8.758544921875E-06,-0.089385986328125
-0.0872802734375,1.3702392578125E-05,-0.087371826171875
-0.085296630859375,1.87835693359375E-05,-0.085357666015625
-0.08331298828125,2.40325927734375E-05,-0.083343505859375
-0.081329345703125,2.9351806640625E-05,-0.081298828125
-0.079345703125,3.45977783203125E-05,-0.079254150390625
-0.077362060546875,3.99566650390625E-05,-0.07733154296875
-0.07537841796875,4.5294189453125E-05,-0.075225830078125
-0.073394775390625,5.08087158203125E-05,-0.07318115234375
-0.0714111328125,5.628662109375E-05,-0.071136474609375
-0.069427490234375,6.19171142578125E-05,-0.069183349609375
-0.06744384765625,6.7626953125E-05,-0.067626953125
-0.065460205078125,7.318115234375E-05,-0.065582275390625
-0.0634765625,7.9132080078125E-05,-0.0635986328125
-0.061492919921875,8.477783203125E-05,-0.061553955078125
-0.05950927734375,9.075927734375E-05,-0.059661865234375
-0.057525634765625,9.65576171875E-05,-0.05767822265625
-0.0555419921875,0.000102386474609375,-0.055694580078125
-0.053558349609375,0.00010845947265625,-0.053680419921875
-0.05157470703125,0.00011456298828125,-0.051666259765625
-0.049591064453125,0.00012042236328125,-0.0497222900390625
-0.047607421875,0.000126617431640625,-0.047711181640625
-0.045623779296875,0.00013275146484375,-0.0457611083984375
-0.04364013671875,0.0001387939453125,-0.04378662109375
-0.041656494140625,0.00014501953125,-0.041778564453125
-0.0396728515625,0.00015130615234375,-0.0398101806640625
-0.037689208984375,0.000157806396484375,-0.0377777099609375
-0.03570556640625,0.000163848876953125,-0.0358123779296875
-0.033721923828125,0.0001702880859375,-0.0338165283203125
-0.03173828125,0.000176483154296875,-0.0318267822265625
-0.029754638671875,0.000182830810546875,-0.0298248291015625
-0.02777099609375,0.000189178466796875,-0.02786865234375
-0.025787353515625,0.00019561767578125,-0.025872802734375
-0.0238037109375,0.000201995849609375,-0.0238983154296875
-0.021820068359375,0.000208343505859375,-0.0219085693359375
-0.01983642578125,0.0002147216796875,-0.019915771484375
-0.017852783203125,0.000221160888671875,-0.017926025390625
-0.015869140625,0.000227569580078125,-0.01595458984375
-0.013885498046875,0.000233978271484375,-0.0139678955078125
-0.01190185546875,0.000240447998046875,-0.011962890625
-0.009918212890625,0.000246795654296875,-0.00997009277343749
-0.0079345703125,0.0002532958984375,-0.0079986572265625
-0.005950927734375,0.0002596435546875,-0.00602111816406251
-0.00396728515625,0.000266021728515625,-0.00401611328125
-0.001983642578125,0.0002723388671875,-0.002032470703125
0,0.00027911376953125,-2.74658203125028E-05
0.001983642578125,0.0002855224609375,0.00197448730468749
0.00396728515625,0.000291473388671875,0.00392761230468749
0.005950927734375,0.000297882080078125,0.00591430664062501
0.0079345703125,0.000304107666015625,0.007891845703125
0.009918212890625,0.000310272216796875,0.00988159179687501
0.01190185546875,0.000316680908203125,0.0118560791015625
0.013885498046875,0.000322662353515625,0.0138580322265625
0.015869140625,0.000328887939453125,0.015838623046875
0.017852783203125,0.000335052490234375,0.01783447265625
0.01983642578125,0.000341094970703125,0.019793701171875
0.021820068359375,0.00034710693359375,0.0217803955078125
0.0238037109375,0.000353240966796875,0.023773193359375
0.025787353515625,0.00035906982421875,0.02576904296875
0.02777099609375,0.00036492919921875,0.0277618408203125
0.029754638671875,0.000370758056640625,0.0297271728515625
0.03173828125,0.00037652587890625,0.031707763671875
0.033721923828125,0.000382232666015625,0.0336944580078125
0.03570556640625,0.000387939453125,0.03570556640625
0.037689208984375,0.000393463134765625,0.0376708984375
0.0396728515625,0.000398895263671875,0.039666748046875
0.041656494140625,0.000404144287109375,0.0416168212890625
0.04364013671875,0.0004095458984375,0.043621826171875
0.045623779296875,0.000414886474609375,0.04560546875
0.047607421875,0.0004200439453125,0.047576904296875
0.049591064453125,0.000425323486328125,0.04986572265625
0.05157470703125,0.000430328369140625,0.05181884765625
0.053558349609375,0.0004351806640625,0.053802490234375
0.0555419921875,0.000440093994140625,0.05584716796875
0.057525634765625,0.000444793701171875,0.057830810546875
0.05950927734375,0.000449249267578125,0.059814453125
0.061492919921875,0.000453826904296875,0.061737060546875
0.0634765625,0.00045831298828125,0.06378173828125
0.065460205078125,0.000462677001953125,0.065826416015625
0.06744384765625,0.000466766357421875,0.067779541015625
0.069427490234375,0.000470977783203125,0.069793701171875
0.0714111328125,0.00047491455078125,0.071746826171875
0.073394775390625,0.000478790283203125,0.07373046875
0.07537841796875,0.000482513427734375,0.0758056640625
0.077362060546875,0.000486053466796875,0.077728271484375
0.079345703125,0.0004896240234375,0.079742431640625
0.081329345703125,0.000492706298828125,0.08172607421875
0.08331298828125,0.00049591064453125,0.08367919921875
0.085296630859375,0.0004990234375,0.085601806640625
0.0872802734375,0.00050189208984375,0.087677001953125
0.089263916015625,0.000504669189453125,0.089599609375
0.09124755859375,0.000507232666015625,0.091583251953125
0.093231201171875,0.0005096435546875,0.093597412109375
0.09521484375,0.00051202392578125,0.095611572265625
0.097198486328125,0.00051409912109375,0.097564697265625
0.09918212890625,0.00051611328125,0.099578857421875
0.101165771484375,0.000517913818359375,0.101593017578125
0.1031494140625,0.000519500732421875,0.103515625
0.105133056640625,0.00052099609375,0.105560302734375
0.10711669921875,0.000522491455078125,0.107513427734375
0.109100341796875,0.0005235595703125,0.1094970703125
0.111083984375,0.000524505615234375,0.11151123046875
0.113067626953125,0.000525299072265625,0.11346435546875
0.11505126953125,0.000526092529296875,0.11541748046875
0.117034912109375,0.0005264892578125,0.11749267578125
0.1190185546875,0.000526947021484375,0.119415283203125
0.121002197265625,0.000526763916015625,0.1214599609375
0.12298583984375,0.0005267333984375,0.1234130859375
0.124969482421875,0.00052667236328125,0.125396728515625
0.126953125,0.00052618408203125,0.12738037109375
0.128936767578125,0.00052569580078125,0.12939453125
0.13092041015625,0.0005250244140625,0.131378173828125
0.132904052734375,0.000524139404296875,0.13336181640625
0.1348876953125,0.00052294921875,0.135284423828125
0.136871337890625,0.000521820068359375,0.137298583984375
0.13885498046875,0.000520355224609375,0.13934326171875
0.140838623046875,0.000518707275390625,0.141265869140625
0.142822265625,0.000517120361328125,0.143280029296875
0.144805908203125,0.000515106201171875,0.145233154296875
0.14678955078125,0.00051312255859375,0.147247314453125
0.148773193359375,0.00051104736328125,0.14923095703125
0.1507568359375,0.0005086669921875,0.15118408203125
0.152740478515625,0.000506134033203125,0.153167724609375
0.15472412109375,0.000503631591796875,0.1551513671875
0.156707763671875,0.000500946044921875,0.157135009765625
0.15869140625,0.0004979248046875,0.15911865234375
0.160675048828125,0.00049505615234375,0.161102294921875
0.16265869140625,0.000491943359375,0.16302490234375
0.164642333984375,0.000488739013671875,0.165069580078125
0.1666259765625,0.00048553466796875,0.16705322265625
0.168609619140625,0.000482147216796875,0.169036865234375
0.17059326171875,0.000478759765625,0.170989990234375
0.172576904296875,0.000475250244140625,0.17303466796875
0.174560546875,0.000471649169921875,0.174957275390625
0.176544189453125,0.00046795654296875,0.17694091796875
0.17852783203125,0.000464324951171875,0.17901611328125
0.180511474609375,0.000460662841796875,0.180938720703125
0.1824951171875,0.0004569091796875,0.182891845703125
0.184478759765625,0.000453033447265625,0.184906005859375
0.18646240234375,0.000449249267578125,0.186859130859375
0.188446044921875,0.00044549560546875,0.18890380859375
0.1904296875,0.0004417724609375,0.19085693359375
0.192413330078125,0.000437896728515625,0.19281005859375
0.19439697265625,0.000433929443359375,0.194793701171875
0.196380615234375,0.000430328369140625,0.196807861328125
0.1983642578125,0.00042657470703125,0.198760986328125
0.200347900390625,0.0004227294921875,0.200775146484375
0.20233154296875,0.00041900634765625,0.202789306640625
0.204315185546875,0.000415374755859375,0.2047119140625
0.206298828125,0.00041168212890625,0.206787109375
0.208282470703125,0.000408233642578125,0.208740234375
0.21026611328125,0.0004046630859375,0.210693359375
0.212249755859375,0.000401123046875,0.212615966796875
0.2142333984375,0.00039776611328125,0.214599609375
0.216217041015625,0.00039434814453125,0.216644287109375
0.21820068359375,0.00039093017578125,0.2186279296875
0.220184326171875,0.00038763427734375,0.220611572265625
0.22216796875,0.00038446044921875,0.2225341796875
0.224151611328125,0.000381317138671875,0.22454833984375
0.22613525390625,0.00037811279296875,0.226531982421875
0.228118896484375,0.0003751220703125,0.228515625
0.2301025390625,0.000372100830078125,0.23052978515625
0.232086181640625,0.000369110107421875,0.232513427734375
0.23406982421875,0.00036627197265625,0.234466552734375
0.236053466796875,0.0003634033203125,0.236480712890625
0.238037109375,0.000360565185546875,0.238433837890625
0.240020751953125,0.000358001708984375,0.240478515625
0.24200439453125,0.000355224609375,0.242431640625
0.243988037109375,0.000352569580078125,0.244415283203125
0.2459716796875,0.0003499755859375,0.24639892578125
0.247955322265625,0.00034735107421875,0.24835205078125
0.24993896484375,0.000344940185546875,0.250335693359375
0.251922607421875,0.000342498779296875,0.2523193359375
0.25390625,0.000340179443359375,0.254425048828125
0.255889892578125,0.000337677001953125,0.256317138671875
0.25787353515625,0.000335418701171875,0.258331298828125
0.259857177734375,0.000333221435546875,0.26031494140625
0.2618408203125,0.000330841064453125,0.26226806640625
0.263824462890625,0.0003287353515625,0.264251708984375
0.26580810546875,0.000326568603515625,0.26617431640625
0.267791748046875,0.000324493408203125,0.268218994140625
0.269775390625,0.000322418212890625,0.270172119140625
0.271759033203125,0.000320465087890625,0.27215576171875
0.27374267578125,0.000318511962890625,0.274169921875
0.275726318359375,0.00031646728515625,0.27618408203125
0.2777099609375,0.000314453125,0.278076171875
0.279693603515625,0.0003126220703125,0.280120849609375
0.28167724609375,0.000310882568359375,0.282073974609375
0.283660888671875,0.0003089599609375,0.284027099609375
0.28564453125,0.000307098388671875,0.28607177734375
0.287628173828125,0.0003052978515625,0.28802490234375
0.28961181640625,0.0003035888671875,0.290069580078125
0.291595458984375,0.0003018798828125,0.29205322265625
0.2935791015625,0.000300262451171875,0.29400634765625
0.295562744140625,0.000298583984375,0.2960205078125
0.29754638671875,0.00029693603515625,0.2979736328125
0.299530029296875,0.00029534912109375,0.299957275390625
0.301513671875,0.00029376220703125,0.301971435546875
0.303497314453125,0.000292144775390625,0.303955078125
0.30548095703125,0.000290618896484375,0.305938720703125
0.307464599609375,0.00028912353515625,0.307861328125
0.3094482421875,0.000287628173828125,0.30987548828125
0.311431884765625,0.000286285400390625,0.31195068359375
0.31341552734375,0.00028472900390625,0.3138427734375
0.315399169921875,0.000283447265625,0.315887451171875
0.3173828125,0.000281982421875,0.31781005859375
0.319366455078125,0.00028057861328125,0.31982421875
0.32135009765625,0.000279266357421875,0.321807861328125
0.323333740234375,0.00027789306640625,0.323760986328125
0.3253173828125,0.000276580810546875,0.3258056640625
0.327301025390625,0.00027532958984375,0.3277587890625
0.32928466796875,0.00027398681640625,0.3297119140625
0.331268310546875,0.00027264404296875,0.331695556640625
0.333251953125,0.000271514892578125,0.333740234375
0.335235595703125,0.000270233154296875,0.335662841796875
0.33721923828125,0.00026904296875,0.337646484375
0.339202880859375,0.000267791748046875,0.33966064453125
0.3411865234375,0.000266571044921875,0.341705322265625
0.343170166015625,0.000265533447265625,0.343597412109375
0.34515380859375,0.0002642822265625,0.345611572265625
0.347137451171875,0.00026318359375,0.347564697265625
0.34912109375,0.000261962890625,0.349609375
0.351104736328125,0.000260986328125,0.3515625
0.35308837890625,0.000259796142578125,0.353546142578125
0.355072021484375,0.000258758544921875,0.35552978515625
0.3570556640625,0.00025775146484375,0.357513427734375
0.359039306640625,0.00025665283203125,0.359527587890625
0.36102294921875,0.000255584716796875,0.361480712890625
0.363006591796875,0.000254547119140625,0.36346435546875
0.364990234375,0.000253570556640625,0.365509033203125
0.366973876953125,0.00025250244140625,0.367462158203125
0.36895751953125,0.000251556396484375,0.369415283203125
0.370941162109375,0.000250518798828125,0.37139892578125
0.3729248046875,0.000249481201171875,0.373382568359375
0.374908447265625,0.000248565673828125,0.375274658203125
0.37689208984375,0.000247650146484375,0.377349853515625
0.378875732421875,0.00024664306640625,0.37933349609375
0.380859375,0.0002457275390625,0.381317138671875
0.382843017578125,0.00024493408203125,0.383270263671875
0.38482666015625,0.00024395751953125,0.38525390625
0.386810302734375,0.00024298095703125,0.387298583984375
0.3887939453125,0.000242156982421875,0.3892822265625
0.390777587890625,0.000241180419921875,0.39129638671875
0.39276123046875,0.000240478515625,0.393280029296875
0.394744873046875,0.000239532470703125,0.395263671875
0.396728515625,0.00023870849609375,0.397125244140625
0.398712158203125,0.000237884521484375,0.399261474609375
0.40069580078125,0.000237030029296875,0.40118408203125
0.398712158203125,0.000234954833984375,0.399261474609375
0.396728515625,0.000233551025390625,0.397186279296875
0.394744873046875,0.000232269287109375,0.395233154296875
0.39276123046875,0.000230987548828125,0.393218994140625
0.390777587890625,0.000229827880859375,0.391326904296875
0.3887939453125,0.0002286376953125,0.38934326171875
0.386810302734375,0.000227447509765625,0.387298583984375
0.38482666015625,0.000226593017578125,0.385345458984375
0.382843017578125,0.000225433349609375,0.383331298828125
0.380859375,0.000224517822265625,0.381317138671875
0.378875732421875,0.0002235107421875,0.379302978515625
0.37689208984375,0.000222503662109375,0.377349853515625
0.374908447265625,0.0002216796875,0.37542724609375
0.3729248046875,0.00022064208984375,0.37335205078125
0.370941162109375,0.00021990966796875,0.371368408203125
0.36895751953125,0.0002188720703125,0.369415283203125
0.366973876953125,0.0002181396484375,0.367462158203125
0.364990234375,0.000217132568359375,0.36541748046875
0.363006591796875,0.000216339111328125,0.36346435546875
0.36102294921875,0.000215606689453125,0.3614501953125
0.359039306640625,0.00021466064453125,0.35943603515625
0.3570556640625,0.0002138671875,0.357421875
0.355072021484375,0.0002130126953125,0.35552978515625
0.35308837890625,0.000212249755859375,0.353546142578125
0.351104736328125,0.000211395263671875,0.351531982421875
0.34912109375,0.00021063232421875,0.349517822265625
0.347137451171875,0.0002098388671875,0.3475341796875
0.34515380859375,0.00020904541015625,0.345550537109375
0.343170166015625,0.000208282470703125,0.34356689453125
0.3411865234375,0.0002076416015625,0.341583251953125
0.339202880859375,0.000206787109375,0.33966064453125
0.33721923828125,0.000206085205078125,0.33758544921875
0.335235595703125,0.00020526123046875,0.335662841796875
0.333251953125,0.00020452880859375,0.333709716796875
0.331268310546875,0.00020391845703125,0.331634521484375
0.32928466796875,0.000203125,0.329620361328125
0.327301025390625,0.000202362060546875,0.327728271484375
0.3253173828125,0.000201751708984375,0.325653076171875
0.323333740234375,0.000201171875,0.323760986328125
0.32135009765625,0.00020037841796875,0.32171630859375
0.319366455078125,0.00019970703125,0.31964111328125
0.3173828125,0.000198974609375,0.317718505859375
0.315399169921875,0.000198272705078125,0.315704345703125
0.31341552734375,0.00019757080078125,0.313873291015625
0.311431884765625,0.000197021484375,0.311737060546875
0.3094482421875,0.00019622802734375,0.309783935546875
0.307464599609375,0.00019549560546875,0.30780029296875
0.30548095703125,0.000194854736328125,0.3057861328125
0.303497314453125,0.000194244384765625,0.303863525390625
0.301513671875,0.00019366455078125,0.30194091796875
0.299530029296875,0.000192962646484375,0.299896240234375
0.29754638671875,0.00019219970703125,0.29791259765625
0.295562744140625,0.000191680908203125,0.29583740234375
0.2935791015625,0.000190948486328125,0.2939453125
0.291595458984375,0.000190338134765625,0.29193115234375
0.28961181640625,0.000189605712890625,0.2899169921875
0.287628173828125,0.0001890869140625,0.2879638671875
0.28564453125,0.000188385009765625,0.285980224609375
0.283660888671875,0.00018768310546875,0.28399658203125
0.28167724609375,0.00018707275390625,0.281951904296875
0.279693603515625,0.000186431884765625,0.280029296875
0.2777099609375,0.000185760498046875,0.278045654296875
0.275726318359375,0.000185150146484375,0.276092529296875
0.27374267578125,0.000184417724609375,0.274078369140625
0.271759033203125,0.000183837890625,0.272186279296875
0.269775390625,0.000183258056640625,0.270050048828125
0.267791748046875,0.00018255615234375,0.26806640625
0.26580810546875,0.000181884765625,0.266082763671875
0.263824462890625,0.00018121337890625,0.26416015625
0.2618408203125,0.000180511474609375,0.2620849609375
0.259857177734375,0.0001798095703125,0.2601318359375
0.25787353515625,0.000179107666015625,0.258209228515625
0.255889892578125,0.000178466796875,0.2562255859375
0.25390625,0.00017779541015625,0.254180908203125
0.251922607421875,0.0001771240234375,0.252288818359375
0.24993896484375,0.00017633056640625,0.250274658203125
0.247955322265625,0.00017578125,0.248260498046875
0.2459716796875,0.000174957275390625,0.24627685546875
0.243988037109375,0.000174163818359375,0.244293212890625
0.24200439453125,0.0001734619140625,0.242279052734375
0.240020751953125,0.00017279052734375,0.24029541015625
0.238037109375,0.000171966552734375,0.238311767578125
0.236053466796875,0.00017120361328125,0.23638916015625
0.23406982421875,0.00017034912109375,0.234344482421875
0.232086181640625,0.000169464111328125,0.23236083984375
0.2301025390625,0.000168670654296875,0.2303466796875
0.228118896484375,0.00016790771484375,0.228302001953125
0.22613525390625,0.00016705322265625,0.22637939453125
0.224151611328125,0.0001661376953125,0.224395751953125
0.22216796875,0.00016510009765625,0.222412109375
0.220184326171875,0.000164215087890625,0.2203369140625
0.21820068359375,0.00016326904296875,0.218475341796875
0.216217041015625,0.00016229248046875,0.216400146484375
0.2142333984375,0.00016119384765625,0.2144775390625
0.212249755859375,0.000160125732421875,0.212493896484375
0.21026611328125,0.00015911865234375,0.2105712890625
0.208282470703125,0.000158111572265625,0.20843505859375
0.206298828125,0.000156829833984375,0.20648193359375
0.204315185546875,0.00015570068359375,0.20452880859375
0.20233154296875,0.000154388427734375,0.20257568359375
0.200347900390625,0.000153076171875,0.20062255859375
0.1983642578125,0.00015179443359375,0.1986083984375
0.196380615234375,0.000150482177734375,0.19659423828125
0.19439697265625,0.000149139404296875,0.194610595703125
0.192413330078125,0.00014764404296875,0.192657470703125
0.1904296875,0.000146209716796875,0.190673828125
0.188446044921875,0.000144622802734375,0.18865966796875
0.18646240234375,0.000142974853515625,0.18670654296875
0.184478759765625,0.000141448974609375,0.1846923828125
0.1824951171875,0.000139678955078125,0.1826171875
0.180511474609375,0.000137908935546875,0.180633544921875
0.17852783203125,0.000136016845703125,0.1787109375
0.176544189453125,0.0001341552734375,0.17669677734375
0.174560546875,0.000132171630859375,0.1746826171875
0.172576904296875,0.000130126953125,0.172698974609375
0.17059326171875,0.00012811279296875,0.17071533203125
0.168609619140625,0.000125946044921875,0.16876220703125
0.1666259765625,0.000123779296875,0.166839599609375
0.164642333984375,0.000121368408203125,0.164703369140625
0.16265869140625,0.000119110107421875,0.16278076171875
0.160675048828125,0.00011663818359375,0.160858154296875
0.15869140625,0.000114227294921875,0.158843994140625
0.156707763671875,0.0001116943359375,0.15692138671875
0.15472412109375,0.000109039306640625,0.154876708984375
0.152740478515625,0.000106475830078125,0.152862548828125
0.1507568359375,0.000103546142578125,0.15087890625
0.148773193359375,0.000100616455078125,0.14892578125
0.14678955078125,9.771728515625E-05,0.147003173828125
0.144805908203125,9.47265625E-05,0.14483642578125
0.142822265625,9.1644287109375E-05,0.14288330078125
0.140838623046875,8.8531494140625E-05,0.140960693359375
0.13885498046875,8.5235595703125E-05,0.139007568359375
0.136871337890625,8.2000732421875E-05,0.136932373046875
0.1348876953125,7.855224609375E-05,0.134979248046875
0.132904052734375,7.513427734375E-05,0.13299560546875
0.13092041015625,7.16552734375E-05,0.131011962890625
0.128936767578125,6.79931640625E-05,0.129058837890625
0.126953125,6.4361572265625E-05,0.127105712890625
0.124969482421875,6.060791015625E-05,0.12493896484375
0.12298583984375,5.6854248046875E-05,0.123046875
0.121002197265625,5.28564453125E-05,0.121002197265625
0.1190185546875,4.9041748046875E-05,0.11907958984375
0.117034912109375,4.4940185546875E-05,0.11712646484375
0.11505126953125,4.083251953125E-05,0.11505126953125
0.113067626953125,3.67034912109375E-05,0.113128662109375
0.111083984375,3.2550048828125E-05,0.111114501953125
0.109100341796875,2.8179931640625E-05,0.109375
0.10711669921875,2.37884521484375E-05,0.107269287109375
0.105133056640625,1.93145751953125E-05,0.10528564453125
0.1031494140625,1.484375E-05,0.103271484375
0.101165771484375,1.0272216796875E-05,0.101226806640625
0.09918212890625,5.5694580078125E-06,0.0992431640625
0.097198486328125,7.8125E-07,0.09716796875
0.09521484375,-4.03533935546875E-06,0.09515380859375
0.093231201171875,-8.7249755859375E-06,0.0931396484375
0.09124755859375,-1.3604736328125E-05,0.091156005859375
0.089263916015625,-1.8597412109375E-05,0.089111328125
0.0872802734375,-2.36083984375E-05,0.08709716796875
0.085296630859375,-2.86651611328125E-05,0.085052490234375
0.08331298828125,-3.3892822265625E-05,0.083038330078125
0.081329345703125,-3.9129638671875E-05,0.08099365234375
0.079345703125,-4.425048828125E-05,0.07904052734375
0.077362060546875,-4.9713134765625E-05,0.0770263671875
0.07537841796875,-5.5010986328125E-05,0.074951171875
0.073394775390625,-6.058349609375E-05,0.072967529296875
0.0714111328125,-6.6162109375E-05,0.071319580078125
0.069427490234375,-7.1563720703125E-05,0.06927490234375
0.06744384765625,-7.72705078125E-05,0.06732177734375
0.065460205078125,-8.2977294921875E-05,0.065399169921875
0.0634765625,-8.8653564453125E-05,0.0633544921875
0.061492919921875,-9.4451904296875E-05,0.061279296875
0.05950927734375,-0.000100128173828125,0.059356689453125
0.057525634765625,-0.000105865478515625,0.057403564453125
0.0555419921875,-0.00011187744140625,0.055389404296875
0.053558349609375,-0.0001177978515625,0.05340576171875
0.05157470703125,-0.00012384033203125,0.0513916015625
0.049591064453125,-0.00012969970703125,0.049530029296875
0.047607421875,-0.000135833740234375,0.047552490234375
0.045623779296875,-0.000141876220703125,0.0455810546875
0.04364013671875,-0.000147979736328125,0.043572998046875
0.041656494140625,-0.000154083251953125,0.0415771484375
0.0396728515625,-0.00016015625,0.0396087646484375
0.037689208984375,-0.000166259765625,0.0376678466796875
0.03570556640625,-0.000172454833984375,0.0356689453125
0.033721923828125,-0.000178741455078125,0.0336883544921875
0.03173828125,-0.000185089111328125,0.0316802978515625
0.029754638671875,-0.000191375732421875,0.0297088623046875
0.02777099609375,-0.000197509765625,0.0277130126953125
0.025787353515625,-0.000204010009765625,0.0257354736328125
0.0238037109375,-0.000210357666015625,0.023748779296875
0.021820068359375,-0.00021673583984375,0.02177734375
0.01983642578125,-0.0002230224609375,0.0197540283203125
0.017852783203125,-0.000229339599609375,0.0177947998046875
0.015869140625,-0.000235687255859375,0.0158233642578125
0.013885498046875,-0.0002421875,0.01383056640625
0.01190185546875,-0.0002486572265625,0.01182861328125
0.009918212890625,-0.0002550048828125,0.00986328124999999
0.0079345703125,-0.0002613525390625,0.00788269042968751
0.005950927734375,-0.000267730712890625,0.0058868408203125
0.00396728515625,-0.000274139404296875,0.00389709472656249
0.001983642578125,-0.000280364990234375,0.00193176269531251
0,-0.000286651611328125,-6.40869140624972E-05
-0.001983642578125,-0.0002933349609375,-0.00208435058593751
-0.00396728515625,-0.000299468994140625,-0.004071044921875
-0.005950927734375,-0.000305938720703125,-0.0060577392578125
-0.0079345703125,-0.000312103271484375,-0.008056640625
-0.009918212890625,-0.00031842041015625,-0.0100494384765625
-0.01190185546875,-0.000324493408203125,-0.0119964599609375
-0.013885498046875,-0.000330596923828125,-0.0139862060546875
-0.015869140625,-0.0003369140625,-0.015972900390625
-0.017852783203125,-0.00034295654296875,-0.01795654296875
-0.01983642578125,-0.00034912109375,-0.019952392578125
-0.021820068359375,-0.00035516357421875,-0.02197265625
-0.0238037109375,-0.000361114501953125,-0.0239166259765625
-0.025787353515625,-0.000366973876953125,-0.025909423828125
-0.02777099609375,-0.000373077392578125,-0.027899169921875
-0.029754638671875,-0.00037884521484375,-0.0298675537109375
-0.03173828125,-0.000384552001953125,-0.0318603515625
-0.033721923828125,-0.000390289306640625,-0.0338531494140625
-0.03570556640625,-0.000396026611328125,-0.0358184814453125
-0.037689208984375,-0.000401458740234375,-0.037786865234375
-0.0396728515625,-0.00040716552734375,-0.0397918701171875
-0.041656494140625,-0.000412689208984375,-0.0418121337890625
-0.04364013671875,-0.000418060302734375,-0.0438079833984375
-0.045623779296875,-0.000423309326171875,-0.045782470703125
-0.047607421875,-0.000428558349609375,-0.0477752685546875
-0.049591064453125,-0.000433868408203125,-0.050079345703125
-0.05157470703125,-0.000438873291015625,-0.05206298828125
-0.053558349609375,-0.00044390869140625,-0.0540771484375
-0.0555419921875,-0.0004486083984375,-0.05609130859375
-0.057525634765625,-0.0004534912109375,-0.058074951171875
-0.05950927734375,-0.000458160400390625,-0.060028076171875
-0.061492919921875,-0.000462738037109375,-0.06201171875
-0.0634765625,-0.000467193603515625,-0.063995361328125
-0.065460205078125,-0.0004715576171875,-0.0660400390625
-0.06744384765625,-0.00047576904296875,-0.06805419921875
-0.069427490234375,-0.00047991943359375,-0.070068359375
-0.0714111328125,-0.000484039306640625,-0.07208251953125
-0.073394775390625,-0.000487823486328125,-0.073974609375
-0.07537841796875,-0.000491668701171875,-0.07598876953125
-0.077362060546875,-0.000494964599609375,-0.077972412109375
-0.079345703125,-0.0004986572265625,-0.07989501953125
-0.081329345703125,-0.0005020751953125,-0.08184814453125
-0.08331298828125,-0.000505279541015625,-0.083892822265625
-0.085296630859375,-0.00050848388671875,-0.08587646484375
-0.0872802734375,-0.000511444091796875,-0.087890625
-0.089263916015625,-0.000514251708984375,-0.089874267578125
-0.09124755859375,-0.000517059326171875,-0.091888427734375
-0.093231201171875,-0.000519500732421875,-0.093841552734375
-0.09521484375,-0.00052178955078125,-0.0958251953125
-0.097198486328125,-0.000524017333984375,-0.0977783203125
-0.09918212890625,-0.000526123046875,-0.09979248046875
-0.101165771484375,-0.000527984619140625,-0.101715087890625
-0.1031494140625,-0.000529754638671875,-0.103759765625
-0.105133056640625,-0.00053131103515625,-0.105743408203125
-0.10711669921875,-0.00053271484375,-0.10772705078125
-0.109100341796875,-0.000533782958984375,-0.1097412109375
-0.111083984375,-0.000534881591796875,-0.111724853515625
-0.113067626953125,-0.000535919189453125,-0.113677978515625
-0.11505126953125,-0.000536407470703125,-0.115631103515625
-0.117034912109375,-0.000536956787109375,-0.117645263671875
-0.1190185546875,-0.000537384033203125,-0.11962890625
-0.121002197265625,-0.00053759765625,-0.12164306640625
-0.12298583984375,-0.00053741455078125,-0.123626708984375
-0.124969482421875,-0.000537384033203125,-0.125701904296875
-0.126953125,-0.0005369873046875,-0.127532958984375
-0.128936767578125,-0.000536376953125,-0.129547119140625
-0.13092041015625,-0.000535736083984375,-0.131561279296875
-0.132904052734375,-0.00053472900390625,-0.133575439453125
-0.1348876953125,-0.00053375244140625,-0.1356201171875
-0.136871337890625,-0.000532379150390625,-0.13751220703125
-0.13885498046875,-0.00053082275390625,-0.139556884765625
-0.140838623046875,-0.00052935791015625,-0.1414794921875
-0.142822265625,-0.00052752685546875,-0.1435546875
-0.144805908203125,-0.00052557373046875,-0.145416259765625
-0.14678955078125,-0.0005234375,-0.147491455078125
-0.148773193359375,-0.000521209716796875,-0.149444580078125
-0.1507568359375,-0.00051873779296875,-0.151397705078125
-0.152740478515625,-0.000516021728515625,-0.153411865234375
-0.15472412109375,-0.0005130615234375,-0.155364990234375
-0.156707763671875,-0.000510345458984375,-0.1573486328125
-0.15869140625,-0.00050714111328125,-0.1593017578125
-0.160675048828125,-0.000503997802734375,-0.161376953125
-0.16265869140625,-0.00050067138671875,-0.163299560546875
-0.164642333984375,-0.000497222900390625,-0.16534423828125
-0.1666259765625,-0.00049359130859375,-0.167236328125
-0.168609619140625,-0.000490020751953125,-0.169219970703125
-0.17059326171875,-0.00048614501953125,-0.17120361328125
-0.172576904296875,-0.000482391357421875,-0.17315673828125
-0.174560546875,-0.000478424072265625,-0.1751708984375
-0.176544189453125,-0.00047442626953125,-0.17724609375
-0.17852783203125,-0.00047021484375,-0.17919921875
-0.180511474609375,-0.00046612548828125,-0.18115234375
-0.1824951171875,-0.000461944580078125,-0.183135986328125
-0.184478759765625,-0.00045770263671875,-0.18511962890625
-0.18646240234375,-0.000453521728515625,-0.187164306640625
-0.188446044921875,-0.000449188232421875,-0.189117431640625
-0.1904296875,-0.000445037841796875,-0.19110107421875
-0.192413330078125,-0.00044073486328125,-0.193084716796875
-0.19439697265625,-0.0004365234375,-0.195068359375
-0.196380615234375,-0.000432403564453125,-0.19708251953125
-0.1983642578125,-0.00042828369140625,-0.199005126953125
-0.200347900390625,-0.000424072265625,-0.200927734375
-0.20233154296875,-0.0004200439453125,-0.2030029296875
-0.204315185546875,-0.000415924072265625,-0.20501708984375
-0.206298828125,-0.000411834716796875,-0.2069091796875
-0.208282470703125,-0.000407958984375,-0.208953857421875
-0.21026611328125,-0.000404144287109375,-0.2109375
-0.212249755859375,-0.000400390625,-0.212982177734375
-0.2142333984375,-0.00039666748046875,-0.214874267578125
-0.216217041015625,-0.00039288330078125,-0.2169189453125
-0.21820068359375,-0.000389373779296875,-0.2188720703125
-0.220184326171875,-0.00038580322265625,-0.220794677734375
-0.22216796875,-0.00038214111328125,-0.222808837890625
-0.224151611328125,-0.000378814697265625,-0.22479248046875
-0.22613525390625,-0.00037548828125,-0.226715087890625
-0.228118896484375,-0.000372222900390625,-0.228729248046875
-0.2301025390625,-0.000369049072265625,-0.230712890625
-0.232086181640625,-0.0003658447265625,-0.232696533203125
-0.23406982421875,-0.000362823486328125,-0.23468017578125
-0.236053466796875,-0.000359832763671875,-0.236663818359375
-0.238037109375,-0.000356781005859375,-0.2386474609375
-0.240020751953125,-0.000353912353515625,-0.240631103515625
-0.24200439453125,-0.000351043701171875,-0.242645263671875
-0.243988037109375,-0.000348358154296875,-0.24462890625
-0.2459716796875,-0.000345489501953125,-0.246612548828125
-0.247955322265625,-0.0003428955078125,-0.248565673828125
-0.24993896484375,-0.00034027099609375,-0.2506103515625
-0.251922607421875,-0.0003377685546875,-0.25250244140625
-0.25390625,-0.0003353271484375,-0.2545166015625
-0.255889892578125,-0.000332855224609375,-0.2564697265625
-0.25787353515625,-0.000330352783203125,-0.258544921875
-0.259857177734375,-0.00032806396484375,-0.260528564453125
-0.2618408203125,-0.000325775146484375,-0.262451171875
-0.263824462890625,-0.000323394775390625,-0.26446533203125
-0.26580810546875,-0.00032122802734375,-0.266448974609375
-0.267791748046875,-0.000319122314453125,-0.26837158203125
-0.269775390625,-0.00031689453125,-0.270355224609375
-0.271759033203125,-0.000314727783203125,-0.27239990234375
-0.27374267578125,-0.00031280517578125,-0.27435302734375
-0.275726318359375,-0.000310638427734375,-0.276397705078125
-0.2777099609375,-0.00030877685546875,-0.2783203125
-0.279693603515625,-0.000306671142578125,-0.28033447265625
-0.28167724609375,-0.000304901123046875,-0.28228759765625
-0.283660888671875,-0.00030291748046875,-0.28436279296875
-0.28564453125,-0.000301116943359375,-0.2862548828125
-0.287628173828125,-0.000299285888671875,-0.288238525390625
-0.28961181640625,-0.000297576904296875,-0.290191650390625
-0.291595458984375,-0.000295806884765625,-0.292205810546875
-0.2935791015625,-0.0002940673828125,-0.29425048828125
-0.295562744140625,-0.00029229736328125,-0.296142578125
-0.29754638671875,-0.000290679931640625,-0.29815673828125
-0.299530029296875,-0.000289031982421875,-0.300140380859375
-0.301513671875,-0.000287353515625,-0.30218505859375
-0.303497314453125,-0.00028582763671875,-0.30419921875
-0.30548095703125,-0.0002841796875,-0.306060791015625
-0.307464599609375,-0.000282684326171875,-0.308135986328125
-0.3094482421875,-0.00028125,-0.31005859375
-0.311431884765625,-0.00027972412109375,-0.312042236328125
-0.31341552734375,-0.0002781982421875,-0.31402587890625
-0.315399169921875,-0.000276763916015625,-0.316009521484375
-0.3173828125,-0.0002752685546875,-0.318023681640625
-0.319366455078125,-0.00027398681640625,-0.32000732421875
-0.32135009765625,-0.000272491455078125,-0.321990966796875
-0.323333740234375,-0.000271148681640625,-0.32403564453125
-0.3253173828125,-0.00026983642578125,-0.32598876953125
-0.327301025390625,-0.0002684326171875,-0.3280029296875
-0.32928466796875,-0.00026715087890625,-0.329986572265625
-0.331268310546875,-0.000265869140625,-0.3319091796875
-0.333251953125,-0.00026458740234375,-0.33392333984375
-0.335235595703125,-0.0002633056640625,-0.3358154296875
-0.33721923828125,-0.000262054443359375,-0.337860107421875
-0.339202880859375,-0.000260833740234375,-0.33990478515625
-0.3411865234375,-0.0002596435546875,-0.341827392578125
-0.343170166015625,-0.000258514404296875,-0.34381103515625
-0.34515380859375,-0.00025732421875,-0.34576416015625
-0.347137451171875,-0.000256072998046875,-0.34783935546875
-0.34912109375,-0.00025494384765625,-0.34979248046875
-0.351104736328125,-0.000253875732421875,-0.351776123046875
-0.35308837890625,-0.000252716064453125,-0.353729248046875
-0.355072021484375,-0.000251678466796875,-0.35577392578125
-0.3570556640625,-0.00025054931640625,-0.357666015625
-0.359039306640625,-0.00024945068359375,-0.359710693359375
-0.36102294921875,-0.000248382568359375,-0.361663818359375
-0.363006591796875,-0.000247314453125,-0.3636474609375
-0.364990234375,-0.00024627685546875,-0.3656005859375
-0.366973876953125,-0.00024530029296875,-0.36767578125
-0.36895751953125,-0.00024432373046875,-0.36962890625
-0.370941162109375,-0.000243194580078125,-0.37158203125
-0.3729248046875,-0.000242218017578125,-0.37359619140625
-0.374908447265625,-0.00024127197265625,-0.37567138671875
-0.37689208984375,-0.000240264892578125,-0.3775634765625
-0.378875732421875,-0.000239410400390625,-0.37957763671875
-0.380859375,-0.000238494873046875,-0.381500244140625
-0.382843017578125,-0.00023748779296875,-0.383544921875
-0.38482666015625,-0.000236572265625,-0.385528564453125
-0.386810302734375,-0.000235626220703125,-0.387481689453125
-0.3887939453125,-0.000234649658203125,-0.389495849609375
-0.390777587890625,-0.000233856201171875,-0.391448974609375
-0.39276123046875,-0.000233062744140625,-0.39349365234375
-0.394744873046875,-0.000232086181640625,-0.39544677734375
-0.396728515625,-0.000231170654296875,-0.3974609375
-0.398712158203125,-0.0002303466796875,-0.3994140625
-0.40069580078125,-0.000229522705078125,-0.4013671875
-0.398712158203125,-0.000227874755859375,-0.399383544921875
-0.396728515625,-0.000226593017578125,-0.3974609375
-0.394744873046875,-0.0002254638671875,-0.395477294921875
-0.39276123046875,-0.00022430419921875,-0.39349365234375
-0.390777587890625,-0.0002232666015625,-0.391448974609375
-0.3887939453125,-0.000222381591796875,-0.38946533203125
-0.386810302734375,-0.00022137451171875,-0.387451171875
-0.38482666015625,-0.00022027587890625,-0.385498046875
-0.382843017578125,-0.000219390869140625,-0.383514404296875
-0.380859375,-0.000218536376953125,-0.381561279296875
-0.378875732421875,-0.0002176513671875,-0.379547119140625
-0.37689208984375,-0.000216796875,-0.37762451171875
-0.374908447265625,-0.000215911865234375,-0.37554931640625
-0.3729248046875,-0.000214996337890625,-0.373626708984375
-0.370941162109375,-0.000214141845703125,-0.37158203125
-0.36895751953125,-0.00021331787109375,-0.36968994140625
-0.366973876953125,-0.000212493896484375,-0.36761474609375
-0.364990234375,-0.000211669921875,-0.36566162109375
-0.363006591796875,-0.00021099853515625,-0.3636474609375
-0.36102294921875,-0.000210113525390625,-0.361663818359375
-0.359039306640625,-0.000209320068359375,-0.35968017578125
-0.3570556640625,-0.000208465576171875,-0.357635498046875
-0.355072021484375,-0.00020782470703125,-0.355712890625
-0.35308837890625,-0.000207000732421875,-0.353759765625
-0.351104736328125,-0.000206268310546875,-0.35174560546875
-0.34912109375,-0.000205535888671875,-0.34979248046875
-0.347137451171875,-0.000204803466796875,-0.347686767578125
-0.34515380859375,-0.0002039794921875,-0.3458251953125
-0.343170166015625,-0.000203216552734375,-0.34381103515625
-0.3411865234375,-0.00020269775390625,-0.34185791015625
-0.339202880859375,-0.000201934814453125,-0.339813232421875
-0.33721923828125,-0.000201202392578125,-0.33782958984375
-0.335235595703125,-0.000200531005859375,-0.33587646484375
-0.333251953125,-0.000199798583984375,-0.333831787109375
-0.331268310546875,-0.00019915771484375,-0.3319091796875
-0.32928466796875,-0.000198394775390625,-0.329833984375
-0.327301025390625,-0.000197784423828125,-0.327880859375
-0.3253173828125,-0.000197174072265625,-0.325897216796875
-0.323333740234375,-0.000196441650390625,-0.32391357421875
-0.32135009765625,-0.00019573974609375,-0.32196044921875
-0.319366455078125,-0.000195068359375,-0.319976806640625
-0.3173828125,-0.00019439697265625,-0.3179931640625
-0.315399169921875,-0.00019384765625,-0.31597900390625
-0.31341552734375,-0.000193084716796875,-0.31396484375
-0.311431884765625,-0.000192535400390625,-0.311981201171875
-0.3094482421875,-0.00019189453125,-0.310028076171875
-0.307464599609375,-0.000191253662109375,-0.308074951171875
-0.30548095703125,-0.00019061279296875,-0.306060791015625
-0.303497314453125,-0.000189971923828125,-0.30401611328125
-0.301513671875,-0.00018939208984375,-0.302093505859375
-0.299530029296875,-0.00018865966796875,-0.300140380859375
-0.29754638671875,-0.000188079833984375,-0.298065185546875
-0.295562744140625,-0.0001875,-0.2960205078125
-0.2935791015625,-0.00018695068359375,-0.294219970703125
-0.291595458984375,-0.00018621826171875,-0.2921142578125
-0.28961181640625,-0.0001856689453125,-0.2901611328125
-0.287628173828125,-0.00018511962890625,-0.288177490234375
-0.28564453125,-0.000184478759765625,-0.28619384765625
-0.283660888671875,-0.000183868408203125,-0.284210205078125
-0.28167724609375,-0.000183349609375,-0.2823486328125
-0.279693603515625,-0.0001827392578125,-0.280303955078125
-0.2777099609375,-0.00018212890625,-0.278289794921875
-0.275726318359375,-0.000181488037109375,-0.27630615234375
-0.27374267578125,-0.00018096923828125,-0.2742919921875
-0.271759033203125,-0.0001802978515625,-0.27227783203125
-0.269775390625,-0.000179779052734375,-0.270355224609375
-0.267791748046875,-0.000179229736328125,-0.268310546875
-0.26580810546875,-0.000178619384765625,-0.26629638671875
-0.263824462890625,-0.00017803955078125,-0.264312744140625
-0.2618408203125,-0.000177459716796875,-0.262359619140625
-0.259857177734375,-0.00017681884765625,-0.2603759765625
-0.25787353515625,-0.000176239013671875,-0.2584228515625
-0.255889892578125,-0.000175628662109375,-0.256439208984375
-0.25390625,-0.00017498779296875,-0.25439453125
-0.251922607421875,-0.000174407958984375,-0.252410888671875
-0.24993896484375,-0.00017388916015625,-0.25042724609375
-0.247955322265625,-0.000173187255859375,-0.248504638671875
-0.2459716796875,-0.0001724853515625,-0.246490478515625
-0.243988037109375,-0.000171875,-0.244476318359375
-0.24200439453125,-0.000171295166015625,-0.24249267578125
-0.240020751953125,-0.000170654296875,-0.24053955078125
-0.238037109375,-0.000169921875,-0.23846435546875
-0.236053466796875,-0.000169281005859375,-0.23651123046875
-0.23406982421875,-0.000168670654296875,-0.23455810546875
-0.232086181640625,-0.000167999267578125,-0.232574462890625
-0.2301025390625,-0.000167266845703125,-0.230560302734375
-0.228118896484375,-0.000166534423828125,-0.228546142578125
-0.22613525390625,-0.000165802001953125,-0.226593017578125
-0.224151611328125,-0.00016510009765625,-0.224609375
-0.22216796875,-0.000164215087890625,-0.22265625
-0.220184326171875,-0.00016351318359375,-0.22064208984375
-0.21820068359375,-0.0001627197265625,-0.2186279296875
-0.216217041015625,-0.000161773681640625,-0.216705322265625
-0.2142333984375,-0.00016107177734375,-0.2147216796875
-0.212249755859375,-0.000160125732421875,-0.21270751953125
-0.21026611328125,-0.000159210205078125,-0.210693359375
-0.208282470703125,-0.000158294677734375,-0.208709716796875
-0.206298828125,-0.0001573486328125,-0.206756591796875
-0.204315185546875,-0.00015625,-0.204742431640625
-0.20233154296875,-0.00015533447265625,-0.202789306640625
-0.200347900390625,-0.00015435791015625,-0.2008056640625
-0.1983642578125,-0.0001531982421875,-0.19879150390625
-0.196380615234375,-0.00015216064453125,-0.196807861328125
-0.19439697265625,-0.000150848388671875,-0.194854736328125
-0.192413330078125,-0.00014959716796875,-0.192840576171875
-0.1904296875,-0.000148406982421875,-0.190826416015625
-0.188446044921875,-0.000147064208984375,-0.188812255859375
-0.18646240234375,-0.000145751953125,-0.1868896484375
-0.184478759765625,-0.000144287109375,-0.18487548828125
-0.1824951171875,-0.000142913818359375,-0.18292236328125
-0.180511474609375,-0.000141326904296875,-0.180877685546875
-0.17852783203125,-0.000139801025390625,-0.178863525390625
-0.176544189453125,-0.000138153076171875,-0.1768798828125
-0.174560546875,-0.000136444091796875,-0.175018310546875
-0.172576904296875,-0.0001346435546875,-0.17291259765625
-0.17059326171875,-0.000132904052734375,-0.170928955078125
-0.168609619140625,-0.000130889892578125,-0.16900634765625
-0.1666259765625,-0.00012908935546875,-0.167022705078125
-0.164642333984375,-0.000126953125,-0.1650390625
-0.16265869140625,-0.000124786376953125,-0.163055419921875
-0.160675048828125,-0.00012261962890625,-0.161041259765625
-0.15869140625,-0.000120391845703125,-0.15911865234375
-0.156707763671875,-0.0001180419921875,-0.1571044921875
-0.15472412109375,-0.000115692138671875,-0.155059814453125
-0.152740478515625,-0.00011322021484375,-0.15313720703125
-0.1507568359375,-0.000110626220703125,-0.151123046875
-0.148773193359375,-0.000108123779296875,-0.1490478515625
-0.14678955078125,-0.000105194091796875,-0.147186279296875
-0.144805908203125,-0.0001024169921875,-0.145172119140625
-0.142822265625,-9.9456787109375E-05,-0.143096923828125
-0.140838623046875,-9.65576171875E-05,-0.141143798828125
-0.13885498046875,-9.3475341796875E-05,-0.139190673828125
-0.136871337890625,-9.039306640625E-05,-0.13720703125
-0.1348876953125,-8.709716796875E-05,-0.13525390625
-0.132904052734375,-8.392333984375E-05,-0.1331787109375
-0.13092041015625,-8.04443359375E-05,-0.131256103515625
-0.128936767578125,-7.708740234375E-05,-0.129302978515625
-0.126953125,-7.3455810546875E-05,-0.12725830078125
-0.124969482421875,-6.9854736328125E-05,-0.12530517578125
-0.12298583984375,-6.60400390625E-05,-0.123291015625
-0.121002197265625,-6.231689453125E-05,-0.1212158203125
-0.1190185546875,-5.841064453125E-05,-0.1192626953125
-0.117034912109375,-5.438232421875E-05,-0.1173095703125
-0.11505126953125,-5.0323486328125E-05,-0.115325927734375
-0.113067626953125,-4.64202880859375E-05,-0.113311767578125
-0.111083984375,-4.21112060546875E-05,-0.111297607421875
-0.109100341796875,-3.7774658203125E-05,-0.109344482421875
-0.10711669921875,-3.34747314453125E-05,-0.10736083984375
-0.105133056640625,-2.89825439453125E-05,-0.105438232421875
-0.1031494140625,-2.44171142578125E-05,-0.10357666015625
-0.101165771484375,-1.98974609375E-05,-0.101531982421875
-0.09918212890625,-1.52679443359375E-05,-0.099517822265625
-0.097198486328125,-1.0552978515625E-05,-0.097503662109375
-0.09521484375,-5.731201171875E-06,-0.095489501953125
-0.093231201171875,-7.843017578125E-07,-0.09344482421875
-0.09124755859375,4.0985107421875E-06,-0.0914306640625
-0.089263916015625,9.0606689453125E-06,-0.08941650390625
-0.0872802734375,1.40533447265625E-05,-0.087371826171875
-0.085296630859375,1.9085693359375E-05,-0.085357666015625
-0.08331298828125,2.42340087890625E-05,-0.083282470703125
-0.081329345703125,2.96356201171875E-05,-0.081268310546875
-0.079345703125,3.49212646484375E-05,-0.079254150390625
-0.077362060546875,4.029541015625E-05,-0.0772705078125
-0.07537841796875,4.55718994140625E-05,-0.075286865234375
-0.073394775390625,5.1092529296875E-05,-0.07318115234375
-0.0714111328125,5.6512451171875E-05,-0.071136474609375
-0.069427490234375,6.22222900390625E-05,-0.06915283203125
-0.06744384765625,6.7901611328125E-05,-0.06756591796875
-0.065460205078125,7.3486328125E-05,-0.06561279296875
-0.0634765625,7.940673828125E-05,-0.063629150390625
-0.061492919921875,8.526611328125E-05,-0.061614990234375
-0.05950927734375,9.1064453125E-05,-0.05963134765625
-0.057525634765625,9.6832275390625E-05,-0.0576171875
-0.0555419921875,0.000102813720703125,-0.055633544921875
-0.053558349609375,0.0001087646484375,-0.05364990234375
-0.05157470703125,0.000114837646484375,-0.0516357421875
-0.049591064453125,0.000120758056640625,-0.0496856689453125
-0.047607421875,0.0001268310546875,-0.047723388671875
-0.045623779296875,0.00013299560546875,-0.04571533203125
-0.04364013671875,0.00013916015625,-0.0437530517578125
-0.041656494140625,0.00014520263671875,-0.041778564453125
-0.0396728515625,0.00015167236328125,-0.0397796630859375
-0.037689208984375,0.000158172607421875,-0.0377777099609375
-0.03570556640625,0.00016412353515625,-0.0358001708984375
-0.033721923828125,0.000170562744140625,-0.0338134765625
-0.03173828125,0.0001767578125,-0.0318450927734375
-0.029754638671875,0.00018304443359375,-0.02984619140625
-0.02777099609375,0.00018951416015625,-0.027874755859375
-0.025787353515625,0.00019586181640625,-0.02586669921875
-0.0238037109375,0.000202301025390625,-0.0238861083984375
-0.021820068359375,0.000208740234375,-0.021917724609375
-0.01983642578125,0.00021514892578125,-0.01990966796875
-0.017852783203125,0.000221527099609375,-0.017926025390625
-0.015869140625,0.000227874755859375,-0.0159454345703125
-0.013885498046875,0.0002342529296875,-0.013958740234375
-0.01190185546875,0.000240814208984375,-0.0119659423828125
-0.009918212890625,0.000247161865234375,-0.009991455078125
-0.0079345703125,0.00025341796875,-0.0079925537109375
-0.005950927734375,0.00025982666015625,-0.0060089111328125
-0.00396728515625,0.000266265869140625,-0.004046630859375
-0.001983642578125,0.0002728271484375,-0.0020416259765625
0,0.000279388427734375,-1.83105468749972E-05
