Potential applied (V),WE(1).Current (A),WE(1).Potential (V)
0.001983642578125,6.075439453125E-06,0.00196228027343751
0.00396728515625,1.04766845703125E-05,0.00390014648437501
0.005950927734375,1.419677734375E-05,0.00592956542968751
0.0079345703125,1.74713134765625E-05,0.0078765869140625
0.009918212890625,2.03948974609375E-05,0.00987548828125
0.01190185546875,2.30712890625E-05,0.01185302734375
0.013885498046875,2.55584716796875E-05,0.0138458251953125
0.015869140625,2.7899169921875E-05,0.015826416015625
0.017852783203125,3.00506591796875E-05,0.017822265625
0.01983642578125,3.20831298828125E-05,0.019818115234375
0.021820068359375,3.4039306640625E-05,0.0217987060546875
0.0238037109375,3.5870361328125E-05,0.023785400390625
0.025787353515625,3.76190185546875E-05,0.0257598876953125
0.02777099609375,3.92852783203125E-05,0.0277374267578125
0.029754638671875,4.08477783203125E-05,0.0297119140625
0.03173828125,4.23614501953125E-05,0.031719970703125
0.033721923828125,4.37957763671875E-05,0.033697509765625
0.03570556640625,4.5135498046875E-05,0.035687255859375
0.037689208984375,4.6441650390625E-05,0.0376617431640625
0.0396728515625,4.76531982421875E-05,0.0396728515625
0.041656494140625,4.87823486328125E-05,0.0416290283203125
0.04364013671875,4.989013671875E-05,0.0436187744140625
0.045623779296875,5.09674072265625E-05,0.0455963134765625
0.047607421875,5.1934814453125E-05,0.047601318359375
0.049591064453125,5.29022216796875E-05,0.04986572265625
0.05157470703125,5.37811279296875E-05,0.051910400390625
0.053558349609375,5.4608154296875E-05,0.05389404296875
0.0555419921875,5.5426025390625E-05,0.055938720703125
0.057525634765625,5.6158447265625E-05,0.057861328125
0.05950927734375,5.68511962890625E-05,0.05987548828125
0.061492919921875,5.74798583984375E-05,0.061920166015625
0.0634765625,5.8087158203125E-05,0.0638427734375
0.065460205078125,5.8642578125E-05,0.065887451171875
0.06744384765625,5.91522216796875E-05,0.06781005859375
0.069427490234375,5.960693359375E-05,0.06982421875
0.0714111328125,6.00311279296875E-05,0.07177734375
0.073394775390625,6.0394287109375E-05,0.073486328125
0.07537841796875,6.072998046875E-05,0.075347900390625
0.077362060546875,6.103515625E-05,0.077392578125
0.079345703125,6.134033203125E-05,0.079376220703125
0.081329345703125,6.1553955078125E-05,0.081390380859375
0.08331298828125,6.1767578125E-05,0.083343505859375
0.085296630859375,6.195068359375E-05,0.085357666015625
0.0872802734375,6.207275390625E-05,0.087310791015625
0.089263916015625,6.2225341796875E-05,0.089202880859375
0.09124755859375,6.231689453125E-05,0.09130859375
0.093231201171875,6.2347412109375E-05,0.093292236328125
0.09521484375,6.2408447265625E-05,0.09527587890625
0.097198486328125,6.243896484375E-05,0.0972900390625
0.09918212890625,6.243896484375E-05,0.0992431640625
0.101165771484375,6.2408447265625E-05,0.1011962890625
0.1031494140625,6.2347412109375E-05,0.103179931640625
0.105133056640625,6.2286376953125E-05,0.105194091796875
0.10711669921875,6.219482421875E-05,0.107177734375
0.109100341796875,6.207275390625E-05,0.109130859375
0.111083984375,6.195068359375E-05,0.11114501953125
0.113067626953125,6.1798095703125E-05,0.113128662109375
0.11505126953125,6.16455078125E-05,0.115081787109375
0.117034912109375,6.1492919921875E-05,0.1170654296875
0.1190185546875,6.1309814453125E-05,0.119110107421875
0.121002197265625,6.1065673828125E-05,0.12103271484375
0.12298583984375,6.0882568359375E-05,0.123016357421875
0.124969482421875,6.06689453125E-05,0.125
0.126953125,6.04248046875E-05,0.12701416015625
0.128936767578125,6.01806640625E-05,0.129058837890625
0.13092041015625,5.9967041015625E-05,0.130950927734375
0.132904052734375,5.96923828125E-05,0.133026123046875
0.1348876953125,5.94482421875E-05,0.134979248046875
0.136871337890625,5.9173583984375E-05,0.136993408203125
0.13885498046875,5.889892578125E-05,0.138946533203125
0.140838623046875,5.8624267578125E-05,0.14093017578125
0.142822265625,5.8349609375E-05,0.1429443359375
0.144805908203125,5.8074951171875E-05,0.144927978515625
0.14678955078125,5.7769775390625E-05,0.146942138671875
0.148773193359375,5.74951171875E-05,0.14886474609375
0.1507568359375,5.7159423828125E-05,0.15087890625
0.152740478515625,5.6854248046875E-05,0.15277099609375
0.15472412109375,5.657958984375E-05,0.15478515625
0.156707763671875,5.62744140625E-05,0.15679931640625
0.15869140625,5.5938720703125E-05,0.158782958984375
0.160675048828125,5.56640625E-05,0.160675048828125
0.16265869140625,5.535888671875E-05,0.162750244140625
0.164642333984375,5.50537109375E-05,0.164825439453125
0.1666259765625,5.4779052734375E-05,0.166656494140625
0.168609619140625,5.4473876953125E-05,0.168701171875
0.17059326171875,5.419921875E-05,0.170684814453125
0.172576904296875,5.3863525390625E-05,0.172576904296875
0.174560546875,5.35888671875E-05,0.1746826171875
0.176544189453125,5.328369140625E-05,0.176666259765625
0.17852783203125,5.2978515625E-05,0.178619384765625
0.180511474609375,5.2703857421875E-05,0.1806640625
0.1824951171875,5.2398681640625E-05,0.1826171875
0.184478759765625,5.21240234375E-05,0.184600830078125
0.18646240234375,5.1849365234375E-05,0.1865234375
0.188446044921875,5.157470703125E-05,0.18853759765625
0.1904296875,5.1300048828125E-05,0.190582275390625
0.192413330078125,5.1025390625E-05,0.192535400390625
0.19439697265625,5.0750732421875E-05,0.194488525390625
0.196380615234375,5.0506591796875E-05,0.196441650390625
0.1983642578125,5.023193359375E-05,0.19854736328125
0.200347900390625,4.9957275390625E-05,0.200531005859375
0.20233154296875,4.9713134765625E-05,0.202484130859375
0.204315185546875,4.9468994140625E-05,0.2044677734375
0.206298828125,4.9224853515625E-05,0.2064208984375
0.208282470703125,4.90386962890625E-05,0.208404541015625
0.21026611328125,4.87945556640625E-05,0.210784912109375
0.212249755859375,4.85595703125E-05,0.212677001953125
0.2142333984375,4.83306884765625E-05,0.2147216796875
0.216217041015625,4.81048583984375E-05,0.216705322265625
0.21820068359375,4.78759765625E-05,0.218658447265625
0.220184326171875,4.76593017578125E-05,0.220703125
0.22216796875,4.74365234375E-05,0.222625732421875
0.224151611328125,4.7235107421875E-05,0.224639892578125
0.22613525390625,4.7015380859375E-05,0.226593017578125
0.228118896484375,4.68170166015625E-05,0.228607177734375
0.2301025390625,4.66094970703125E-05,0.230560302734375
0.232086181640625,4.64202880859375E-05,0.2325439453125
0.23406982421875,4.62249755859375E-05,0.23455810546875
0.236053466796875,4.60418701171875E-05,0.23651123046875
0.238037109375,4.5849609375E-05,0.23846435546875
0.240020751953125,4.5672607421875E-05,0.240509033203125
0.24200439453125,4.5489501953125E-05,0.242523193359375
0.243988037109375,4.53216552734375E-05,0.24444580078125
0.2459716796875,4.51446533203125E-05,0.246429443359375
0.247955322265625,4.49798583984375E-05,0.24847412109375
0.24993896484375,4.48150634765625E-05,0.250335693359375
0.251922607421875,4.4659423828125E-05,0.25244140625
0.25390625,4.4500732421875E-05,0.254364013671875
0.255889892578125,4.43450927734375E-05,0.25634765625
0.25787353515625,4.4195556640625E-05,0.25836181640625
0.259857177734375,4.4049072265625E-05,0.26031494140625
0.2618408203125,4.39056396484375E-05,0.262359619140625
0.263824462890625,4.37591552734375E-05,0.26434326171875
0.26580810546875,4.3634033203125E-05,0.2662353515625
0.267791748046875,4.349365234375E-05,0.268310546875
0.269775390625,4.3359375E-05,0.270233154296875
0.271759033203125,4.32281494140625E-05,0.272247314453125
0.27374267578125,4.31121826171875E-05,0.274200439453125
0.275726318359375,4.29779052734375E-05,0.27630615234375
0.2777099609375,4.2864990234375E-05,0.278167724609375
0.279693603515625,4.2742919921875E-05,0.280181884765625
0.28167724609375,4.2633056640625E-05,0.28216552734375
0.283660888671875,4.25140380859375E-05,0.284149169921875
0.28564453125,4.24102783203125E-05,0.286102294921875
0.287628173828125,4.22943115234375E-05,0.288116455078125
0.28961181640625,4.2193603515625E-05,0.290130615234375
0.291595458984375,4.20867919921875E-05,0.29205322265625
0.2935791015625,4.19891357421875E-05,0.29412841796875
0.295562744140625,4.188232421875E-05,0.296112060546875
0.29754638671875,4.1790771484375E-05,0.298004150390625
0.299530029296875,4.1693115234375E-05,0.300048828125
0.301513671875,4.1595458984375E-05,0.301971435546875
0.303497314453125,4.150390625E-05,0.303955078125
0.30548095703125,4.1412353515625E-05,0.30596923828125
0.307464599609375,4.132080078125E-05,0.30792236328125
0.3094482421875,4.12322998046875E-05,0.310028076171875
0.311431884765625,4.11407470703125E-05,0.3118896484375
0.31341552734375,4.10491943359375E-05,0.313934326171875
0.315399169921875,4.09637451171875E-05,0.31591796875
0.3173828125,4.08721923828125E-05,0.317962646484375
0.319366455078125,4.0789794921875E-05,0.31988525390625
0.32135009765625,4.06951904296875E-05,0.3218994140625
0.323333740234375,4.0606689453125E-05,0.3238525390625
0.3253173828125,4.05120849609375E-05,0.325775146484375
0.327301025390625,4.0423583984375E-05,0.327850341796875
0.32928466796875,4.03167724609375E-05,0.32977294921875
0.331268310546875,4.022216796875E-05,0.331787109375
0.333251953125,4.0106201171875E-05,0.333770751953125
0.335235595703125,3.9996337890625E-05,0.33575439453125
0.33721923828125,3.98773193359375E-05,0.337738037109375
0.339202880859375,3.97491455078125E-05,0.339691162109375
0.3411865234375,3.961181640625E-05,0.3416748046875
0.343170166015625,3.94622802734375E-05,0.343719482421875
0.34515380859375,3.9306640625E-05,0.345672607421875
0.347137451171875,3.914794921875E-05,0.34765625
0.34912109375,3.897705078125E-05,0.349609375
0.351104736328125,3.88031005859375E-05,0.351654052734375
0.35308837890625,3.86260986328125E-05,0.3536376953125
0.355072021484375,3.84490966796875E-05,0.355560302734375
0.3570556640625,3.82720947265625E-05,0.3575439453125
0.359039306640625,3.81011962890625E-05,0.35955810546875
0.36102294921875,3.79302978515625E-05,0.36163330078125
0.363006591796875,3.77685546875E-05,0.363555908203125
0.364990234375,3.760986328125E-05,0.365570068359375
0.366973876953125,3.74542236328125E-05,0.367523193359375
0.36895751953125,3.73077392578125E-05,0.369415283203125
0.370941162109375,3.7164306640625E-05,0.371429443359375
0.3729248046875,3.70269775390625E-05,0.37347412109375
0.374908447265625,3.68896484375E-05,0.375457763671875
0.37689208984375,3.6761474609375E-05,0.37738037109375
0.378875732421875,3.66363525390625E-05,0.379486083984375
0.380859375,3.65142822265625E-05,0.381378173828125
0.382843017578125,3.6395263671875E-05,0.383453369140625
0.38482666015625,3.62823486328125E-05,0.38543701171875
0.386810302734375,3.616943359375E-05,0.3873291015625
0.3887939453125,3.60626220703125E-05,0.38934326171875
0.390777587890625,3.59588623046875E-05,0.391357421875
0.39276123046875,3.5858154296875E-05,0.393341064453125
0.394744873046875,3.57574462890625E-05,0.39532470703125
0.396728515625,3.565673828125E-05,0.397369384765625
0.398712158203125,3.5565185546875E-05,0.3992919921875
0.40069580078125,3.54705810546875E-05,0.401336669921875
0.398712158203125,3.533935546875E-05,0.3992919921875
0.396728515625,3.5223388671875E-05,0.3973388671875
0.394744873046875,3.511962890625E-05,0.3953857421875
0.39276123046875,3.50189208984375E-05,0.393310546875
0.390777587890625,3.49212646484375E-05,0.39129638671875
0.3887939453125,3.48297119140625E-05,0.38934326171875
0.386810302734375,3.47381591796875E-05,0.3873291015625
0.38482666015625,3.46527099609375E-05,0.3853759765625
0.382843017578125,3.45672607421875E-05,0.383453369140625
0.380859375,3.44879150390625E-05,0.381439208984375
0.378875732421875,3.4405517578125E-05,0.379425048828125
0.37689208984375,3.4332275390625E-05,0.37738037109375
0.374908447265625,3.42559814453125E-05,0.375396728515625
0.3729248046875,3.41827392578125E-05,0.373504638671875
0.370941162109375,3.41094970703125E-05,0.37139892578125
0.36895751953125,3.40362548828125E-05,0.3695068359375
0.366973876953125,3.39691162109375E-05,0.367462158203125
0.364990234375,3.39019775390625E-05,0.365478515625
0.363006591796875,3.38348388671875E-05,0.363494873046875
0.36102294921875,3.3770751953125E-05,0.361572265625
0.359039306640625,3.37066650390625E-05,0.35955810546875
0.3570556640625,3.36456298828125E-05,0.357513427734375
0.355072021484375,3.358154296875E-05,0.3555908203125
0.35308837890625,3.35205078125E-05,0.35357666015625
0.351104736328125,3.34625244140625E-05,0.3515625
0.34912109375,3.34075927734375E-05,0.34954833984375
0.347137451171875,3.3349609375E-05,0.34765625
0.34515380859375,3.3294677734375E-05,0.34564208984375
0.343170166015625,3.32427978515625E-05,0.3436279296875
0.3411865234375,3.3184814453125E-05,0.341705322265625
0.339202880859375,3.3135986328125E-05,0.339599609375
0.33721923828125,3.30841064453125E-05,0.337646484375
0.335235595703125,3.30322265625E-05,0.33575439453125
0.333251953125,3.29833984375E-05,0.333740234375
0.331268310546875,3.29376220703125E-05,0.331756591796875
0.32928466796875,3.28857421875E-05,0.3297119140625
0.327301025390625,3.28399658203125E-05,0.327789306640625
0.3253173828125,3.2794189453125E-05,0.325775146484375
0.323333740234375,3.27484130859375E-05,0.323760986328125
0.32135009765625,3.270263671875E-05,0.32183837890625
0.319366455078125,3.2659912109375E-05,0.319793701171875
0.3173828125,3.26141357421875E-05,0.317779541015625
0.315399169921875,3.25714111328125E-05,0.315887451171875
0.31341552734375,3.253173828125E-05,0.31390380859375
0.311431884765625,3.2489013671875E-05,0.31195068359375
0.3094482421875,3.24432373046875E-05,0.3099365234375
0.307464599609375,3.2403564453125E-05,0.3079833984375
0.30548095703125,3.23638916015625E-05,0.305908203125
0.303497314453125,3.23211669921875E-05,0.303955078125
0.301513671875,3.22845458984375E-05,0.30194091796875
0.299530029296875,3.2244873046875E-05,0.29998779296875
0.29754638671875,3.22052001953125E-05,0.297882080078125
0.295562744140625,3.21685791015625E-05,0.2960205078125
0.2935791015625,3.212890625E-05,0.293975830078125
0.291595458984375,3.2086181640625E-05,0.2919921875
0.28961181640625,3.20526123046875E-05,0.289947509765625
0.287628173828125,3.2012939453125E-05,0.288055419921875
0.28564453125,3.1976318359375E-05,0.286041259765625
0.283660888671875,3.19366455078125E-05,0.284027099609375
0.28167724609375,3.189697265625E-05,0.28204345703125
0.279693603515625,3.18634033203125E-05,0.2801513671875
0.2777099609375,3.18267822265625E-05,0.278076171875
0.275726318359375,3.17901611328125E-05,0.276092529296875
0.27374267578125,3.17474365234375E-05,0.274169921875
0.271759033203125,3.17138671875E-05,0.272186279296875
0.269775390625,3.1671142578125E-05,0.270172119140625
0.267791748046875,3.1634521484375E-05,0.268218994140625
0.26580810546875,3.15948486328125E-05,0.266204833984375
0.263824462890625,3.155517578125E-05,0.264190673828125
0.2618408203125,3.15155029296875E-05,0.262237548828125
0.259857177734375,3.1475830078125E-05,0.26019287109375
0.25787353515625,3.14300537109375E-05,0.258270263671875
0.255889892578125,3.13873291015625E-05,0.2562255859375
0.25390625,3.13446044921875E-05,0.254302978515625
0.251922607421875,3.1304931640625E-05,0.2523193359375
0.24993896484375,3.12591552734375E-05,0.250335693359375
0.247955322265625,3.121337890625E-05,0.248321533203125
0.2459716796875,3.11614990234375E-05,0.246368408203125
0.243988037109375,3.111572265625E-05,0.244415283203125
0.24200439453125,3.106689453125E-05,0.242340087890625
0.240020751953125,3.1011962890625E-05,0.240386962890625
0.238037109375,3.095703125E-05,0.238372802734375
0.236053466796875,3.0902099609375E-05,0.2364501953125
0.23406982421875,3.0841064453125E-05,0.23443603515625
0.232086181640625,3.0780029296875E-05,0.232421875
0.2301025390625,3.07220458984375E-05,0.23046875
0.228118896484375,3.06549072265625E-05,0.22845458984375
0.22613525390625,3.0584716796875E-05,0.22650146484375
0.224151611328125,3.0517578125E-05,0.22454833984375
0.22216796875,3.04443359375E-05,0.22247314453125
0.220184326171875,3.0364990234375E-05,0.22052001953125
0.21820068359375,3.02825927734375E-05,0.21856689453125
0.216217041015625,3.01971435546875E-05,0.216583251953125
0.2142333984375,3.01116943359375E-05,0.21453857421875
0.212249755859375,3.00140380859375E-05,0.212646484375
0.21026611328125,2.991943359375E-05,0.2105712890625
0.208282470703125,2.9815673828125E-05,0.2086181640625
0.206298828125,2.9705810546875E-05,0.206573486328125
0.204315185546875,2.95989990234375E-05,0.20458984375
0.20233154296875,2.947998046875E-05,0.202667236328125
0.200347900390625,2.9351806640625E-05,0.200714111328125
0.1983642578125,2.92236328125E-05,0.19866943359375
0.196380615234375,2.9095458984375E-05,0.196746826171875
0.19439697265625,2.89459228515625E-05,0.194732666015625
0.192413330078125,2.87994384765625E-05,0.192718505859375
0.1904296875,2.8643798828125E-05,0.190704345703125
0.188446044921875,2.84759521484375E-05,0.188751220703125
0.18646240234375,2.830810546875E-05,0.186798095703125
0.184478759765625,2.81219482421875E-05,0.18475341796875
0.1824951171875,2.79388427734375E-05,0.182708740234375
0.180511474609375,2.77374267578125E-05,0.180816650390625
0.17852783203125,2.75360107421875E-05,0.178863525390625
0.176544189453125,2.7313232421875E-05,0.176788330078125
0.174560546875,2.7093505859375E-05,0.1748046875
0.172576904296875,2.6861572265625E-05,0.172821044921875
0.17059326171875,2.6611328125E-05,0.1707763671875
0.168609619140625,2.63641357421875E-05,0.1688232421875
0.1666259765625,2.60986328125E-05,0.1668701171875
0.164642333984375,2.581787109375E-05,0.164947509765625
0.16265869140625,2.5518798828125E-05,0.162872314453125
0.160675048828125,2.52197265625E-05,0.160919189453125
0.15869140625,2.4896240234375E-05,0.158905029296875
0.156707763671875,2.45880126953125E-05,0.156982421875
0.15472412109375,2.42401123046875E-05,0.155029296875
0.152740478515625,2.38983154296875E-05,0.152984619140625
0.1507568359375,2.35137939453125E-05,0.15093994140625
0.148773193359375,2.31353759765625E-05,0.149017333984375
0.14678955078125,2.27508544921875E-05,0.147003173828125
0.144805908203125,2.23419189453125E-05,0.145050048828125
0.142822265625,2.19085693359375E-05,0.14300537109375
0.140838623046875,2.14813232421875E-05,0.141021728515625
0.13885498046875,2.10357666015625E-05,0.1390380859375
0.136871337890625,2.05413818359375E-05,0.13702392578125
0.1348876953125,2.0068359375E-05,0.135101318359375
0.132904052734375,1.95526123046875E-05,0.133056640625
0.13092041015625,1.9036865234375E-05,0.131072998046875
0.128936767578125,1.8499755859375E-05,0.129180908203125
0.126953125,1.79351806640625E-05,0.127105712890625
0.124969482421875,1.737060546875E-05,0.125091552734375
0.12298583984375,1.67694091796875E-05,0.12310791015625
0.121002197265625,1.6162109375E-05,0.12115478515625
0.1190185546875,1.55487060546875E-05,0.119140625
0.117034912109375,1.48956298828125E-05,0.117156982421875
0.11505126953125,1.42242431640625E-05,0.115142822265625
0.113067626953125,1.3531494140625E-05,0.113189697265625
0.111083984375,1.28021240234375E-05,0.111175537109375
0.109100341796875,1.21002197265625E-05,0.1092529296875
0.10711669921875,1.136474609375E-05,0.107177734375
0.105133056640625,1.05926513671875E-05,0.105224609375
0.1031494140625,9.80224609375E-06,0.10321044921875
0.101165771484375,8.99658203125E-06,0.10125732421875
0.09918212890625,8.16650390625E-06,0.099273681640625
0.097198486328125,7.3150634765625E-06,0.09722900390625
0.09521484375,6.4483642578125E-06,0.09521484375
0.093231201171875,5.572509765625E-06,0.09332275390625
0.09124755859375,4.669189453125E-06,0.09130859375
0.089263916015625,3.73016357421875E-06,0.0892333984375
0.0872802734375,2.77679443359375E-06,0.087310791015625
0.085296630859375,1.80938720703125E-06,0.08526611328125
0.08331298828125,8.1146240234375E-07,0.083282470703125
0.081329345703125,-1.9622802734375E-07,0.08123779296875
0.079345703125,-1.201171875E-06,0.079254150390625
0.077362060546875,-2.28118896484375E-06,0.077178955078125
0.07537841796875,-3.36212158203125E-06,0.07513427734375
0.073394775390625,-4.459228515625E-06,0.07305908203125
0.0714111328125,-5.56549072265625E-06,0.070953369140625
0.069427490234375,-6.69036865234375E-06,0.0689697265625
0.06744384765625,-7.8338623046875E-06,0.06732177734375
0.065460205078125,-8.99658203125E-06,0.06536865234375
0.0634765625,-1.01806640625E-05,0.063385009765625
0.061492919921875,-1.136474609375E-05,0.06134033203125
0.05950927734375,-1.25701904296875E-05,0.059356689453125
0.057525634765625,-1.38092041015625E-05,0.057373046875
0.0555419921875,-1.5032958984375E-05,0.055389404296875
0.053558349609375,-1.62933349609375E-05,0.053436279296875
0.05157470703125,-1.75750732421875E-05,0.05133056640625
0.049591064453125,-1.8841552734375E-05,0.0495330810546875
0.047607421875,-2.01507568359375E-05,0.0475494384765625
0.045623779296875,-2.144775390625E-05,0.0455535888671875
0.04364013671875,-2.27294921875E-05,0.043560791015625
0.041656494140625,-2.40631103515625E-05,0.041595458984375
0.0396728515625,-2.53326416015625E-05,0.0396453857421875
0.037689208984375,-2.6654052734375E-05,0.0376556396484375
0.03570556640625,-2.79754638671875E-05,0.035638427734375
0.033721923828125,-2.9351806640625E-05,0.0336822509765625
0.03173828125,-3.0694580078125E-05,0.031689453125
0.029754638671875,-3.204345703125E-05,0.0296966552734375
0.02777099609375,-3.33648681640625E-05,0.0277252197265625
0.025787353515625,-3.470458984375E-05,0.0257354736328125
0.0238037109375,-3.60748291015625E-05,0.0237518310546875
0.021820068359375,-3.73870849609375E-05,0.0217559814453125
0.01983642578125,-3.87420654296875E-05,0.019781494140625
0.017852783203125,-4.00482177734375E-05,0.0177734375
0.015869140625,-4.136962890625E-05,0.0157928466796875
0.013885498046875,-4.2669677734375E-05,0.013824462890625
0.01190185546875,-4.39971923828125E-05,0.0118438720703125
0.009918212890625,-4.52728271484375E-05,0.0098541259765625
0.0079345703125,-4.6551513671875E-05,0.0078460693359375
0.005950927734375,-4.7760009765625E-05,0.00588378906250001
0.00396728515625,-4.903564453125E-05,0.0038726806640625
0.001983642578125,-5.01983642578125E-05,0.00189208984375
0,-5.14373779296875E-05,-7.93457031249972E-05
-0.001983642578125,-5.272216796875E-05,-0.002093505859375
-0.00396728515625,-5.38604736328125E-05,-0.0040618896484375
-0.005950927734375,-5.498046875E-05,-0.0060699462890625
-0.0079345703125,-5.6109619140625E-05,-0.0080596923828125
-0.009918212890625,-5.71929931640625E-05,-0.0100311279296875
-0.01190185546875,-5.821533203125E-05,-0.0120361328125
-0.013885498046875,-5.92559814453125E-05,-0.014019775390625
-0.015869140625,-6.02508544921875E-05,-0.0160003662109375
-0.017852783203125,-6.1370849609375E-05,-0.0179595947265625
-0.01983642578125,-6.231689453125E-05,-0.01995849609375
-0.021820068359375,-6.3262939453125E-05,-0.0219207763671875
-0.0238037109375,-6.4117431640625E-05,-0.0239166259765625
-0.025787353515625,-6.500244140625E-05,-0.025897216796875
-0.02777099609375,-6.57958984375E-05,-0.0278778076171875
-0.029754638671875,-6.6558837890625E-05,-0.0298583984375
-0.03173828125,-6.732177734375E-05,-0.031854248046875
-0.033721923828125,-6.8023681640625E-05,-0.0338348388671875
-0.03570556640625,-6.8695068359375E-05,-0.035809326171875
-0.037689208984375,-6.927490234375E-05,-0.0377777099609375
-0.0396728515625,-6.99462890625E-05,-0.0398040771484375
-0.041656494140625,-7.049560546875E-05,-0.0417724609375
-0.04364013671875,-7.1044921875E-05,-0.0437774658203125
-0.045623779296875,-7.1502685546875E-05,-0.045758056640625
-0.047607421875,-7.196044921875E-05,-0.0477569580078125
-0.049591064453125,-7.232666015625E-05,-0.04986572265625
-0.05157470703125,-7.269287109375E-05,-0.051788330078125
-0.053558349609375,-7.3028564453125E-05,-0.0538330078125
-0.0555419921875,-7.33642578125E-05,-0.055755615234375
-0.057525634765625,-7.3577880859375E-05,-0.057769775390625
-0.05950927734375,-7.379150390625E-05,-0.05975341796875
-0.061492919921875,-7.3974609375E-05,-0.061737060546875
-0.0634765625,-7.4127197265625E-05,-0.063720703125
-0.065460205078125,-7.421875E-05,-0.06573486328125
-0.06744384765625,-7.4310302734375E-05,-0.06768798828125
-0.069427490234375,-7.4310302734375E-05,-0.069671630859375
-0.0714111328125,-7.43408203125E-05,-0.07171630859375
-0.073394775390625,-7.427978515625E-05,-0.07366943359375
-0.07537841796875,-7.4249267578125E-05,-0.07568359375
-0.077362060546875,-7.40966796875E-05,-0.07763671875
-0.079345703125,-7.4005126953125E-05,-0.079620361328125
-0.081329345703125,-7.38525390625E-05,-0.08160400390625
-0.08331298828125,-7.366943359375E-05,-0.083587646484375
-0.085296630859375,-7.3455810546875E-05,-0.085540771484375
-0.0872802734375,-7.3211669921875E-05,-0.087493896484375
-0.089263916015625,-7.2967529296875E-05,-0.08953857421875
-0.09124755859375,-7.269287109375E-05,-0.09149169921875
-0.093231201171875,-7.23876953125E-05,-0.093536376953125
-0.09521484375,-7.2052001953125E-05,-0.09539794921875
-0.097198486328125,-7.171630859375E-05,-0.097503662109375
-0.09918212890625,-7.135009765625E-05,-0.0994873046875
-0.101165771484375,-7.098388671875E-05,-0.101470947265625
-0.1031494140625,-7.0556640625E-05,-0.103424072265625
-0.105133056640625,-7.0159912109375E-05,-0.105377197265625
-0.10711669921875,-6.9732666015625E-05,-0.107421875
-0.109100341796875,-6.927490234375E-05,-0.109375
-0.111083984375,-6.8817138671875E-05,-0.11138916015625
-0.113067626953125,-6.8359375E-05,-0.1134033203125
-0.11505126953125,-6.787109375E-05,-0.115264892578125
-0.117034912109375,-6.73828125E-05,-0.1173095703125
-0.1190185546875,-6.689453125E-05,-0.119293212890625
-0.121002197265625,-6.640625E-05,-0.121246337890625
-0.12298583984375,-6.5887451171875E-05,-0.123260498046875
-0.124969482421875,-6.536865234375E-05,-0.12530517578125
-0.126953125,-6.4849853515625E-05,-0.127227783203125
-0.128936767578125,-6.4361572265625E-05,-0.129302978515625
-0.13092041015625,-6.38427734375E-05,-0.131195068359375
-0.132904052734375,-6.3323974609375E-05,-0.13323974609375
-0.1348876953125,-6.2835693359375E-05,-0.135162353515625
-0.136871337890625,-6.231689453125E-05,-0.13720703125
-0.13885498046875,-6.1798095703125E-05,-0.139190673828125
-0.140838623046875,-6.1309814453125E-05,-0.14117431640625
-0.142822265625,-6.0791015625E-05,-0.1431884765625
-0.144805908203125,-6.0302734375E-05,-0.1451416015625
-0.14678955078125,-5.9814453125E-05,-0.1470947265625
-0.148773193359375,-5.9295654296875E-05,-0.149169921875
-0.1507568359375,-5.8807373046875E-05,-0.151123046875
-0.152740478515625,-5.8319091796875E-05,-0.15301513671875
-0.15472412109375,-5.7861328125E-05,-0.155029296875
-0.156707763671875,-5.7373046875E-05,-0.15704345703125
-0.15869140625,-5.6915283203125E-05,-0.15899658203125
-0.160675048828125,-5.645751953125E-05,-0.160980224609375
-0.16265869140625,-5.5999755859375E-05,-0.16302490234375
-0.164642333984375,-5.55419921875E-05,-0.164947509765625
-0.1666259765625,-5.511474609375E-05,-0.16693115234375
-0.168609619140625,-5.46875E-05,-0.1689453125
-0.17059326171875,-5.4229736328125E-05,-0.170928955078125
-0.172576904296875,-5.38330078125E-05,-0.17291259765625
-0.174560546875,-5.3466796875E-05,-0.1749267578125
-0.176544189453125,-5.303955078125E-05,-0.176788330078125
-0.17852783203125,-5.26123046875E-05,-0.178863525390625
-0.180511474609375,-5.224609375E-05,-0.180908203125
-0.1824951171875,-5.1849365234375E-05,-0.182861328125
-0.184478759765625,-5.1483154296875E-05,-0.184783935546875
-0.18646240234375,-5.1116943359375E-05,-0.18682861328125
-0.188446044921875,-5.0750732421875E-05,-0.1888427734375
-0.1904296875,-5.0384521484375E-05,-0.190673828125
-0.192413330078125,-5.0048828125E-05,-0.192779541015625
-0.19439697265625,-4.9713134765625E-05,-0.194793701171875
-0.196380615234375,-4.937744140625E-05,-0.19671630859375
-0.1983642578125,-4.91241455078125E-05,-0.198699951171875
-0.200347900390625,-4.88037109375E-05,-0.20074462890625
-0.20233154296875,-4.8486328125E-05,-0.202667236328125
-0.204315185546875,-4.79766845703125E-05,-0.204986572265625
-0.206298828125,-4.7674560546875E-05,-0.206939697265625
-0.208282470703125,-4.737548828125E-05,-0.208984375
-0.21026611328125,-4.708251953125E-05,-0.210968017578125
-0.212249755859375,-4.67926025390625E-05,-0.212890625
-0.2142333984375,-4.6514892578125E-05,-0.214935302734375
-0.216217041015625,-4.6240234375E-05,-0.21685791015625
-0.21820068359375,-4.59686279296875E-05,-0.2188720703125
-0.220184326171875,-4.57061767578125E-05,-0.2208251953125
-0.22216796875,-4.54437255859375E-05,-0.222900390625
-0.224151611328125,-4.51873779296875E-05,-0.224822998046875
-0.22613525390625,-4.49432373046875E-05,-0.226776123046875
-0.228118896484375,-4.46929931640625E-05,-0.228851318359375
-0.2301025390625,-4.4451904296875E-05,-0.230804443359375
-0.232086181640625,-4.42169189453125E-05,-0.23272705078125
-0.23406982421875,-4.39849853515625E-05,-0.2347412109375
-0.236053466796875,-4.3756103515625E-05,-0.236724853515625
-0.238037109375,-4.35333251953125E-05,-0.23870849609375
-0.240020751953125,-4.33135986328125E-05,-0.240692138671875
-0.24200439453125,-4.30999755859375E-05,-0.242706298828125
-0.243988037109375,-4.2889404296875E-05,-0.244598388671875
-0.2459716796875,-4.267578125E-05,-0.2467041015625
-0.247955322265625,-4.2474365234375E-05,-0.2486572265625
-0.24993896484375,-4.22760009765625E-05,-0.2506103515625
-0.251922607421875,-4.20806884765625E-05,-0.2525634765625
-0.25390625,-4.1888427734375E-05,-0.25457763671875
-0.255889892578125,-4.16961669921875E-05,-0.256561279296875
-0.25787353515625,-4.15130615234375E-05,-0.258575439453125
-0.259857177734375,-4.13238525390625E-05,-0.26055908203125
-0.2618408203125,-4.11468505859375E-05,-0.2625732421875
-0.263824462890625,-4.09698486328125E-05,-0.264495849609375
-0.26580810546875,-4.07958984375E-05,-0.266510009765625
-0.267791748046875,-4.0625E-05,-0.268524169921875
-0.269775390625,-4.04571533203125E-05,-0.27044677734375
-0.271759033203125,-4.02923583984375E-05,-0.27239990234375
-0.27374267578125,-4.0130615234375E-05,-0.274444580078125
-0.275726318359375,-3.9971923828125E-05,-0.276336669921875
-0.2777099609375,-3.98101806640625E-05,-0.2784423828125
-0.279693603515625,-3.96575927734375E-05,-0.28045654296875
-0.28167724609375,-3.95050048828125E-05,-0.282379150390625
-0.283660888671875,-3.935546875E-05,-0.284393310546875
-0.28564453125,-3.92120361328125E-05,-0.286376953125
-0.287628173828125,-3.90655517578125E-05,-0.288330078125
-0.28961181640625,-3.89190673828125E-05,-0.290313720703125
-0.291595458984375,-3.87786865234375E-05,-0.292236328125
-0.2935791015625,-3.86444091796875E-05,-0.29425048828125
-0.295562744140625,-3.85040283203125E-05,-0.296234130859375
-0.29754638671875,-3.83697509765625E-05,-0.2982177734375
-0.299530029296875,-3.82415771484375E-05,-0.30023193359375
-0.301513671875,-3.81103515625E-05,-0.30230712890625
-0.303497314453125,-3.7982177734375E-05,-0.304168701171875
-0.30548095703125,-3.78570556640625E-05,-0.30621337890625
-0.307464599609375,-3.773193359375E-05,-0.308135986328125
-0.3094482421875,-3.760986328125E-05,-0.3101806640625
-0.311431884765625,-3.74908447265625E-05,-0.3121337890625
-0.31341552734375,-3.73687744140625E-05,-0.31414794921875
-0.315399169921875,-3.7255859375E-05,-0.316070556640625
-0.3173828125,-3.7139892578125E-05,-0.318115234375
-0.319366455078125,-3.702392578125E-05,-0.320098876953125
-0.32135009765625,-3.69140625E-05,-0.32208251953125
-0.323333740234375,-3.68072509765625E-05,-0.32403564453125
-0.3253173828125,-3.66973876953125E-05,-0.326080322265625
-0.327301025390625,-3.65936279296875E-05,-0.328033447265625
-0.32928466796875,-3.648681640625E-05,-0.330047607421875
-0.331268310546875,-3.63861083984375E-05,-0.332000732421875
-0.333251953125,-3.6285400390625E-05,-0.333953857421875
-0.335235595703125,-3.61846923828125E-05,-0.335968017578125
-0.33721923828125,-3.6083984375E-05,-0.337921142578125
-0.339202880859375,-3.59893798828125E-05,-0.339874267578125
-0.3411865234375,-3.58917236328125E-05,-0.3419189453125
-0.343170166015625,-3.5797119140625E-05,-0.3438720703125
-0.34515380859375,-3.57086181640625E-05,-0.345916748046875
-0.347137451171875,-3.5614013671875E-05,-0.347808837890625
-0.34912109375,-3.55255126953125E-05,-0.34979248046875
-0.351104736328125,-3.543701171875E-05,-0.351776123046875
-0.35308837890625,-3.53485107421875E-05,-0.353759765625
-0.355072021484375,-3.526611328125E-05,-0.355804443359375
-0.3570556640625,-3.51776123046875E-05,-0.3577880859375
-0.359039306640625,-3.509521484375E-05,-0.359710693359375
-0.36102294921875,-3.5009765625E-05,-0.36175537109375
-0.363006591796875,-3.4930419921875E-05,-0.36376953125
-0.364990234375,-3.48480224609375E-05,-0.36572265625
-0.366973876953125,-3.4771728515625E-05,-0.367706298828125
-0.36895751953125,-3.46923828125E-05,-0.369659423828125
-0.370941162109375,-3.4619140625E-05,-0.37164306640625
-0.3729248046875,-3.45428466796875E-05,-0.373748779296875
-0.374908447265625,-3.44696044921875E-05,-0.375701904296875
-0.37689208984375,-3.43963623046875E-05,-0.377655029296875
-0.378875732421875,-3.4326171875E-05,-0.379608154296875
-0.380859375,-3.42559814453125E-05,-0.381591796875
-0.382843017578125,-3.4185791015625E-05,-0.383575439453125
-0.38482666015625,-3.411865234375E-05,-0.38555908203125
-0.386810302734375,-3.40545654296875E-05,-0.387603759765625
-0.3887939453125,-3.39874267578125E-05,-0.389556884765625
-0.390777587890625,-3.39202880859375E-05,-0.391510009765625
-0.39276123046875,-3.38592529296875E-05,-0.393524169921875
-0.394744873046875,-3.37890625E-05,-0.39544677734375
-0.396728515625,-3.37310791015625E-05,-0.397491455078125
-0.398712158203125,-3.36669921875E-05,-0.39947509765625
-0.40069580078125,-3.36090087890625E-05,-0.401458740234375
-0.398712158203125,-3.3514404296875E-05,-0.39947509765625
-0.396728515625,-3.343505859375E-05,-0.3974609375
-0.394744873046875,-3.33587646484375E-05,-0.3955078125
-0.39276123046875,-3.32855224609375E-05,-0.39349365234375
-0.390777587890625,-3.321533203125E-05,-0.391510009765625
-0.3887939453125,-3.3148193359375E-05,-0.389556884765625
-0.386810302734375,-3.30841064453125E-05,-0.387542724609375
-0.38482666015625,-3.302001953125E-05,-0.385589599609375
-0.382843017578125,-3.2958984375E-05,-0.383636474609375
-0.380859375,-3.289794921875E-05,-0.381561279296875
-0.378875732421875,-3.28399658203125E-05,-0.379547119140625
-0.37689208984375,-3.2781982421875E-05,-0.377716064453125
-0.374908447265625,-3.272705078125E-05,-0.375640869140625
-0.3729248046875,-3.26690673828125E-05,-0.3736572265625
-0.370941162109375,-3.26171875E-05,-0.3717041015625
-0.36895751953125,-3.2562255859375E-05,-0.369659423828125
-0.366973876953125,-3.25103759765625E-05,-0.367706298828125
-0.364990234375,-3.245849609375E-05,-0.36572265625
-0.363006591796875,-3.240966796875E-05,-0.363677978515625
-0.36102294921875,-3.23577880859375E-05,-0.361785888671875
-0.359039306640625,-3.231201171875E-05,-0.3597412109375
-0.3570556640625,-3.226318359375E-05,-0.357757568359375
-0.355072021484375,-3.22174072265625E-05,-0.355804443359375
-0.35308837890625,-3.21685791015625E-05,-0.353759765625
-0.351104736328125,-3.2122802734375E-05,-0.351806640625
-0.34912109375,-3.2080078125E-05,-0.349853515625
-0.347137451171875,-3.2037353515625E-05,-0.34783935546875
-0.34515380859375,-3.19915771484375E-05,-0.345855712890625
-0.343170166015625,-3.1951904296875E-05,-0.343841552734375
-0.3411865234375,-3.19091796875E-05,-0.341888427734375
-0.339202880859375,-3.1866455078125E-05,-0.339935302734375
-0.33721923828125,-3.18267822265625E-05,-0.337921142578125
-0.335235595703125,-3.17901611328125E-05,-0.3359375
-0.333251953125,-3.175048828125E-05,-0.33392333984375
-0.331268310546875,-3.17108154296875E-05,-0.331878662109375
-0.32928466796875,-3.1671142578125E-05,-0.3299560546875
-0.327301025390625,-3.16375732421875E-05,-0.328033447265625
-0.3253173828125,-3.15948486328125E-05,-0.326019287109375
-0.323333740234375,-3.1561279296875E-05,-0.324005126953125
-0.32135009765625,-3.153076171875E-05,-0.322021484375
-0.319366455078125,-3.14910888671875E-05,-0.32000732421875
-0.3173828125,-3.14605712890625E-05,-0.3179931640625
-0.315399169921875,-3.14208984375E-05,-0.316009521484375
-0.31341552734375,-3.1390380859375E-05,-0.3140869140625
-0.311431884765625,-3.1353759765625E-05,-0.312103271484375
-0.3094482421875,-3.1329345703125E-05,-0.31011962890625
-0.307464599609375,-3.12896728515625E-05,-0.30810546875
-0.30548095703125,-3.12591552734375E-05,-0.306121826171875
-0.303497314453125,-3.12286376953125E-05,-0.304168701171875
-0.301513671875,-3.1201171875E-05,-0.302215576171875
-0.299530029296875,-3.11676025390625E-05,-0.300201416015625
-0.29754638671875,-3.11370849609375E-05,-0.298187255859375
-0.295562744140625,-3.11065673828125E-05,-0.296295166015625
-0.2935791015625,-3.10791015625E-05,-0.294219970703125
-0.291595458984375,-3.10455322265625E-05,-0.29217529296875
-0.28961181640625,-3.10211181640625E-05,-0.290191650390625
-0.287628173828125,-3.099365234375E-05,-0.28826904296875
-0.28564453125,-3.0963134765625E-05,-0.286285400390625
-0.283660888671875,-3.0938720703125E-05,-0.2843017578125
-0.28167724609375,-3.09051513671875E-05,-0.282257080078125
-0.279693603515625,-3.0877685546875E-05,-0.28033447265625
-0.2777099609375,-3.08502197265625E-05,-0.278350830078125
-0.275726318359375,-3.082275390625E-05,-0.276397705078125
-0.27374267578125,-3.0792236328125E-05,-0.274383544921875
-0.271759033203125,-3.0767822265625E-05,-0.2723388671875
-0.269775390625,-3.07373046875E-05,-0.270355224609375
-0.267791748046875,-3.0712890625E-05,-0.2684326171875
-0.26580810546875,-3.06854248046875E-05,-0.266326904296875
-0.263824462890625,-3.06610107421875E-05,-0.264434814453125
-0.2618408203125,-3.06243896484375E-05,-0.262542724609375
-0.259857177734375,-3.0609130859375E-05,-0.260467529296875
-0.25787353515625,-3.05694580078125E-05,-0.25848388671875
-0.255889892578125,-3.05450439453125E-05,-0.256500244140625
-0.25390625,-3.05145263671875E-05,-0.2545166015625
-0.251922607421875,-3.0487060546875E-05,-0.25244140625
-0.24993896484375,-3.04534912109375E-05,-0.25054931640625
-0.247955322265625,-3.0426025390625E-05,-0.24853515625
-0.2459716796875,-3.03924560546875E-05,-0.24664306640625
-0.243988037109375,-3.03619384765625E-05,-0.244537353515625
-0.24200439453125,-3.03253173828125E-05,-0.242584228515625
-0.240020751953125,-3.02947998046875E-05,-0.240570068359375
-0.238037109375,-3.026123046875E-05,-0.238616943359375
-0.236053466796875,-3.02215576171875E-05,-0.236602783203125
-0.23406982421875,-3.01849365234375E-05,-0.234619140625
-0.232086181640625,-3.01513671875E-05,-0.232635498046875
-0.2301025390625,-3.011474609375E-05,-0.230712890625
-0.228118896484375,-3.006591796875E-05,-0.22869873046875
-0.22613525390625,-3.0029296875E-05,-0.226715087890625
-0.224151611328125,-2.99835205078125E-05,-0.224700927734375
-0.22216796875,-2.99346923828125E-05,-0.22271728515625
-0.220184326171875,-2.98858642578125E-05,-0.220733642578125
-0.21820068359375,-2.9833984375E-05,-0.21875
-0.216217041015625,-2.97760009765625E-05,-0.2166748046875
-0.2142333984375,-2.97271728515625E-05,-0.214813232421875
-0.212249755859375,-2.96661376953125E-05,-0.212738037109375
-0.21026611328125,-2.960205078125E-05,-0.21087646484375
-0.208282470703125,-2.9534912109375E-05,-0.20880126953125
-0.206298828125,-2.94647216796875E-05,-0.206817626953125
-0.204315185546875,-2.9388427734375E-05,-0.204864501953125
-0.20233154296875,-2.9315185546875E-05,-0.202789306640625
-0.200347900390625,-2.9229736328125E-05,-0.200897216796875
-0.1983642578125,-2.91412353515625E-05,-0.198944091796875
-0.196380615234375,-2.90496826171875E-05,-0.196929931640625
-0.19439697265625,-2.89459228515625E-05,-0.194915771484375
-0.192413330078125,-2.88482666015625E-05,-0.19287109375
-0.1904296875,-2.87322998046875E-05,-0.19091796875
-0.188446044921875,-2.86163330078125E-05,-0.188934326171875
-0.18646240234375,-2.84912109375E-05,-0.18695068359375
-0.184478759765625,-2.835693359375E-05,-0.18499755859375
-0.1824951171875,-2.8216552734375E-05,-0.183013916015625
-0.180511474609375,-2.8070068359375E-05,-0.1810302734375
-0.17852783203125,-2.7911376953125E-05,-0.179046630859375
-0.176544189453125,-2.7734375E-05,-0.177032470703125
-0.174560546875,-2.75665283203125E-05,-0.175048828125
-0.172576904296875,-2.73773193359375E-05,-0.173065185546875
-0.17059326171875,-2.71820068359375E-05,-0.171051025390625
-0.168609619140625,-2.696533203125E-05,-0.1690673828125
-0.1666259765625,-2.67425537109375E-05,-0.16705322265625
-0.164642333984375,-2.65045166015625E-05,-0.165130615234375
-0.16265869140625,-2.6263427734375E-05,-0.163055419921875
-0.160675048828125,-2.60040283203125E-05,-0.161163330078125
-0.15869140625,-2.57232666015625E-05,-0.159149169921875
-0.156707763671875,-2.5433349609375E-05,-0.157196044921875
-0.15472412109375,-2.5128173828125E-05,-0.155181884765625
-0.152740478515625,-2.48199462890625E-05,-0.153228759765625
-0.1507568359375,-2.44781494140625E-05,-0.15118408203125
-0.148773193359375,-2.41119384765625E-05,-0.1492919921875
-0.14678955078125,-2.374267578125E-05,-0.147216796875
-0.144805908203125,-2.33612060546875E-05,-0.145233154296875
-0.142822265625,-2.296142578125E-05,-0.143218994140625
-0.140838623046875,-2.25372314453125E-05,-0.141204833984375
-0.13885498046875,-2.20855712890625E-05,-0.13922119140625
-0.136871337890625,-2.1630859375E-05,-0.1373291015625
-0.1348876953125,-2.11517333984375E-05,-0.13525390625
-0.132904052734375,-2.06573486328125E-05,-0.13330078125
-0.13092041015625,-2.01385498046875E-05,-0.13128662109375
-0.128936767578125,-1.95892333984375E-05,-0.129364013671875
-0.126953125,-1.90338134765625E-05,-0.12738037109375
-0.124969482421875,-1.84539794921875E-05,-0.125396728515625
-0.12298583984375,-1.78558349609375E-05,-0.12335205078125
-0.121002197265625,-1.72271728515625E-05,-0.121429443359375
-0.1190185546875,-1.65771484375E-05,-0.119293212890625
-0.117034912109375,-1.59027099609375E-05,-0.117340087890625
-0.11505126953125,-1.5216064453125E-05,-0.115386962890625
-0.113067626953125,-1.45233154296875E-05,-0.1134033203125
-0.111083984375,-1.37847900390625E-05,-0.111419677734375
-0.109100341796875,-1.30340576171875E-05,-0.10943603515625
-0.10711669921875,-1.22467041015625E-05,-0.107513427734375
-0.105133056640625,-1.1456298828125E-05,-0.10540771484375
-0.1031494140625,-1.06231689453125E-05,-0.10345458984375
-0.101165771484375,-9.783935546875E-06,-0.1014404296875
-0.09918212890625,-8.9324951171875E-06,-0.099456787109375
-0.097198486328125,-8.0413818359375E-06,-0.09747314453125
-0.09521484375,-7.135009765625E-06,-0.095489501953125
-0.093231201171875,-6.207275390625E-06,-0.093536376953125
-0.09124755859375,-5.2490234375E-06,-0.091583251953125
-0.089263916015625,-4.28070068359375E-06,-0.089508056640625
-0.0872802734375,-3.28643798828125E-06,-0.0875244140625
-0.085296630859375,-2.27569580078125E-06,-0.085540771484375
-0.08331298828125,-1.23504638671875E-06,-0.08355712890625
-0.081329345703125,-1.739501953125E-07,-0.08154296875
-0.079345703125,8.9202880859375E-07,-0.079498291015625
-0.077362060546875,2.00469970703125E-06,-0.077423095703125
-0.07537841796875,3.07373046875E-06,-0.07537841796875
-0.073394775390625,4.217529296875E-06,-0.0732421875
-0.0714111328125,5.3753662109375E-06,-0.0711669921875
-0.069427490234375,6.5716552734375E-06,-0.069122314453125
-0.06744384765625,7.75146484375E-06,-0.067596435546875
-0.065460205078125,8.9691162109375E-06,-0.065582275390625
-0.0634765625,1.019287109375E-05,-0.06353759765625
-0.061492919921875,1.142578125E-05,-0.061676025390625
-0.05950927734375,1.270751953125E-05,-0.059661865234375
-0.057525634765625,1.39862060546875E-05,-0.05755615234375
-0.0555419921875,1.52801513671875E-05,-0.05560302734375
-0.053558349609375,1.6571044921875E-05,-0.053680419921875
-0.05157470703125,1.7889404296875E-05,-0.0516357421875
-0.049591064453125,1.91741943359375E-05,-0.0497039794921875
-0.047607421875,2.05352783203125E-05,-0.0477447509765625
-0.045623779296875,2.19024658203125E-05,-0.0457550048828125
-0.04364013671875,2.3248291015625E-05,-0.0437469482421875
-0.041656494140625,2.45849609375E-05,-0.0417938232421875
-0.0396728515625,2.59857177734375E-05,-0.0397979736328125
-0.037689208984375,2.74566650390625E-05,-0.0377716064453125
-0.03570556640625,2.8759765625E-05,-0.0357666015625
-0.033721923828125,3.013916015625E-05,-0.0338104248046875
-0.03173828125,3.15338134765625E-05,-0.0318267822265625
-0.029754638671875,3.28948974609375E-05,-0.0298492431640625
-0.02777099609375,3.427734375E-05,-0.027862548828125
-0.025787353515625,3.56597900390625E-05,-0.0258758544921875
-0.0238037109375,3.7091064453125E-05,-0.0239044189453125
-0.021820068359375,3.84613037109375E-05,-0.0219024658203125
-0.01983642578125,3.98345947265625E-05,-0.0199371337890625
-0.017852783203125,4.12139892578125E-05,-0.0179290771484375
-0.015869140625,4.2584228515625E-05,-0.015948486328125
-0.013885498046875,4.38995361328125E-05,-0.0139556884765625
-0.01190185546875,4.525146484375E-05,-0.011993408203125
-0.009918212890625,4.66094970703125E-05,-0.0099761962890625
-0.0079345703125,4.78973388671875E-05,-0.008013916015625
-0.005950927734375,4.91912841796875E-05,-0.00600585937500001
-0.00396728515625,5.04913330078125E-05,-0.00401916503906249
-0.001983642578125,5.17791748046875E-05,-0.002056884765625
0,5.31097412109375E-05,-3.35693359374972E-05
0.001983642578125,5.43121337890625E-05,0.00196533203125
0.00396728515625,5.54656982421875E-05,0.0039337158203125
0.005950927734375,5.6671142578125E-05,0.0059234619140625
0.0079345703125,5.7867431640625E-05,0.007891845703125
0.009918212890625,5.90087890625E-05,0.0098846435546875
0.01190185546875,6.01104736328125E-05,0.0119049072265625
0.013885498046875,6.1187744140625E-05,0.0138458251953125
0.015869140625,6.2255859375E-05,0.0158203125
0.017852783203125,6.3262939453125E-05,0.0178070068359375
0.01983642578125,6.427001953125E-05,0.0197906494140625
0.021820068359375,6.524658203125E-05,0.021783447265625
0.0238037109375,6.6192626953125E-05,0.023760986328125
0.025787353515625,6.7108154296875E-05,0.025738525390625
0.02777099609375,6.79931640625E-05,0.0277374267578125
0.029754638671875,6.884765625E-05,0.029718017578125
0.03173828125,6.9671630859375E-05,0.0317230224609375
0.033721923828125,7.04345703125E-05,0.03369140625
0.03570556640625,7.11669921875E-05,0.03565673828125
0.037689208984375,7.1868896484375E-05,0.0376678466796875
0.0396728515625,7.2509765625E-05,0.0396575927734375
0.041656494140625,7.31201171875E-05,0.0416046142578125
0.04364013671875,7.3760986328125E-05,0.0435882568359375
0.045623779296875,7.4310302734375E-05,0.0455810546875
0.047607421875,7.4859619140625E-05,0.04755859375
0.049591064453125,7.537841796875E-05,0.0495330810546875
0.05157470703125,7.58056640625E-05,0.05157470703125
0.053558349609375,7.62939453125E-05,0.053558349609375
0.0555419921875,7.666015625E-05,0.055572509765625
0.057525634765625,7.70263671875E-05,0.05755615234375
0.05950927734375,7.7301025390625E-05,0.05950927734375
0.061492919921875,7.7606201171875E-05,0.0615234375
0.0634765625,7.7850341796875E-05,0.0634765625
0.065460205078125,7.8094482421875E-05,0.065460205078125
0.06744384765625,7.8277587890625E-05,0.067474365234375
0.069427490234375,7.843017578125E-05,0.069427490234375
0.0714111328125,7.8521728515625E-05,0.071441650390625
0.073394775390625,7.867431640625E-05,0.0733642578125
0.07537841796875,7.8704833984375E-05,0.075408935546875
0.077362060546875,7.879638671875E-05,0.077423095703125
0.079345703125,7.879638671875E-05,0.079345703125
0.081329345703125,7.87353515625E-05,0.08135986328125
0.08331298828125,7.867431640625E-05,0.0833740234375
0.085296630859375,7.861328125E-05,0.0853271484375
0.0872802734375,7.855224609375E-05,0.087371826171875
0.089263916015625,7.8399658203125E-05,0.08929443359375
0.09124755859375,7.8277587890625E-05,0.09130859375
0.093231201171875,7.8094482421875E-05,0.09326171875
0.09521484375,7.7911376953125E-05,0.095184326171875
0.097198486328125,7.77587890625E-05,0.09722900390625
0.09918212890625,7.75146484375E-05,0.099212646484375
0.101165771484375,7.72705078125E-05,0.101226806640625
0.1031494140625,7.7056884765625E-05,0.103179931640625
0.105133056640625,7.6751708984375E-05,0.105194091796875
0.10711669921875,7.647705078125E-05,0.107177734375
0.109100341796875,7.6171875E-05,0.109130859375
0.111083984375,7.586669921875E-05,0.111114501953125
0.113067626953125,7.5531005859375E-05,0.11309814453125
0.11505126953125,7.51953125E-05,0.1151123046875
0.117034912109375,7.4859619140625E-05,0.11712646484375
0.1190185546875,7.452392578125E-05,0.11907958984375
0.121002197265625,7.4127197265625E-05,0.121124267578125
0.12298583984375,7.373046875E-05,0.123046875
0.124969482421875,7.33642578125E-05,0.125030517578125
0.126953125,7.2967529296875E-05,0.127044677734375
0.128936767578125,7.2601318359375E-05,0.129058837890625
0.13092041015625,7.220458984375E-05,0.13104248046875
0.132904052734375,7.177734375E-05,0.132965087890625
0.1348876953125,7.1380615234375E-05,0.135009765625
0.136871337890625,7.098388671875E-05,0.136993408203125
0.13885498046875,7.0556640625E-05,0.138946533203125
0.140838623046875,7.0159912109375E-05,0.140899658203125
0.142822265625,6.9732666015625E-05,0.1429443359375
0.144805908203125,6.9305419921875E-05,0.144927978515625
0.14678955078125,6.8878173828125E-05,0.14691162109375
0.148773193359375,6.84814453125E-05,0.14886474609375
0.1507568359375,6.805419921875E-05,0.150787353515625
0.152740478515625,6.7626953125E-05,0.152801513671875
0.15472412109375,6.7230224609375E-05,0.15484619140625
0.156707763671875,6.6802978515625E-05,0.15679931640625
0.15869140625,6.634521484375E-05,0.1588134765625
0.160675048828125,6.5948486328125E-05,0.160797119140625
0.16265869140625,6.5521240234375E-05,0.16265869140625
0.164642333984375,6.512451171875E-05,0.16473388671875
0.1666259765625,6.4727783203125E-05,0.166717529296875
0.168609619140625,6.4300537109375E-05,0.168701171875
0.17059326171875,6.390380859375E-05,0.170684814453125
0.172576904296875,6.34765625E-05,0.17266845703125
0.174560546875,6.31103515625E-05,0.1746826171875
0.176544189453125,6.2713623046875E-05,0.1766357421875
0.17852783203125,6.231689453125E-05,0.178680419921875
0.180511474609375,6.1920166015625E-05,0.1805419921875
0.1824951171875,6.1553955078125E-05,0.182647705078125
0.184478759765625,6.1187744140625E-05,0.1845703125
0.18646240234375,6.0821533203125E-05,0.186614990234375
0.188446044921875,6.04248046875E-05,0.188507080078125
0.1904296875,6.005859375E-05,0.19049072265625
0.192413330078125,5.96923828125E-05,0.19256591796875
0.19439697265625,5.9326171875E-05,0.194580078125
0.196380615234375,5.8990478515625E-05,0.19659423828125
0.1983642578125,5.8624267578125E-05,0.198486328125
0.200347900390625,5.828857421875E-05,0.200469970703125
0.20233154296875,5.7952880859375E-05,0.2025146484375
0.204315185546875,5.76171875E-05,0.20440673828125
0.206298828125,5.7281494140625E-05,0.206451416015625
0.208282470703125,5.694580078125E-05,0.208465576171875
0.21026611328125,5.6610107421875E-05,0.21038818359375
0.212249755859375,5.6304931640625E-05,0.212432861328125
0.2142333984375,5.5999755859375E-05,0.21441650390625
0.216217041015625,5.5694580078125E-05,0.216339111328125
0.21820068359375,5.5389404296875E-05,0.218292236328125
0.220184326171875,5.511474609375E-05,0.2203369140625
0.22216796875,5.48095703125E-05,0.22222900390625
0.224151611328125,5.450439453125E-05,0.22430419921875
0.22613525390625,5.419921875E-05,0.226287841796875
0.228118896484375,5.3955078125E-05,0.228271484375
0.2301025390625,5.3680419921875E-05,0.230255126953125
0.232086181640625,5.340576171875E-05,0.2322998046875
0.23406982421875,5.31005859375E-05,0.23419189453125
0.236053466796875,5.28564453125E-05,0.236236572265625
0.238037109375,5.2581787109375E-05,0.23822021484375
0.240020751953125,5.2337646484375E-05,0.240142822265625
0.24200439453125,5.2093505859375E-05,0.242156982421875
0.243988037109375,5.1849365234375E-05,0.24420166015625
0.2459716796875,5.157470703125E-05,0.246185302734375
0.247955322265625,5.1361083984375E-05,0.2481689453125
0.24993896484375,5.1116943359375E-05,0.2501220703125
0.251922607421875,5.0872802734375E-05,0.252105712890625
0.25390625,5.06591796875E-05,0.254150390625
0.255889892578125,5.04150390625E-05,0.256072998046875
0.25787353515625,5.01708984375E-05,0.258026123046875
0.259857177734375,4.9957275390625E-05,0.260009765625
0.2618408203125,4.974365234375E-05,0.2620849609375
0.263824462890625,4.9530029296875E-05,0.2640380859375
0.26580810546875,4.931640625E-05,0.266082763671875
0.267791748046875,4.913330078125E-05,0.26800537109375
0.269775390625,4.89837646484375E-05,0.270294189453125
0.271759033203125,4.87762451171875E-05,0.272308349609375
0.27374267578125,4.8583984375E-05,0.274322509765625
0.275726318359375,4.8382568359375E-05,0.2762451171875
0.2777099609375,4.8199462890625E-05,0.278228759765625
0.279693603515625,4.8004150390625E-05,0.28021240234375
0.28167724609375,4.78271484375E-05,0.2822265625
0.283660888671875,4.76348876953125E-05,0.284210205078125
0.28564453125,4.74639892578125E-05,0.28619384765625
0.287628173828125,4.72808837890625E-05,0.288177490234375
0.28961181640625,4.71099853515625E-05,0.29010009765625
0.291595458984375,4.69329833984375E-05,0.292083740234375
0.2935791015625,4.6771240234375E-05,0.29412841796875
0.295562744140625,4.66033935546875E-05,0.296051025390625
0.29754638671875,4.64385986328125E-05,0.298126220703125
0.299530029296875,4.627685546875E-05,0.299957275390625
0.301513671875,4.61181640625E-05,0.302032470703125
0.303497314453125,4.59625244140625E-05,0.30401611328125
0.30548095703125,4.5806884765625E-05,0.306060791015625
0.307464599609375,4.5660400390625E-05,0.30804443359375
0.3094482421875,4.55047607421875E-05,0.30999755859375
0.311431884765625,4.53643798828125E-05,0.311981201171875
0.31341552734375,4.5220947265625E-05,0.313995361328125
0.315399169921875,4.5074462890625E-05,0.31597900390625
0.3173828125,4.49371337890625E-05,0.317962646484375
0.319366455078125,4.47998046875E-05,0.3199462890625
0.32135009765625,4.46624755859375E-05,0.3218994140625
0.323333740234375,4.453125E-05,0.32391357421875
0.3253173828125,4.44000244140625E-05,0.32586669921875
0.327301025390625,4.42718505859375E-05,0.32781982421875
0.32928466796875,4.4146728515625E-05,0.329864501953125
0.331268310546875,4.40185546875E-05,0.331787109375
0.333251953125,4.3902587890625E-05,0.3338623046875
0.335235595703125,4.37774658203125E-05,0.335784912109375
0.33721923828125,4.36614990234375E-05,0.337738037109375
0.339202880859375,4.354248046875E-05,0.339752197265625
0.3411865234375,4.34326171875E-05,0.341766357421875
0.343170166015625,4.33135986328125E-05,0.34375
0.34515380859375,4.32098388671875E-05,0.34564208984375
0.347137451171875,4.3096923828125E-05,0.34765625
0.34912109375,4.29901123046875E-05,0.349639892578125
0.351104736328125,4.288330078125E-05,0.351715087890625
0.35308837890625,4.2779541015625E-05,0.3536376953125
0.355072021484375,4.26788330078125E-05,0.355560302734375
0.3570556640625,4.2578125E-05,0.357635498046875
0.359039306640625,4.24774169921875E-05,0.359619140625
0.36102294921875,4.23797607421875E-05,0.361572265625
0.363006591796875,4.228515625E-05,0.36358642578125
0.364990234375,4.21844482421875E-05,0.365570068359375
0.366973876953125,4.20928955078125E-05,0.36749267578125
0.36895751953125,4.20013427734375E-05,0.36956787109375
0.370941162109375,4.19097900390625E-05,0.371551513671875
0.3729248046875,4.1815185546875E-05,0.373504638671875
0.374908447265625,4.17266845703125E-05,0.375518798828125
0.37689208984375,4.16290283203125E-05,0.37750244140625
0.378875732421875,4.1546630859375E-05,0.379547119140625
0.380859375,4.1448974609375E-05,0.38140869140625
0.382843017578125,4.1363525390625E-05,0.3834228515625
0.38482666015625,4.12628173828125E-05,0.38543701171875
0.386810302734375,4.11773681640625E-05,0.387359619140625
0.3887939453125,4.10736083984375E-05,0.389373779296875
0.390777587890625,4.097900390625E-05,0.391357421875
0.39276123046875,4.08721923828125E-05,0.3934326171875
0.394744873046875,4.0765380859375E-05,0.395355224609375
0.396728515625,4.06463623046875E-05,0.397369384765625
0.398712158203125,4.05303955078125E-05,0.39935302734375
0.40069580078125,4.03961181640625E-05,0.401336669921875
0.398712158203125,4.02069091796875E-05,0.399322509765625
0.396728515625,4.00238037109375E-05,0.39739990234375
0.394744873046875,3.9837646484375E-05,0.395355224609375
0.39276123046875,3.96484375E-05,0.393402099609375
0.390777587890625,3.94622802734375E-05,0.39141845703125
0.3887939453125,3.92730712890625E-05,0.38934326171875
0.386810302734375,3.90899658203125E-05,0.387420654296875
0.38482666015625,3.8909912109375E-05,0.3853759765625
0.382843017578125,3.873291015625E-05,0.383453369140625
0.380859375,3.85650634765625E-05,0.381378173828125
0.378875732421875,3.84002685546875E-05,0.379425048828125
0.37689208984375,3.82476806640625E-05,0.377410888671875
0.374908447265625,3.80950927734375E-05,0.375396728515625
0.3729248046875,3.795166015625E-05,0.373504638671875
0.370941162109375,3.780517578125E-05,0.371490478515625
0.36895751953125,3.76708984375E-05,0.369476318359375
0.366973876953125,3.75396728515625E-05,0.36749267578125
0.364990234375,3.74114990234375E-05,0.36553955078125
0.363006591796875,3.7286376953125E-05,0.363555908203125
0.36102294921875,3.7164306640625E-05,0.361541748046875
0.359039306640625,3.7042236328125E-05,0.35955810546875
0.3570556640625,3.69293212890625E-05,0.357635498046875
0.355072021484375,3.68133544921875E-05,0.3555908203125
0.35308837890625,3.6700439453125E-05,0.3536376953125
0.351104736328125,3.65936279296875E-05,0.351593017578125
0.34912109375,3.64898681640625E-05,0.349639892578125
0.347137451171875,3.6383056640625E-05,0.34765625
0.34515380859375,3.62823486328125E-05,0.345703125
0.343170166015625,3.6181640625E-05,0.343719482421875
0.3411865234375,3.60870361328125E-05,0.341705322265625
0.339202880859375,3.59893798828125E-05,0.339752197265625
0.33721923828125,3.58917236328125E-05,0.337799072265625
0.335235595703125,3.58001708984375E-05,0.335723876953125
0.333251953125,3.57086181640625E-05,0.333831787109375
0.331268310546875,3.56170654296875E-05,0.33172607421875
0.32928466796875,3.5528564453125E-05,0.329803466796875
0.327301025390625,3.54400634765625E-05,0.327789306640625
0.3253173828125,3.5357666015625E-05,0.3258056640625
0.323333740234375,3.52691650390625E-05,0.32379150390625
0.32135009765625,3.51898193359375E-05,0.321807861328125
0.319366455078125,3.51043701171875E-05,0.31982421875
0.3173828125,3.50250244140625E-05,0.31781005859375
0.315399169921875,3.4942626953125E-05,0.3157958984375
0.31341552734375,3.486328125E-05,0.313873291015625
0.311431884765625,3.4783935546875E-05,0.311920166015625
0.3094482421875,3.47076416015625E-05,0.309906005859375
0.307464599609375,3.46282958984375E-05,0.30792236328125
0.30548095703125,3.45550537109375E-05,0.305877685546875
0.303497314453125,3.4478759765625E-05,0.303955078125
0.301513671875,3.44024658203125E-05,0.30194091796875
0.299530029296875,3.4332275390625E-05,0.299957275390625
0.29754638671875,3.4259033203125E-05,0.298004150390625
0.295562744140625,3.41888427734375E-05,0.2960205078125
0.2935791015625,3.41156005859375E-05,0.294036865234375
0.291595458984375,3.40423583984375E-05,0.2919921875
0.28961181640625,3.39752197265625E-05,0.28997802734375
0.287628173828125,3.39019775390625E-05,0.28802490234375
0.28564453125,3.3831787109375E-05,0.28607177734375
0.283660888671875,3.37615966796875E-05,0.2840576171875
0.28167724609375,3.36944580078125E-05,0.28204345703125
0.279693603515625,3.36212158203125E-05,0.280120849609375
0.2777099609375,3.355712890625E-05,0.278228759765625
0.275726318359375,3.34869384765625E-05,0.276214599609375
0.27374267578125,3.3416748046875E-05,0.274200439453125
0.271759033203125,3.3343505859375E-05,0.27215576171875
0.269775390625,3.32763671875E-05,0.270172119140625
0.267791748046875,3.32061767578125E-05,0.26824951171875
0.26580810546875,3.3135986328125E-05,0.266204833984375
0.263824462890625,3.30657958984375E-05,0.264251708984375
0.2618408203125,3.29986572265625E-05,0.262237548828125
0.259857177734375,3.2928466796875E-05,0.260223388671875
0.25787353515625,3.2855224609375E-05,0.25823974609375
0.255889892578125,3.27850341796875E-05,0.25628662109375
0.25390625,3.27117919921875E-05,0.2542724609375
0.251922607421875,3.26385498046875E-05,0.252288818359375
0.24993896484375,3.25653076171875E-05,0.25030517578125
0.247955322265625,3.24859619140625E-05,0.24835205078125
0.2459716796875,3.24127197265625E-05,0.246307373046875
0.243988037109375,3.23272705078125E-05,0.244415283203125
0.24200439453125,3.2244873046875E-05,0.24237060546875
0.240020751953125,3.21685791015625E-05,0.24029541015625
0.238037109375,3.20831298828125E-05,0.238433837890625
0.236053466796875,3.19976806640625E-05,0.236419677734375
0.23406982421875,3.19122314453125E-05,0.234466552734375
0.232086181640625,3.182373046875E-05,0.232452392578125
0.2301025390625,3.172607421875E-05,0.230499267578125
0.228118896484375,3.16375732421875E-05,0.228485107421875
0.22613525390625,3.15338134765625E-05,0.226531982421875
0.224151611328125,3.14422607421875E-05,0.224517822265625
0.22216796875,3.13385009765625E-05,0.222503662109375
0.220184326171875,3.12347412109375E-05,0.220458984375
0.21820068359375,3.11248779296875E-05,0.21856689453125
0.216217041015625,3.1005859375E-05,0.216552734375
0.2142333984375,3.0889892578125E-05,0.214569091796875
0.212249755859375,3.07769775390625E-05,0.21258544921875
0.21026611328125,3.06488037109375E-05,0.210601806640625
0.208282470703125,3.0523681640625E-05,0.2086181640625
0.206298828125,3.0389404296875E-05,0.20654296875
0.204315185546875,3.02520751953125E-05,0.20465087890625
0.20233154296875,3.01025390625E-05,0.20263671875
0.200347900390625,2.99591064453125E-05,0.20068359375
0.1983642578125,2.9803466796875E-05,0.19866943359375
0.196380615234375,2.9644775390625E-05,0.196685791015625
0.19439697265625,2.9473876953125E-05,0.1947021484375
0.192413330078125,2.9296875E-05,0.192718505859375
0.1904296875,2.9119873046875E-05,0.190765380859375
0.188446044921875,2.89306640625E-05,0.188812255859375
0.18646240234375,2.87384033203125E-05,0.186767578125
0.184478759765625,2.85369873046875E-05,0.184722900390625
0.1824951171875,2.8326416015625E-05,0.182861328125
0.180511474609375,2.8118896484375E-05,0.180694580078125
0.17852783203125,2.78900146484375E-05,0.1788330078125
0.176544189453125,2.7642822265625E-05,0.17681884765625
0.174560546875,2.740478515625E-05,0.174774169921875
0.172576904296875,2.71484375E-05,0.172821044921875
0.17059326171875,2.68829345703125E-05,0.170867919921875
0.168609619140625,2.66082763671875E-05,0.168853759765625
0.1666259765625,2.6336669921875E-05,0.16693115234375
0.164642333984375,2.60345458984375E-05,0.164886474609375
0.16265869140625,2.57354736328125E-05,0.16290283203125
0.160675048828125,2.54119873046875E-05,0.16094970703125
0.15869140625,2.50732421875E-05,0.158935546875
0.156707763671875,2.47467041015625E-05,0.156982421875
0.15472412109375,2.43865966796875E-05,0.154937744140625
0.152740478515625,2.40264892578125E-05,0.152984619140625
0.1507568359375,2.36541748046875E-05,0.151031494140625
0.148773193359375,2.3248291015625E-05,0.149017333984375
0.14678955078125,2.2845458984375E-05,0.14703369140625
0.144805908203125,2.24273681640625E-05,0.14501953125
0.142822265625,2.19940185546875E-05,0.143035888671875
0.140838623046875,2.154541015625E-05,0.1409912109375
0.13885498046875,2.1075439453125E-05,0.1390380859375
0.136871337890625,2.05963134765625E-05,0.13702392578125
0.1348876953125,2.0098876953125E-05,0.135101318359375
0.132904052734375,1.9586181640625E-05,0.13311767578125
0.13092041015625,1.90521240234375E-05,0.131011962890625
0.128936767578125,1.8505859375E-05,0.129150390625
0.126953125,1.79351806640625E-05,0.12701416015625
0.124969482421875,1.7352294921875E-05,0.125152587890625
0.12298583984375,1.67633056640625E-05,0.123046875
0.121002197265625,1.61407470703125E-05,0.121124267578125
0.1190185546875,1.55426025390625E-05,0.119232177734375
0.117034912109375,1.4849853515625E-05,0.1171875
0.11505126953125,1.417236328125E-05,0.115142822265625
0.113067626953125,1.35040283203125E-05,0.1131591796875
0.111083984375,1.27899169921875E-05,0.1112060546875
0.109100341796875,1.20513916015625E-05,0.109222412109375
0.10711669921875,1.13128662109375E-05,0.107208251953125
0.105133056640625,1.05377197265625E-05,0.105224609375
0.1031494140625,9.747314453125E-06,0.103240966796875
0.101165771484375,8.9263916015625E-06,0.101287841796875
0.09918212890625,8.0902099609375E-06,0.099212646484375
0.097198486328125,7.257080078125E-06,0.097259521484375
0.09521484375,6.378173828125E-06,0.095245361328125
0.093231201171875,5.474853515625E-06,0.09326171875
0.09124755859375,4.57305908203125E-06,0.091278076171875
0.089263916015625,3.65203857421875E-06,0.089263916015625
0.0872802734375,2.684326171875E-06,0.0872802734375
0.085296630859375,1.693115234375E-06,0.0853271484375
0.08331298828125,7.1807861328125E-07,0.08331298828125
0.081329345703125,-2.978515625E-07,0.081298828125
0.079345703125,-1.29241943359375E-06,0.079193115234375
0.077362060546875,-2.4169921875E-06,0.077178955078125
0.07537841796875,-3.47015380859375E-06,0.075103759765625
0.073394775390625,-4.57183837890625E-06,0.073028564453125
0.0714111328125,-5.6787109375E-06,0.07098388671875
0.069427490234375,-6.8231201171875E-06,0.06890869140625
0.06744384765625,-7.958984375E-06,0.0673828125
0.065460205078125,-9.1094970703125E-06,0.06536865234375
0.0634765625,-1.0302734375E-05,0.063323974609375
0.061492919921875,-1.14959716796875E-05,0.06134033203125
0.05950927734375,-1.273193359375E-05,0.059356689453125
0.057525634765625,-1.3946533203125E-05,0.057342529296875
0.0555419921875,-1.5179443359375E-05,0.05535888671875
0.053558349609375,-1.64306640625E-05,0.053375244140625
0.05157470703125,-1.77215576171875E-05,0.0513916015625
0.049591064453125,-1.8975830078125E-05,0.0495269775390625
0.047607421875,-2.02667236328125E-05,0.0475738525390625
0.045623779296875,-2.15576171875E-05,0.0455474853515625
0.04364013671875,-2.288818359375E-05,0.043609619140625
0.041656494140625,-2.4200439453125E-05,0.041595458984375
0.0396728515625,-2.5482177734375E-05,0.0396392822265625
0.037689208984375,-2.68310546875E-05,0.037646484375
0.03570556640625,-2.816162109375E-05,0.0356414794921875
0.033721923828125,-2.95196533203125E-05,0.0336883544921875
0.03173828125,-3.0865478515625E-05,0.031683349609375
0.029754638671875,-3.22235107421875E-05,0.0296722412109375
0.02777099609375,-3.35662841796875E-05,0.0277099609375
0.025787353515625,-3.4893798828125E-05,0.0257293701171875
0.0238037109375,-3.62213134765625E-05,0.023773193359375
0.021820068359375,-3.75518798828125E-05,0.02177734375
0.01983642578125,-3.8909912109375E-05,0.019781494140625
0.017852783203125,-4.0234375E-05,0.01778564453125
0.015869140625,-4.1546630859375E-05,0.015814208984375
0.013885498046875,-4.2864990234375E-05,0.0138214111328125
0.01190185546875,-4.41558837890625E-05,0.0118072509765625
0.009918212890625,-4.5440673828125E-05,0.00985107421875001
0.0079345703125,-4.6697998046875E-05,0.007855224609375
0.005950927734375,-4.79522705078125E-05,0.00586547851562499
0.00396728515625,-4.92218017578125E-05,0.00389709472656249
0.001983642578125,-5.03753662109375E-05,0.0019073486328125
0,-5.1605224609375E-05,-7.01904296875056E-05
-0.001983642578125,-5.28961181640625E-05,-0.0020782470703125
-0.00396728515625,-5.404052734375E-05,-0.00408020019531249
-0.005950927734375,-5.51666259765625E-05,-0.0060699462890625
-0.0079345703125,-5.62774658203125E-05,-0.00805053710937501
-0.009918212890625,-5.7366943359375E-05,-0.0100555419921875
-0.01190185546875,-5.8416748046875E-05,-0.0120025634765625
-0.013885498046875,-5.94573974609375E-05,-0.014007568359375
-0.015869140625,-6.04705810546875E-05,-0.0159759521484375
-0.017852783203125,-6.158447265625E-05,-0.01795654296875
-0.01983642578125,-6.25E-05,-0.019927978515625
-0.021820068359375,-6.3385009765625E-05,-0.021905517578125
-0.0238037109375,-6.4300537109375E-05,-0.023907470703125
-0.025787353515625,-6.5155029296875E-05,-0.025897216796875
-0.02777099609375,-6.5948486328125E-05,-0.0278839111328125
-0.029754638671875,-6.6741943359375E-05,-0.0298553466796875
-0.03173828125,-6.75048828125E-05,-0.031842041015625
-0.033721923828125,-6.817626953125E-05,-0.0338287353515625
-0.03570556640625,-6.884765625E-05,-0.0358123779296875
-0.037689208984375,-6.94580078125E-05,-0.03779296875
-0.0396728515625,-7.0159912109375E-05,-0.0398284912109375
-0.041656494140625,-7.0648193359375E-05,-0.041766357421875
-0.04364013671875,-7.1197509765625E-05,-0.0437744140625
-0.045623779296875,-7.16552734375E-05,-0.045751953125
-0.047607421875,-7.208251953125E-05,-0.0477294921875
-0.049591064453125,-7.2509765625E-05,-0.049835205078125
-0.05157470703125,-7.2845458984375E-05,-0.05181884765625
-0.053558349609375,-7.3150634765625E-05,-0.053741455078125
-0.0555419921875,-7.3455810546875E-05,-0.055755615234375
-0.057525634765625,-7.373046875E-05,-0.057769775390625
-0.05950927734375,-7.391357421875E-05,-0.05975341796875
-0.061492919921875,-7.40966796875E-05,-0.061737060546875
-0.0634765625,-7.421875E-05,-0.063720703125
-0.065460205078125,-7.4310302734375E-05,-0.065643310546875
-0.06744384765625,-7.4371337890625E-05,-0.067657470703125
-0.069427490234375,-7.4432373046875E-05,-0.0697021484375
-0.0714111328125,-7.440185546875E-05,-0.07171630859375
-0.073394775390625,-7.4371337890625E-05,-0.07366943359375
-0.07537841796875,-7.4310302734375E-05,-0.07562255859375
-0.077362060546875,-7.4188232421875E-05,-0.07763671875
-0.079345703125,-7.403564453125E-05,-0.07958984375
-0.081329345703125,-7.3883056640625E-05,-0.08154296875
-0.08331298828125,-7.3699951171875E-05,-0.08355712890625
-0.085296630859375,-7.3455810546875E-05,-0.0855712890625
-0.0872802734375,-7.32421875E-05,-0.087554931640625
-0.089263916015625,-7.2967529296875E-05,-0.08953857421875
-0.09124755859375,-7.269287109375E-05,-0.09149169921875
-0.093231201171875,-7.2357177734375E-05,-0.093536376953125
-0.09521484375,-7.2052001953125E-05,-0.09552001953125
-0.097198486328125,-7.16552734375E-05,-0.097442626953125
-0.09918212890625,-7.12890625E-05,-0.099517822265625
-0.101165771484375,-7.09228515625E-05,-0.101470947265625
-0.1031494140625,-7.049560546875E-05,-0.1033935546875
-0.105133056640625,-7.0068359375E-05,-0.105377197265625
-0.10711669921875,-6.964111328125E-05,-0.107330322265625
-0.109100341796875,-6.9183349609375E-05,-0.109344482421875
-0.111083984375,-6.8695068359375E-05,-0.11138916015625
-0.113067626953125,-6.8267822265625E-05,-0.11334228515625
-0.11505126953125,-6.7718505859375E-05,-0.115325927734375
-0.117034912109375,-6.72607421875E-05,-0.117401123046875
-0.1190185546875,-6.6802978515625E-05,-0.11932373046875
-0.121002197265625,-6.6253662109375E-05,-0.121337890625
-0.12298583984375,-6.5765380859375E-05,-0.12335205078125
-0.124969482421875,-6.524658203125E-05,-0.125244140625
-0.126953125,-6.4727783203125E-05,-0.127227783203125
-0.128936767578125,-6.4208984375E-05,-0.129241943359375
-0.13092041015625,-6.3690185546875E-05,-0.131195068359375
-0.132904052734375,-6.317138671875E-05,-0.133148193359375
-0.1348876953125,-6.2652587890625E-05,-0.13525390625
-0.136871337890625,-6.21337890625E-05,-0.13720703125
-0.13885498046875,-6.16455078125E-05,-0.139190673828125
-0.140838623046875,-6.1126708984375E-05,-0.141143798828125
-0.142822265625,-6.060791015625E-05,-0.14312744140625
-0.144805908203125,-6.011962890625E-05,-0.145172119140625
-0.14678955078125,-5.9600830078125E-05,-0.1470947265625
-0.148773193359375,-5.9112548828125E-05,-0.149200439453125
-0.1507568359375,-5.8624267578125E-05,-0.151123046875
-0.152740478515625,-5.8135986328125E-05,-0.15313720703125
-0.15472412109375,-5.76171875E-05,-0.15509033203125
-0.156707763671875,-5.7159423828125E-05,-0.156982421875
-0.15869140625,-5.670166015625E-05,-0.158966064453125
-0.160675048828125,-5.6243896484375E-05,-0.1610107421875
-0.16265869140625,-5.57861328125E-05,-0.162933349609375
-0.164642333984375,-5.5328369140625E-05,-0.16497802734375
-0.1666259765625,-5.4931640625E-05,-0.16693115234375
-0.168609619140625,-5.450439453125E-05,-0.1689453125
-0.17059326171875,-5.4046630859375E-05,-0.170928955078125
-0.172576904296875,-5.3619384765625E-05,-0.1729736328125
-0.174560546875,-5.322265625E-05,-0.17486572265625
-0.176544189453125,-5.2825927734375E-05,-0.176849365234375
-0.17852783203125,-5.242919921875E-05,-0.17889404296875
-0.180511474609375,-5.2032470703125E-05,-0.180877685546875
-0.1824951171875,-5.1666259765625E-05,-0.18280029296875
-0.184478759765625,-5.126953125E-05,-0.184783935546875
-0.18646240234375,-5.0933837890625E-05,-0.186798095703125
-0.188446044921875,-5.0567626953125E-05,-0.188720703125
-0.1904296875,-5.0201416015625E-05,-0.190765380859375
-0.192413330078125,-4.9835205078125E-05,-0.19281005859375
-0.19439697265625,-4.9530029296875E-05,-0.1947021484375
-0.196380615234375,-4.9224853515625E-05,-0.196685791015625
-0.1983642578125,-4.89410400390625E-05,-0.198760986328125
-0.200347900390625,-4.8614501953125E-05,-0.20068359375
-0.20233154296875,-4.8101806640625E-05,-0.20306396484375
-0.204315185546875,-4.77935791015625E-05,-0.204986572265625
-0.206298828125,-4.7491455078125E-05,-0.20697021484375
-0.208282470703125,-4.71923828125E-05,-0.209014892578125
-0.21026611328125,-4.69024658203125E-05,-0.2109375
-0.212249755859375,-4.661865234375E-05,-0.212890625
-0.2142333984375,-4.63409423828125E-05,-0.214935302734375
-0.216217041015625,-4.60693359375E-05,-0.216888427734375
-0.21820068359375,-4.57977294921875E-05,-0.218841552734375
-0.220184326171875,-4.55352783203125E-05,-0.220855712890625
-0.22216796875,-4.527587890625E-05,-0.222808837890625
-0.224151611328125,-4.5025634765625E-05,-0.224761962890625
-0.22613525390625,-4.47784423828125E-05,-0.226776123046875
-0.228118896484375,-4.45343017578125E-05,-0.228729248046875
-0.2301025390625,-4.4293212890625E-05,-0.230865478515625
-0.232086181640625,-4.405517578125E-05,-0.232757568359375
-0.23406982421875,-4.38262939453125E-05,-0.234771728515625
-0.236053466796875,-4.36004638671875E-05,-0.2366943359375
-0.238037109375,-4.33807373046875E-05,-0.23870849609375
-0.240020751953125,-4.31610107421875E-05,-0.24072265625
-0.24200439453125,-4.2950439453125E-05,-0.24273681640625
-0.243988037109375,-4.27398681640625E-05,-0.244659423828125
-0.2459716796875,-4.25323486328125E-05,-0.246673583984375
-0.247955322265625,-4.2333984375E-05,-0.248565673828125
-0.24993896484375,-4.21356201171875E-05,-0.2506103515625
-0.251922607421875,-4.1943359375E-05,-0.252532958984375
-0.25390625,-4.17510986328125E-05,-0.25457763671875
-0.255889892578125,-4.156494140625E-05,-0.25653076171875
-0.25787353515625,-4.13787841796875E-05,-0.258575439453125
-0.259857177734375,-4.119873046875E-05,-0.26055908203125
-0.2618408203125,-4.10186767578125E-05,-0.262542724609375
-0.263824462890625,-4.08447265625E-05,-0.264495849609375
-0.26580810546875,-4.0673828125E-05,-0.2664794921875
-0.267791748046875,-4.05059814453125E-05,-0.2684326171875
-0.269775390625,-4.03411865234375E-05,-0.270477294921875
-0.271759033203125,-4.01763916015625E-05,-0.272369384765625
-0.27374267578125,-4.00146484375E-05,-0.274444580078125
-0.275726318359375,-3.98590087890625E-05,-0.276458740234375
-0.2777099609375,-3.9703369140625E-05,-0.278411865234375
-0.279693603515625,-3.955078125E-05,-0.280426025390625
-0.28167724609375,-3.94012451171875E-05,-0.282379150390625
-0.283660888671875,-3.92547607421875E-05,-0.2843017578125
-0.28564453125,-3.9111328125E-05,-0.28631591796875
-0.287628173828125,-3.89678955078125E-05,-0.28826904296875
-0.28961181640625,-3.88275146484375E-05,-0.29034423828125
-0.291595458984375,-3.8690185546875E-05,-0.292266845703125
-0.2935791015625,-3.8555908203125E-05,-0.294281005859375
-0.295562744140625,-3.8421630859375E-05,-0.29620361328125
-0.29754638671875,-3.829345703125E-05,-0.29827880859375
-0.299530029296875,-3.81622314453125E-05,-0.30023193359375
-0.301513671875,-3.80401611328125E-05,-0.302276611328125
-0.303497314453125,-3.79119873046875E-05,-0.30413818359375
-0.30548095703125,-3.77899169921875E-05,-0.30621337890625
-0.307464599609375,-3.76708984375E-05,-0.30816650390625
-0.3094482421875,-3.75518798828125E-05,-0.310150146484375
-0.311431884765625,-3.7432861328125E-05,-0.3121337890625
-0.31341552734375,-3.73199462890625E-05,-0.314117431640625
-0.315399169921875,-3.720703125E-05,-0.316009521484375
-0.3173828125,-3.70941162109375E-05,-0.318115234375
-0.319366455078125,-3.69873046875E-05,-0.320037841796875
-0.32135009765625,-3.68743896484375E-05,-0.322021484375
-0.323333740234375,-3.6773681640625E-05,-0.324066162109375
-0.3253173828125,-3.6669921875E-05,-0.3260498046875
-0.327301025390625,-3.6566162109375E-05,-0.328033447265625
-0.32928466796875,-3.6468505859375E-05,-0.329986572265625
-0.331268310546875,-3.636474609375E-05,-0.331939697265625
-0.333251953125,-3.62701416015625E-05,-0.333953857421875
-0.335235595703125,-3.61724853515625E-05,-0.3359375
-0.33721923828125,-3.6077880859375E-05,-0.337982177734375
-0.339202880859375,-3.5986328125E-05,-0.339935302734375
-0.3411865234375,-3.5894775390625E-05,-0.341949462890625
-0.343170166015625,-3.58062744140625E-05,-0.343902587890625
-0.34515380859375,-3.57177734375E-05,-0.345855712890625
-0.347137451171875,-3.56292724609375E-05,-0.347869873046875
-0.34912109375,-3.55438232421875E-05,-0.349822998046875
-0.351104736328125,-3.54583740234375E-05,-0.351837158203125
-0.35308837890625,-3.53790283203125E-05,-0.353851318359375
-0.355072021484375,-3.5296630859375E-05,-0.3558349609375
-0.3570556640625,-3.52203369140625E-05,-0.35784912109375
-0.359039306640625,-3.5137939453125E-05,-0.359832763671875
-0.36102294921875,-3.50616455078125E-05,-0.36175537109375
-0.363006591796875,-3.49853515625E-05,-0.363800048828125
-0.364990234375,-3.4912109375E-05,-0.365692138671875
-0.366973876953125,-3.48358154296875E-05,-0.36773681640625
-0.36895751953125,-3.47625732421875E-05,-0.36962890625
-0.370941162109375,-3.46923828125E-05,-0.37164306640625
-0.3729248046875,-3.46221923828125E-05,-0.373687744140625
-0.374908447265625,-3.45550537109375E-05,-0.375640869140625
-0.37689208984375,-3.44879150390625E-05,-0.37762451171875
-0.378875732421875,-3.44207763671875E-05,-0.379638671875
-0.380859375,-3.43597412109375E-05,-0.381622314453125
-0.382843017578125,-3.42926025390625E-05,-0.383575439453125
-0.38482666015625,-3.42315673828125E-05,-0.3856201171875
-0.386810302734375,-3.41705322265625E-05,-0.3875732421875
-0.3887939453125,-3.4112548828125E-05,-0.389556884765625
-0.390777587890625,-3.4051513671875E-05,-0.391571044921875
-0.39276123046875,-3.399658203125E-05,-0.393524169921875
-0.394744873046875,-3.3935546875E-05,-0.3955078125
-0.396728515625,-3.3880615234375E-05,-0.397491455078125
-0.398712158203125,-3.382568359375E-05,-0.399444580078125
-0.40069580078125,-3.3770751953125E-05,-0.401397705078125
-0.398712158203125,-3.36822509765625E-05,-0.399505615234375
-0.396728515625,-3.360595703125E-05,-0.397491455078125
-0.394744873046875,-3.3538818359375E-05,-0.395477294921875
-0.39276123046875,-3.34716796875E-05,-0.393524169921875
-0.390777587890625,-3.341064453125E-05,-0.3916015625
-0.3887939453125,-3.33465576171875E-05,-0.3895263671875
-0.386810302734375,-3.32855224609375E-05,-0.3875732421875
-0.38482666015625,-3.32305908203125E-05,-0.385528564453125
-0.382843017578125,-3.31756591796875E-05,-0.383514404296875
-0.380859375,-3.31207275390625E-05,-0.381622314453125
-0.378875732421875,-3.30718994140625E-05,-0.379638671875
-0.37689208984375,-3.3013916015625E-05,-0.37762451171875
-0.374908447265625,-3.29681396484375E-05,-0.375579833984375
-0.3729248046875,-3.29193115234375E-05,-0.373687744140625
-0.370941162109375,-3.2867431640625E-05,-0.371673583984375
-0.36895751953125,-3.28277587890625E-05,-0.36962890625
-0.366973876953125,-3.27789306640625E-05,-0.367645263671875
-0.364990234375,-3.27362060546875E-05,-0.36566162109375
-0.363006591796875,-3.26904296875E-05,-0.36376953125
-0.36102294921875,-3.2647705078125E-05,-0.361724853515625
-0.359039306640625,-3.260498046875E-05,-0.359771728515625
-0.3570556640625,-3.2568359375E-05,-0.357757568359375
-0.355072021484375,-3.2525634765625E-05,-0.355804443359375
-0.35308837890625,-3.2489013671875E-05,-0.35382080078125
-0.351104736328125,-3.24493408203125E-05,-0.351806640625
-0.34912109375,-3.240966796875E-05,-0.349822998046875
-0.347137451171875,-3.2373046875E-05,-0.347808837890625
-0.34515380859375,-3.23394775390625E-05,-0.345855712890625
-0.343170166015625,-3.22998046875E-05,-0.34381103515625
-0.3411865234375,-3.22662353515625E-05,-0.341827392578125
-0.339202880859375,-3.2232666015625E-05,-0.33990478515625
-0.33721923828125,-3.21990966796875E-05,-0.33795166015625
-0.335235595703125,-3.21685791015625E-05,-0.3359375
-0.333251953125,-3.21380615234375E-05,-0.3338623046875
-0.331268310546875,-3.21044921875E-05,-0.331939697265625
-0.32928466796875,-3.20709228515625E-05,-0.329925537109375
-0.327301025390625,-3.20404052734375E-05,-0.327972412109375
-0.3253173828125,-3.2012939453125E-05,-0.325958251953125
-0.323333740234375,-3.1982421875E-05,-0.324005126953125
-0.32135009765625,-3.19549560546875E-05,-0.321990966796875
-0.319366455078125,-3.1927490234375E-05,-0.320068359375
-0.3173828125,-3.189697265625E-05,-0.31805419921875
-0.315399169921875,-3.18695068359375E-05,-0.31610107421875
-0.31341552734375,-3.184814453125E-05,-0.314117431640625
-0.311431884765625,-3.1817626953125E-05,-0.312042236328125
-0.3094482421875,-3.1793212890625E-05,-0.310089111328125
-0.307464599609375,-3.1768798828125E-05,-0.30816650390625
-0.30548095703125,-3.17413330078125E-05,-0.306121826171875
-0.303497314453125,-3.17138671875E-05,-0.304168701171875
-0.301513671875,-3.16925048828125E-05,-0.30218505859375
-0.299530029296875,-3.1671142578125E-05,-0.300201416015625
-0.29754638671875,-3.16436767578125E-05,-0.298187255859375
-0.295562744140625,-3.16253662109375E-05,-0.296295166015625
-0.2935791015625,-3.1597900390625E-05,-0.294219970703125
-0.291595458984375,-3.15765380859375E-05,-0.29229736328125
-0.28961181640625,-3.15521240234375E-05,-0.290283203125
-0.287628173828125,-3.15338134765625E-05,-0.28826904296875
-0.28564453125,-3.150634765625E-05,-0.28631591796875
-0.283660888671875,-3.1488037109375E-05,-0.28436279296875
-0.28167724609375,-3.14605712890625E-05,-0.282318115234375
-0.279693603515625,-3.14453125E-05,-0.28033447265625
-0.2777099609375,-3.14208984375E-05,-0.27838134765625
-0.275726318359375,-3.1396484375E-05,-0.2763671875
-0.27374267578125,-3.1378173828125E-05,-0.274383544921875
-0.271759033203125,-3.13568115234375E-05,-0.272369384765625
-0.269775390625,-3.133544921875E-05,-0.2705078125
-0.267791748046875,-3.131103515625E-05,-0.2684326171875
-0.26580810546875,-3.1292724609375E-05,-0.26641845703125
-0.263824462890625,-3.12652587890625E-05,-0.264434814453125
-0.2618408203125,-3.12469482421875E-05,-0.262481689453125
-0.259857177734375,-3.12286376953125E-05,-0.260498046875
-0.25787353515625,-3.1201171875E-05,-0.25848388671875
-0.255889892578125,-3.11737060546875E-05,-0.2564697265625
-0.25390625,-3.11614990234375E-05,-0.254486083984375
-0.251922607421875,-3.11187744140625E-05,-0.252471923828125
-0.24993896484375,-3.11065673828125E-05,-0.250518798828125
-0.247955322265625,-3.10791015625E-05,-0.24853515625
-0.2459716796875,-3.10577392578125E-05,-0.24658203125
-0.243988037109375,-3.10150146484375E-05,-0.244659423828125
-0.24200439453125,-3.10028076171875E-05,-0.24261474609375
-0.240020751953125,-3.096923828125E-05,-0.2406005859375
-0.238037109375,-3.0938720703125E-05,-0.238616943359375
-0.236053466796875,-3.09051513671875E-05,-0.236663818359375
-0.23406982421875,-3.087158203125E-05,-0.234649658203125
-0.232086181640625,-3.08441162109375E-05,-0.232666015625
-0.2301025390625,-3.0810546875E-05,-0.23065185546875
-0.228118896484375,-3.0767822265625E-05,-0.22869873046875
-0.22613525390625,-3.07373046875E-05,-0.226715087890625
-0.224151611328125,-3.06915283203125E-05,-0.2247314453125
-0.22216796875,-3.0645751953125E-05,-0.22265625
-0.220184326171875,-3.06060791015625E-05,-0.220733642578125
-0.21820068359375,-3.055419921875E-05,-0.21875
-0.216217041015625,-3.05084228515625E-05,-0.216796875
-0.2142333984375,-3.04473876953125E-05,-0.21478271484375
-0.212249755859375,-3.0401611328125E-05,-0.212860107421875
-0.21026611328125,-3.033447265625E-05,-0.210845947265625
-0.208282470703125,-3.02825927734375E-05,-0.208831787109375
-0.206298828125,-3.02032470703125E-05,-0.206817626953125
-0.204315185546875,-3.01483154296875E-05,-0.204833984375
-0.20233154296875,-3.006591796875E-05,-0.202880859375
-0.200347900390625,-2.99896240234375E-05,-0.200897216796875
-0.1983642578125,-2.989501953125E-05,-0.198944091796875
-0.196380615234375,-2.9815673828125E-05,-0.196868896484375
-0.19439697265625,-2.97088623046875E-05,-0.1949462890625
-0.192413330078125,-2.9608154296875E-05,-0.192962646484375
-0.1904296875,-2.95074462890625E-05,-0.190948486328125
-0.188446044921875,-2.93853759765625E-05,-0.188873291015625
-0.18646240234375,-2.92694091796875E-05,-0.18695068359375
-0.184478759765625,-2.91290283203125E-05,-0.185028076171875
-0.1824951171875,-2.8997802734375E-05,-0.18292236328125
-0.180511474609375,-2.88421630859375E-05,-0.1810302734375
-0.17852783203125,-2.86956787109375E-05,-0.17901611328125
-0.176544189453125,-2.8515625E-05,-0.17706298828125
-0.174560546875,-2.8350830078125E-05,-0.175140380859375
-0.172576904296875,-2.8143310546875E-05,-0.173065185546875
-0.17059326171875,-2.796630859375E-05,-0.17108154296875
-0.168609619140625,-2.77374267578125E-05,-0.169097900390625
-0.1666259765625,-2.75299072265625E-05,-0.1671142578125
-0.164642333984375,-2.728271484375E-05,-0.16510009765625
-0.16265869140625,-2.705078125E-05,-0.1630859375
-0.160675048828125,-2.6763916015625E-05,-0.16107177734375
-0.15869140625,-2.65045166015625E-05,-0.15911865234375
-0.156707763671875,-2.6202392578125E-05,-0.157135009765625
-0.15472412109375,-2.59002685546875E-05,-0.155242919921875
-0.152740478515625,-2.55767822265625E-05,-0.153167724609375
-0.1507568359375,-2.52410888671875E-05,-0.151214599609375
-0.148773193359375,-2.48779296875E-05,-0.149261474609375
-0.14678955078125,-2.45086669921875E-05,-0.147247314453125
-0.144805908203125,-2.41119384765625E-05,-0.145233154296875
-0.142822265625,-2.36968994140625E-05,-0.1431884765625
-0.140838623046875,-2.32696533203125E-05,-0.141326904296875
-0.13885498046875,-2.28240966796875E-05,-0.139251708984375
-0.136871337890625,-2.2357177734375E-05,-0.137298583984375
-0.1348876953125,-2.1875E-05,-0.135284423828125
-0.132904052734375,-2.13714599609375E-05,-0.13330078125
-0.13092041015625,-2.0843505859375E-05,-0.131256103515625
-0.128936767578125,-2.03033447265625E-05,-0.12933349609375
-0.126953125,-1.9720458984375E-05,-0.12738037109375
-0.124969482421875,-1.91375732421875E-05,-0.1253662109375
-0.12298583984375,-1.85211181640625E-05,-0.1234130859375
-0.121002197265625,-1.790771484375E-05,-0.12139892578125
-0.1190185546875,-1.7230224609375E-05,-0.119415283203125
-0.117034912109375,-1.6552734375E-05,-0.117401123046875
-0.11505126953125,-1.58447265625E-05,-0.115386962890625
-0.113067626953125,-1.51611328125E-05,-0.11334228515625
-0.111083984375,-1.441650390625E-05,-0.111358642578125
-0.109100341796875,-1.36688232421875E-05,-0.10943603515625
-0.10711669921875,-1.28753662109375E-05,-0.107421875
-0.105133056640625,-1.2066650390625E-05,-0.105438232421875
-0.1031494140625,-1.124267578125E-05,-0.103515625
-0.101165771484375,-1.038818359375E-05,-0.1014404296875
-0.09918212890625,-9.527587890625E-06,-0.0994873046875
-0.097198486328125,-8.63037109375E-06,-0.097442626953125
-0.09521484375,-7.708740234375E-06,-0.095458984375
-0.093231201171875,-6.7718505859375E-06,-0.093475341796875
-0.09124755859375,-5.8319091796875E-06,-0.091522216796875
-0.089263916015625,-4.8248291015625E-06,-0.08953857421875
-0.0872802734375,-3.82781982421875E-06,-0.08746337890625
-0.085296630859375,-2.80914306640625E-06,-0.085479736328125
-0.08331298828125,-1.76666259765625E-06,-0.083587646484375
-0.081329345703125,-6.82373046875E-07,-0.081573486328125
-0.079345703125,3.7841796875E-07,-0.079498291015625
-0.077362060546875,1.485595703125E-06,-0.077392578125
-0.07537841796875,2.56195068359375E-06,-0.075408935546875
-0.073394775390625,3.71917724609375E-06,-0.0733642578125
-0.0714111328125,4.884033203125E-06,-0.071258544921875
-0.069427490234375,6.051025390625E-06,-0.0692138671875
-0.06744384765625,7.23876953125E-06,-0.067535400390625
-0.065460205078125,8.4686279296875E-06,-0.0655517578125
-0.0634765625,9.722900390625E-06,-0.063507080078125
-0.061492919921875,1.09588623046875E-05,-0.06158447265625
-0.05950927734375,1.22161865234375E-05,-0.05963134765625
-0.057525634765625,1.3494873046875E-05,-0.0576171875
-0.0555419921875,1.4788818359375E-05,-0.0556640625
-0.053558349609375,1.60858154296875E-05,-0.053619384765625
-0.05157470703125,1.74072265625E-05,-0.051605224609375
-0.049591064453125,1.8756103515625E-05,-0.0496917724609375
-0.047607421875,2.0086669921875E-05,-0.0477081298828125
-0.045623779296875,2.14263916015625E-05,-0.045733642578125
-0.04364013671875,2.27813720703125E-05,-0.0437530517578125
-0.041656494140625,2.4163818359375E-05,-0.0417724609375
-0.0396728515625,2.55401611328125E-05,-0.0397705078125
-0.037689208984375,2.70111083984375E-05,-0.037786865234375
-0.03570556640625,2.8289794921875E-05,-0.035821533203125
-0.033721923828125,2.9693603515625E-05,-0.033795166015625
-0.03173828125,3.11065673828125E-05,-0.0318389892578125
-0.029754638671875,3.2501220703125E-05,-0.02984619140625
-0.02777099609375,3.387451171875E-05,-0.02786865234375
-0.025787353515625,3.525390625E-05,-0.025872802734375
-0.0238037109375,3.66668701171875E-05,-0.023876953125
-0.021820068359375,3.804931640625E-05,-0.0219146728515625
-0.01983642578125,3.9422607421875E-05,-0.019921875
-0.017852783203125,4.07867431640625E-05,-0.017938232421875
-0.015869140625,4.21417236328125E-05,-0.015948486328125
-0.013885498046875,4.3505859375E-05,-0.0139434814453125
-0.01190185546875,4.48333740234375E-05,-0.011981201171875
-0.009918212890625,4.61700439453125E-05,-0.009967041015625
-0.0079345703125,4.7491455078125E-05,-0.0079986572265625
-0.005950927734375,4.881591796875E-05,-0.0060150146484375
-0.00396728515625,5.0091552734375E-05,-0.0040283203125
-0.001983642578125,5.13671875E-05,-0.00203857421875001
0,5.27374267578125E-05,-2.44140625000056E-05
0.001983642578125,5.3936767578125E-05,0.0019683837890625
0.00396728515625,5.50811767578125E-05,0.00390625
0.005950927734375,5.628662109375E-05,0.0059051513671875
0.0079345703125,5.74462890625E-05,0.00791015624999999
0.009918212890625,5.86029052734375E-05,0.0098846435546875
0.01190185546875,5.97137451171875E-05,0.01187744140625
0.013885498046875,6.08245849609375E-05,0.0138580322265625
0.015869140625,6.182861328125E-05,0.01580810546875
0.017852783203125,6.28662109375E-05,0.017822265625
0.01983642578125,6.3873291015625E-05,0.019781494140625
0.021820068359375,6.4849853515625E-05,0.0217864990234375
0.0238037109375,6.5826416015625E-05,0.0237701416015625
0.025787353515625,6.671142578125E-05,0.0257568359375
0.02777099609375,6.7596435546875E-05,0.0277374267578125
0.029754638671875,6.8450927734375E-05,0.029705810546875
0.03173828125,6.9244384765625E-05,0.031689453125
0.033721923828125,7.000732421875E-05,0.0336761474609375
0.03570556640625,7.0770263671875E-05,0.0356689453125
0.037689208984375,7.147216796875E-05,0.0376617431640625
0.0396728515625,7.21435546875E-05,0.039642333984375
0.041656494140625,7.275390625E-05,0.0416046142578125
0.04364013671875,7.3333740234375E-05,0.0435577392578125
0.045623779296875,7.391357421875E-05,0.0455902099609375
0.047607421875,7.4462890625E-05,0.04754638671875
0.049591064453125,7.4951171875E-05,0.049517822265625
0.05157470703125,7.5439453125E-05,0.05157470703125
0.053558349609375,7.5836181640625E-05,0.053497314453125
0.0555419921875,7.623291015625E-05,0.055572509765625
0.057525634765625,7.659912109375E-05,0.05755615234375
0.05950927734375,7.6904296875E-05,0.0595703125
0.061492919921875,7.720947265625E-05,0.061492919921875
0.0634765625,7.745361328125E-05,0.063507080078125
0.065460205078125,7.7667236328125E-05,0.06549072265625
0.06744384765625,7.7850341796875E-05,0.06744384765625
0.069427490234375,7.80029296875E-05,0.0694580078125
0.0714111328125,7.8125E-05,0.07147216796875
0.073394775390625,7.8216552734375E-05,0.073455810546875
0.07537841796875,7.82470703125E-05,0.075439453125
0.077362060546875,7.8277587890625E-05,0.077362060546875
0.079345703125,7.830810546875E-05,0.079345703125
0.081329345703125,7.8277587890625E-05,0.081298828125
0.08331298828125,7.8216552734375E-05,0.083343505859375
0.085296630859375,7.8155517578125E-05,0.085296630859375
0.0872802734375,7.8033447265625E-05,0.087371826171875
0.089263916015625,7.7911376953125E-05,0.08929443359375
0.09124755859375,7.7789306640625E-05,0.09130859375
0.093231201171875,7.7606201171875E-05,0.093292236328125
0.09521484375,7.745361328125E-05,0.095245361328125
0.097198486328125,7.720947265625E-05,0.0972900390625
0.09918212890625,7.6995849609375E-05,0.09918212890625
0.101165771484375,7.67822265625E-05,0.101226806640625
0.1031494140625,7.6507568359375E-05,0.103240966796875
0.105133056640625,7.623291015625E-05,0.105194091796875
0.10711669921875,7.5927734375E-05,0.10723876953125
0.109100341796875,7.562255859375E-05,0.109161376953125
0.111083984375,7.5286865234375E-05,0.111083984375
0.113067626953125,7.4981689453125E-05,0.1131591796875
0.11505126953125,7.464599609375E-05,0.115142822265625
0.117034912109375,7.427978515625E-05,0.117156982421875
0.1190185546875,7.391357421875E-05,0.11907958984375
0.121002197265625,7.3516845703125E-05,0.12103271484375
0.12298583984375,7.318115234375E-05,0.123077392578125
0.124969482421875,7.2784423828125E-05,0.125030517578125
0.126953125,7.2357177734375E-05,0.12701416015625
0.128936767578125,7.1990966796875E-05,0.1290283203125
0.13092041015625,7.159423828125E-05,0.131011962890625
0.132904052734375,7.11669921875E-05,0.132965087890625
0.1348876953125,7.073974609375E-05,0.13494873046875
0.136871337890625,7.0343017578125E-05,0.136962890625
0.13885498046875,6.99462890625E-05,0.13897705078125
0.140838623046875,6.951904296875E-05,0.140960693359375
0.142822265625,6.9091796875E-05,0.1429443359375
0.144805908203125,6.866455078125E-05,0.1448974609375
0.14678955078125,6.82373046875E-05,0.146881103515625
0.148773193359375,6.781005859375E-05,0.14886474609375
0.1507568359375,6.73828125E-05,0.150848388671875
0.152740478515625,6.695556640625E-05,0.15283203125
0.15472412109375,6.65283203125E-05,0.15484619140625
0.156707763671875,6.6070556640625E-05,0.15679931640625
0.15869140625,6.5643310546875E-05,0.158782958984375
0.160675048828125,6.524658203125E-05,0.160797119140625
0.16265869140625,6.48193359375E-05,0.162841796875
0.164642333984375,6.439208984375E-05,0.16473388671875
0.1666259765625,6.396484375E-05,0.166717529296875
0.168609619140625,6.3568115234375E-05,0.168670654296875
0.17059326171875,6.3201904296875E-05,0.17071533203125
0.172576904296875,6.2774658203125E-05,0.172698974609375
0.174560546875,6.2347412109375E-05,0.1746826171875
0.176544189453125,6.1981201171875E-05,0.1766357421875
0.17852783203125,6.1553955078125E-05,0.178680419921875
0.180511474609375,6.1187744140625E-05,0.18060302734375
0.1824951171875,6.0791015625E-05,0.182586669921875
0.184478759765625,6.04248046875E-05,0.184661865234375
0.18646240234375,6.0028076171875E-05,0.1865234375
0.188446044921875,5.96923828125E-05,0.188568115234375
0.1904296875,5.9295654296875E-05,0.19049072265625
0.192413330078125,5.89599609375E-05,0.192535400390625
0.19439697265625,5.859375E-05,0.194549560546875
0.196380615234375,5.82275390625E-05,0.196563720703125
0.1983642578125,5.7891845703125E-05,0.198516845703125
0.200347900390625,5.755615234375E-05,0.200439453125
0.20233154296875,5.718994140625E-05,0.20245361328125
0.204315185546875,5.6884765625E-05,0.204437255859375
0.206298828125,5.6549072265625E-05,0.206512451171875
0.208282470703125,5.621337890625E-05,0.20849609375
0.21026611328125,5.5908203125E-05,0.210418701171875
0.212249755859375,5.560302734375E-05,0.212371826171875
0.2142333984375,5.52978515625E-05,0.21441650390625
0.216217041015625,5.499267578125E-05,0.216339111328125
0.21820068359375,5.46875E-05,0.218353271484375
0.220184326171875,5.4412841796875E-05,0.22039794921875
0.22216796875,5.4107666015625E-05,0.222320556640625
0.224151611328125,5.3863525390625E-05,0.224334716796875
0.22613525390625,5.3558349609375E-05,0.22637939453125
0.228118896484375,5.328369140625E-05,0.228240966796875
0.2301025390625,5.3009033203125E-05,0.230224609375
0.232086181640625,5.2734375E-05,0.232269287109375
0.23406982421875,5.2490234375E-05,0.234222412109375
0.236053466796875,5.2215576171875E-05,0.236236572265625
0.238037109375,5.1971435546875E-05,0.2381591796875
0.240020751953125,5.17578125E-05,0.240264892578125
0.24200439453125,5.1483154296875E-05,0.2421875
0.243988037109375,5.1239013671875E-05,0.244171142578125
0.2459716796875,5.0994873046875E-05,0.24615478515625
0.247955322265625,5.078125E-05,0.248077392578125
0.24993896484375,5.0567626953125E-05,0.2501220703125
0.251922607421875,5.0323486328125E-05,0.252105712890625
0.25390625,5.010986328125E-05,0.254119873046875
0.255889892578125,4.9896240234375E-05,0.256072998046875
0.25787353515625,4.96826171875E-05,0.258087158203125
0.259857177734375,4.949951171875E-05,0.260040283203125
0.2618408203125,4.925537109375E-05,0.261993408203125
0.263824462890625,4.9102783203125E-05,0.264068603515625
0.26580810546875,4.892578125E-05,0.266326904296875
0.267791748046875,4.87335205078125E-05,0.268310546875
0.269775390625,4.85382080078125E-05,0.270263671875
0.271759033203125,4.83489990234375E-05,0.2723388671875
0.27374267578125,4.81658935546875E-05,0.274322509765625
0.275726318359375,4.79827880859375E-05,0.276336669921875
0.2777099609375,4.7802734375E-05,0.27825927734375
0.279693603515625,4.76226806640625E-05,0.2802734375
0.28167724609375,4.7454833984375E-05,0.282196044921875
0.283660888671875,4.727783203125E-05,0.2841796875
0.28564453125,4.7113037109375E-05,0.286285400390625
0.287628173828125,4.6942138671875E-05,0.28814697265625
0.28961181640625,4.67864990234375E-05,0.290069580078125
0.291595458984375,4.661865234375E-05,0.292144775390625
0.2935791015625,4.64630126953125E-05,0.29412841796875
0.295562744140625,4.6307373046875E-05,0.296051025390625
0.29754638671875,4.615478515625E-05,0.29803466796875
0.299530029296875,4.599609375E-05,0.30010986328125
0.301513671875,4.5855712890625E-05,0.302001953125
0.303497314453125,4.57061767578125E-05,0.30401611328125
0.30548095703125,4.55596923828125E-05,0.305999755859375
0.307464599609375,4.542236328125E-05,0.3079833984375
0.3094482421875,4.527587890625E-05,0.310028076171875
0.311431884765625,4.51416015625E-05,0.311981201171875
0.31341552734375,4.50042724609375E-05,0.31402587890625
0.315399169921875,4.4873046875E-05,0.31591796875
0.3173828125,4.473876953125E-05,0.31787109375
0.319366455078125,4.461669921875E-05,0.31988525390625
0.32135009765625,4.4476318359375E-05,0.3218994140625
0.323333740234375,4.43634033203125E-05,0.323883056640625
0.3253173828125,4.42291259765625E-05,0.325927734375
0.327301025390625,4.41131591796875E-05,0.327880859375
0.32928466796875,4.39849853515625E-05,0.32989501953125
0.331268310546875,4.38751220703125E-05,0.331817626953125
0.333251953125,4.37469482421875E-05,0.333831787109375
0.335235595703125,4.3646240234375E-05,0.33587646484375
0.33721923828125,4.35150146484375E-05,0.337799072265625
0.339202880859375,4.34173583984375E-05,0.339752197265625
0.3411865234375,4.329833984375E-05,0.341766357421875
0.343170166015625,4.31976318359375E-05,0.34368896484375
0.34515380859375,4.3084716796875E-05,0.345703125
0.347137451171875,4.29840087890625E-05,0.347747802734375
0.34912109375,4.287109375E-05,0.349639892578125
0.351104736328125,4.2779541015625E-05,0.3516845703125
0.35308837890625,4.2669677734375E-05,0.3536376953125
0.355072021484375,4.2572021484375E-05,0.35565185546875
0.3570556640625,4.24774169921875E-05,0.357635498046875
0.359039306640625,4.2376708984375E-05,0.359649658203125
0.36102294921875,4.22821044921875E-05,0.361663818359375
0.363006591796875,4.21875E-05,0.363555908203125
0.364990234375,4.210205078125E-05,0.36553955078125
0.366973876953125,4.20074462890625E-05,0.367584228515625
0.36895751953125,4.19189453125E-05,0.36956787109375
0.370941162109375,4.18243408203125E-05,0.37152099609375
0.3729248046875,4.17449951171875E-05,0.37347412109375
0.374908447265625,4.16534423828125E-05,0.37548828125
0.37689208984375,4.15740966796875E-05,0.37750244140625
0.378875732421875,4.1485595703125E-05,0.379547119140625
0.380859375,4.14093017578125E-05,0.381439208984375
0.382843017578125,4.13238525390625E-05,0.3834228515625
0.38482666015625,4.12445068359375E-05,0.385406494140625
0.386810302734375,4.11651611328125E-05,0.387451171875
0.3887939453125,4.10858154296875E-05,0.389434814453125
0.390777587890625,4.10064697265625E-05,0.391387939453125
0.39276123046875,4.09332275390625E-05,0.39337158203125
0.394744873046875,4.085693359375E-05,0.395355224609375
0.396728515625,4.078369140625E-05,0.3973388671875
0.398712158203125,4.071044921875E-05,0.3992919921875
0.40069580078125,4.06341552734375E-05,0.4012451171875
0.398712158203125,4.051513671875E-05,0.399322509765625
0.396728515625,4.0411376953125E-05,0.397308349609375
0.394744873046875,4.03076171875E-05,0.395294189453125
0.39276123046875,4.02099609375E-05,0.393341064453125
0.390777587890625,4.0118408203125E-05,0.391357421875
0.3887939453125,4.0020751953125E-05,0.389404296875
0.386810302734375,3.99322509765625E-05,0.387420654296875
0.38482666015625,3.98345947265625E-05,0.385467529296875
0.382843017578125,3.974609375E-05,0.38336181640625
0.380859375,3.96453857421875E-05,0.38140869140625
0.378875732421875,3.95477294921875E-05,0.37945556640625
0.37689208984375,3.944091796875E-05,0.377471923828125
0.374908447265625,3.934326171875E-05,0.37542724609375
0.3729248046875,3.92242431640625E-05,0.37353515625
0.370941162109375,3.9117431640625E-05,0.371490478515625
0.36895751953125,3.89892578125E-05,0.369476318359375
0.366973876953125,3.88702392578125E-05,0.367523193359375
0.364990234375,3.873291015625E-05,0.36553955078125
0.363006591796875,3.85986328125E-05,0.363494873046875
0.36102294921875,3.84521484375E-05,0.361541748046875
0.359039306640625,3.8311767578125E-05,0.35955810546875
0.3570556640625,3.81591796875E-05,0.357696533203125
0.355072021484375,3.80157470703125E-05,0.35552978515625
0.35308837890625,3.78662109375E-05,0.35369873046875
0.351104736328125,3.77227783203125E-05,0.3516845703125
0.34912109375,3.75823974609375E-05,0.349578857421875
0.347137451171875,3.7445068359375E-05,0.347625732421875
0.34515380859375,3.73077392578125E-05,0.345672607421875
0.343170166015625,3.71795654296875E-05,0.34368896484375
0.3411865234375,3.70513916015625E-05,0.3416748046875
0.339202880859375,3.692626953125E-05,0.3397216796875
0.33721923828125,3.680419921875E-05,0.33770751953125
0.335235595703125,3.6688232421875E-05,0.335723876953125
0.333251953125,3.6572265625E-05,0.33367919921875
0.331268310546875,3.646240234375E-05,0.33184814453125
0.32928466796875,3.63494873046875E-05,0.329742431640625
0.327301025390625,3.62457275390625E-05,0.327789306640625
0.3253173828125,3.61419677734375E-05,0.3258056640625
0.323333740234375,3.6041259765625E-05,0.323883056640625
0.32135009765625,3.59375E-05,0.321807861328125
0.319366455078125,3.5845947265625E-05,0.319854736328125
0.3173828125,3.5748291015625E-05,0.317901611328125
0.315399169921875,3.56536865234375E-05,0.315826416015625
0.31341552734375,3.555908203125E-05,0.3138427734375
0.311431884765625,3.54705810546875E-05,0.311859130859375
0.3094482421875,3.53790283203125E-05,0.309906005859375
0.307464599609375,3.5296630859375E-05,0.307952880859375
0.30548095703125,3.5205078125E-05,0.305908203125
0.303497314453125,3.511962890625E-05,0.30389404296875
0.301513671875,3.5040283203125E-05,0.301910400390625
0.299530029296875,3.494873046875E-05,0.300079345703125
0.29754638671875,3.487548828125E-05,0.2979736328125
0.295562744140625,3.47869873046875E-05,0.296051025390625
0.2935791015625,3.47076416015625E-05,0.2940673828125
0.291595458984375,3.46282958984375E-05,0.292022705078125
0.28961181640625,3.4552001953125E-05,0.2900390625
0.287628173828125,3.44696044921875E-05,0.288055419921875
0.28564453125,3.4393310546875E-05,0.286102294921875
0.283660888671875,3.43170166015625E-05,0.284027099609375
0.28167724609375,3.42376708984375E-05,0.2821044921875
0.279693603515625,3.4161376953125E-05,0.280120849609375
0.2777099609375,3.4088134765625E-05,0.278167724609375
0.275726318359375,3.40057373046875E-05,0.27618408203125
0.27374267578125,3.39324951171875E-05,0.274169921875
0.271759033203125,3.385009765625E-05,0.272216796875
0.269775390625,3.37738037109375E-05,0.270172119140625
0.267791748046875,3.36944580078125E-05,0.268218994140625
0.26580810546875,3.36212158203125E-05,0.266204833984375
0.263824462890625,3.35418701171875E-05,0.264190673828125
0.2618408203125,3.3465576171875E-05,0.262237548828125
0.259857177734375,3.33831787109375E-05,0.26025390625
0.25787353515625,3.330078125E-05,0.25823974609375
0.255889892578125,3.3221435546875E-05,0.25634765625
0.25390625,3.31390380859375E-05,0.254302978515625
0.251922607421875,3.30596923828125E-05,0.252349853515625
0.24993896484375,3.297119140625E-05,0.25030517578125
0.247955322265625,3.28857421875E-05,0.24835205078125
0.2459716796875,3.280029296875E-05,0.246368408203125
0.243988037109375,3.271484375E-05,0.244415283203125
0.24200439453125,3.2623291015625E-05,0.242340087890625
0.240020751953125,3.25347900390625E-05,0.240386962890625
0.238037109375,3.2440185546875E-05,0.238433837890625
0.236053466796875,3.23486328125E-05,0.236358642578125
0.23406982421875,3.22418212890625E-05,0.234466552734375
0.232086181640625,3.2147216796875E-05,0.232421875
0.2301025390625,3.2037353515625E-05,0.230499267578125
0.228118896484375,3.193359375E-05,0.228485107421875
0.22613525390625,3.18267822265625E-05,0.22650146484375
0.224151611328125,3.1719970703125E-05,0.2244873046875
0.22216796875,3.1597900390625E-05,0.222503662109375
0.220184326171875,3.14788818359375E-05,0.22052001953125
0.21820068359375,3.13629150390625E-05,0.21856689453125
0.216217041015625,3.12347412109375E-05,0.216522216796875
0.2142333984375,3.11126708984375E-05,0.214599609375
0.212249755859375,3.0975341796875E-05,0.212677001953125
0.21026611328125,3.08380126953125E-05,0.210601806640625
0.208282470703125,3.0694580078125E-05,0.2086181640625
0.206298828125,3.05450439453125E-05,0.206573486328125
0.204315185546875,3.03955078125E-05,0.204620361328125
0.20233154296875,3.023681640625E-05,0.20269775390625
0.200347900390625,3.00750732421875E-05,0.200775146484375
0.1983642578125,2.99102783203125E-05,0.19866943359375
0.196380615234375,2.9736328125E-05,0.19671630859375
0.19439697265625,2.9547119140625E-05,0.19464111328125
0.192413330078125,2.93701171875E-05,0.192718505859375
0.1904296875,2.91717529296875E-05,0.19073486328125
0.188446044921875,2.89703369140625E-05,0.188751220703125
0.18646240234375,2.87628173828125E-05,0.18670654296875
0.184478759765625,2.855224609375E-05,0.184783935546875
0.1824951171875,2.8326416015625E-05,0.1827392578125
0.180511474609375,2.80914306640625E-05,0.1807861328125
0.17852783203125,2.7850341796875E-05,0.17877197265625
0.176544189453125,2.76092529296875E-05,0.176788330078125
0.174560546875,2.7349853515625E-05,0.174774169921875
0.172576904296875,2.70843505859375E-05,0.172821044921875
0.17059326171875,2.67974853515625E-05,0.17083740234375
0.168609619140625,2.65106201171875E-05,0.168792724609375
0.1666259765625,2.6220703125E-05,0.166839599609375
0.164642333984375,2.591552734375E-05,0.1649169921875
0.16265869140625,2.56103515625E-05,0.162933349609375
0.160675048828125,2.528076171875E-05,0.16094970703125
0.15869140625,2.4932861328125E-05,0.158935546875
0.156707763671875,2.459716796875E-05,0.156951904296875
0.15472412109375,2.4224853515625E-05,0.15496826171875
0.152740478515625,2.38494873046875E-05,0.153045654296875
0.1507568359375,2.34588623046875E-05,0.150970458984375
0.148773193359375,2.305908203125E-05,0.14898681640625
0.14678955078125,2.26318359375E-05,0.14703369140625
0.144805908203125,2.220458984375E-05,0.14508056640625
0.142822265625,2.17681884765625E-05,0.143035888671875
0.140838623046875,2.13134765625E-05,0.14105224609375
0.13885498046875,2.08404541015625E-05,0.139129638671875
0.136871337890625,2.034912109375E-05,0.136993408203125
0.1348876953125,1.9842529296875E-05,0.135040283203125
0.132904052734375,1.93359375E-05,0.13311767578125
0.13092041015625,1.8798828125E-05,0.131072998046875
0.128936767578125,1.82342529296875E-05,0.129150390625
0.126953125,1.767578125E-05,0.127105712890625
0.124969482421875,1.7083740234375E-05,0.1251220703125
0.12298583984375,1.64703369140625E-05,0.1231689453125
0.121002197265625,1.5850830078125E-05,0.121124267578125
0.1190185546875,1.52496337890625E-05,0.119140625
0.117034912109375,1.45660400390625E-05,0.117156982421875
0.11505126953125,1.38824462890625E-05,0.1151123046875
0.113067626953125,1.319580078125E-05,0.113189697265625
0.111083984375,1.24847412109375E-05,0.111114501953125
0.109100341796875,1.1761474609375E-05,0.10919189453125
0.10711669921875,1.09893798828125E-05,0.107208251953125
0.105133056640625,1.021728515625E-05,0.10528564453125
0.1031494140625,9.4390869140625E-06,0.103240966796875
0.101165771484375,8.6151123046875E-06,0.1011962890625
0.09918212890625,7.7880859375E-06,0.0992431640625
0.097198486328125,6.927490234375E-06,0.097198486328125
0.09521484375,6.0455322265625E-06,0.095245361328125
0.093231201171875,5.1483154296875E-06,0.09332275390625
0.09124755859375,4.251708984375E-06,0.091278076171875
0.089263916015625,3.31634521484375E-06,0.089324951171875
0.0872802734375,2.36328125E-06,0.0872802734375
0.085296630859375,1.38214111328125E-06,0.0853271484375
0.08331298828125,3.912353515625E-07,0.0833740234375
0.081329345703125,-6.25E-07,0.081268310546875
0.079345703125,-1.63116455078125E-06,0.0792236328125
0.077362060546875,-2.7386474609375E-06,0.0771484375
0.07537841796875,-3.814697265625E-06,0.07513427734375
0.073394775390625,-4.89227294921875E-06,0.072998046875
0.0714111328125,-6.01348876953125E-06,0.070953369140625
0.069427490234375,-7.135009765625E-06,0.0693359375
0.06744384765625,-8.2977294921875E-06,0.0673828125
0.065460205078125,-9.466552734375E-06,0.065338134765625
0.0634765625,-1.06292724609375E-05,0.0633544921875
0.061492919921875,-1.18194580078125E-05,0.0614013671875
0.05950927734375,-1.3055419921875E-05,0.059326171875
0.057525634765625,-1.42822265625E-05,0.057373046875
0.0555419921875,-1.551513671875E-05,0.055389404296875
0.053558349609375,-1.67755126953125E-05,0.0533447265625
0.05157470703125,-1.8035888671875E-05,0.051361083984375
0.049591064453125,-1.93359375E-05,0.049554443359375
0.047607421875,-2.060546875E-05,0.047540283203125
0.045623779296875,-2.18994140625E-05,0.045562744140625
0.04364013671875,-2.32208251953125E-05,0.0435882568359375
0.041656494140625,-2.454833984375E-05,0.0415679931640625
0.0396728515625,-2.58453369140625E-05,0.0396331787109375
0.037689208984375,-2.7154541015625E-05,0.0376434326171875
0.03570556640625,-2.8521728515625E-05,0.0356414794921875
0.033721923828125,-2.98370361328125E-05,0.033685302734375
0.03173828125,-3.1207275390625E-05,0.0316925048828125
0.029754638671875,-3.2537841796875E-05,0.029718017578125
0.02777099609375,-3.38775634765625E-05,0.02772216796875
0.025787353515625,-3.52447509765625E-05,0.025750732421875
0.0238037109375,-3.6590576171875E-05,0.0237274169921875
0.021820068359375,-3.79180908203125E-05,0.021759033203125
0.01983642578125,-3.927001953125E-05,0.0197540283203125
0.017852783203125,-4.05792236328125E-05,0.017791748046875
0.015869140625,-4.1900634765625E-05,0.01578369140625
0.013885498046875,-4.3218994140625E-05,0.013824462890625
0.01190185546875,-4.4525146484375E-05,0.0118377685546875
0.009918212890625,-4.58251953125E-05,0.00983581542968751
0.0079345703125,-4.70916748046875E-05,0.0078582763671875
0.005950927734375,-4.832763671875E-05,0.0058746337890625
0.00396728515625,-4.9591064453125E-05,0.00388183593749999
0.001983642578125,-5.07720947265625E-05,0.00191345214843749
0,-5.1995849609375E-05,-6.71386718749944E-05
-0.001983642578125,-5.3277587890625E-05,-0.00209655761718749
-0.00396728515625,-5.44281005859375E-05,-0.00408020019531249
-0.005950927734375,-5.55633544921875E-05,-0.0060882568359375
-0.0079345703125,-5.66925048828125E-05,-0.00803222656249999
-0.009918212890625,-5.77850341796875E-05,-0.0100341796875
-0.01190185546875,-5.885009765625E-05,-0.0120086669921875
-0.013885498046875,-5.989990234375E-05,-0.0139984130859375
-0.015869140625,-6.0919189453125E-05,-0.0159912109375
-0.017852783203125,-6.2042236328125E-05,-0.017919921875
-0.01983642578125,-6.2957763671875E-05,-0.0199371337890625
-0.021820068359375,-6.3873291015625E-05,-0.0219085693359375
-0.0238037109375,-6.4788818359375E-05,-0.0239044189453125
-0.025787353515625,-6.5643310546875E-05,-0.0259033203125
-0.02777099609375,-6.646728515625E-05,-0.027899169921875
-0.029754638671875,-6.72607421875E-05,-0.02987060546875
-0.03173828125,-6.8023681640625E-05,-0.0318572998046875
-0.033721923828125,-6.8695068359375E-05,-0.03380126953125
-0.03570556640625,-6.939697265625E-05,-0.035821533203125
-0.037689208984375,-7.000732421875E-05,-0.0377685546875
-0.0396728515625,-7.06787109375E-05,-0.0398040771484375
-0.041656494140625,-7.1258544921875E-05,-0.041790771484375
-0.04364013671875,-7.177734375E-05,-0.043768310546875
-0.045623779296875,-7.2265625E-05,-0.045733642578125
-0.047607421875,-7.269287109375E-05,-0.0477264404296875
-0.049591064453125,-7.3150634765625E-05,-0.049835205078125
-0.05157470703125,-7.3516845703125E-05,-0.051788330078125
-0.053558349609375,-7.38525390625E-05,-0.053863525390625
-0.0555419921875,-7.415771484375E-05,-0.055816650390625
-0.057525634765625,-7.440185546875E-05,-0.057769775390625
-0.05950927734375,-7.4615478515625E-05,-0.05975341796875
-0.061492919921875,-7.48291015625E-05,-0.061737060546875
-0.0634765625,-7.4981689453125E-05,-0.063690185546875
-0.065460205078125,-7.5103759765625E-05,-0.065765380859375
-0.06744384765625,-7.51953125E-05,-0.06768798828125
-0.069427490234375,-7.5225830078125E-05,-0.069732666015625
-0.0714111328125,-7.5225830078125E-05,-0.0716552734375
-0.073394775390625,-7.5225830078125E-05,-0.0736083984375
-0.07537841796875,-7.51953125E-05,-0.075714111328125
-0.077362060546875,-7.50732421875E-05,-0.07757568359375
-0.079345703125,-7.4981689453125E-05,-0.079620361328125
-0.081329345703125,-7.48291015625E-05,-0.081634521484375
-0.08331298828125,-7.4676513671875E-05,-0.083526611328125
-0.085296630859375,-7.4462890625E-05,-0.0855712890625
-0.0872802734375,-7.4249267578125E-05,-0.087493896484375
-0.089263916015625,-7.4005126953125E-05,-0.089599609375
-0.09124755859375,-7.3699951171875E-05,-0.091522216796875
-0.093231201171875,-7.3455810546875E-05,-0.093505859375
-0.09521484375,-7.31201171875E-05,-0.095458984375
-0.097198486328125,-7.2784423828125E-05,-0.097412109375
-0.09918212890625,-7.244873046875E-05,-0.099456787109375
-0.101165771484375,-7.2052001953125E-05,-0.1014404296875
-0.1031494140625,-7.16552734375E-05,-0.10345458984375
-0.105133056640625,-7.1258544921875E-05,-0.105377197265625
-0.10711669921875,-7.0831298828125E-05,-0.107330322265625
-0.109100341796875,-7.0404052734375E-05,-0.109375
-0.111083984375,-6.99462890625E-05,-0.11138916015625
-0.113067626953125,-6.9488525390625E-05,-0.11334228515625
-0.11505126953125,-6.9000244140625E-05,-0.115264892578125
-0.117034912109375,-6.854248046875E-05,-0.1173095703125
-0.1190185546875,-6.805419921875E-05,-0.11932373046875
-0.121002197265625,-6.756591796875E-05,-0.121246337890625
-0.12298583984375,-6.707763671875E-05,-0.123199462890625
-0.124969482421875,-6.6558837890625E-05,-0.125274658203125
-0.126953125,-6.6070556640625E-05,-0.127227783203125
-0.128936767578125,-6.55517578125E-05,-0.129241943359375
-0.13092041015625,-6.5032958984375E-05,-0.1312255859375
-0.132904052734375,-6.451416015625E-05,-0.13323974609375
-0.1348876953125,-6.3995361328125E-05,-0.135223388671875
-0.136871337890625,-6.34765625E-05,-0.137176513671875
-0.13885498046875,-6.2957763671875E-05,-0.139190673828125
-0.140838623046875,-6.243896484375E-05,-0.14111328125
-0.142822265625,-6.195068359375E-05,-0.14312744140625
-0.144805908203125,-6.1431884765625E-05,-0.1451416015625
-0.14678955078125,-6.0943603515625E-05,-0.147064208984375
-0.148773193359375,-6.0455322265625E-05,-0.149078369140625
-0.1507568359375,-5.9967041015625E-05,-0.151092529296875
-0.152740478515625,-5.94482421875E-05,-0.153106689453125
-0.15472412109375,-5.89599609375E-05,-0.155059814453125
-0.156707763671875,-5.84716796875E-05,-0.157073974609375
-0.15869140625,-5.8013916015625E-05,-0.158966064453125
-0.160675048828125,-5.7525634765625E-05,-0.160980224609375
-0.16265869140625,-5.706787109375E-05,-0.162994384765625
-0.164642333984375,-5.6610107421875E-05,-0.164947509765625
-0.1666259765625,-5.615234375E-05,-0.166900634765625
-0.168609619140625,-5.572509765625E-05,-0.1689453125
-0.17059326171875,-5.52978515625E-05,-0.170989990234375
-0.172576904296875,-5.487060546875E-05,-0.17291259765625
-0.174560546875,-5.4473876953125E-05,-0.174896240234375
-0.176544189453125,-5.4046630859375E-05,-0.176849365234375
-0.17852783203125,-5.364990234375E-05,-0.17889404296875
-0.180511474609375,-5.3253173828125E-05,-0.180877685546875
-0.1824951171875,-5.28564453125E-05,-0.182861328125
-0.184478759765625,-5.2459716796875E-05,-0.184814453125
-0.18646240234375,-5.206298828125E-05,-0.186767578125
-0.188446044921875,-5.1727294921875E-05,-0.188812255859375
-0.1904296875,-5.133056640625E-05,-0.19073486328125
-0.192413330078125,-5.096435546875E-05,-0.1927490234375
-0.19439697265625,-5.0628662109375E-05,-0.194732666015625
-0.196380615234375,-5.029296875E-05,-0.19677734375
-0.1983642578125,-4.99267578125E-05,-0.198760986328125
-0.200347900390625,-4.962158203125E-05,-0.20074462890625
-0.20233154296875,-4.931640625E-05,-0.202728271484375
-0.204315185546875,-4.9072265625E-05,-0.2047119140625
-0.206298828125,-4.87548828125E-05,-0.2066650390625
-0.208282470703125,-4.82513427734375E-05,-0.209014892578125
-0.21026611328125,-4.79461669921875E-05,-0.2109375
-0.212249755859375,-4.76531982421875E-05,-0.212982177734375
-0.2142333984375,-4.7369384765625E-05,-0.21490478515625
-0.216217041015625,-4.70855712890625E-05,-0.216888427734375
-0.21820068359375,-4.68109130859375E-05,-0.2188720703125
-0.220184326171875,-4.65362548828125E-05,-0.22088623046875
-0.22216796875,-4.6270751953125E-05,-0.22283935546875
-0.224151611328125,-4.60113525390625E-05,-0.22479248046875
-0.22613525390625,-4.57550048828125E-05,-0.226837158203125
-0.228118896484375,-4.55047607421875E-05,-0.228790283203125
-0.2301025390625,-4.5257568359375E-05,-0.230804443359375
-0.232086181640625,-4.50164794921875E-05,-0.232696533203125
-0.23406982421875,-4.47784423828125E-05,-0.234710693359375
-0.236053466796875,-4.45465087890625E-05,-0.2366943359375
-0.238037109375,-4.4317626953125E-05,-0.23870849609375
-0.240020751953125,-4.40948486328125E-05,-0.240631103515625
-0.24200439453125,-4.38751220703125E-05,-0.24273681640625
-0.243988037109375,-4.36614990234375E-05,-0.24468994140625
-0.2459716796875,-4.34478759765625E-05,-0.246673583984375
-0.247955322265625,-4.32403564453125E-05,-0.2486572265625
-0.24993896484375,-4.3035888671875E-05,-0.250579833984375
-0.251922607421875,-4.28375244140625E-05,-0.25262451171875
-0.25390625,-4.263916015625E-05,-0.254608154296875
-0.255889892578125,-4.24468994140625E-05,-0.256591796875
-0.25787353515625,-4.22607421875E-05,-0.258544921875
-0.259857177734375,-4.20745849609375E-05,-0.260498046875
-0.2618408203125,-4.189453125E-05,-0.262542724609375
-0.263824462890625,-4.171142578125E-05,-0.26458740234375
-0.26580810546875,-4.154052734375E-05,-0.266571044921875
-0.267791748046875,-4.1363525390625E-05,-0.2684326171875
-0.269775390625,-4.11956787109375E-05,-0.27044677734375
-0.271759033203125,-4.102783203125E-05,-0.272430419921875
-0.27374267578125,-4.0863037109375E-05,-0.2744140625
-0.275726318359375,-4.0704345703125E-05,-0.27642822265625
-0.2777099609375,-4.0545654296875E-05,-0.27838134765625
-0.279693603515625,-4.039306640625E-05,-0.2803955078125
-0.28167724609375,-4.0240478515625E-05,-0.28240966796875
-0.283660888671875,-4.0093994140625E-05,-0.2843017578125
-0.28564453125,-3.994140625E-05,-0.286407470703125
-0.287628173828125,-3.97979736328125E-05,-0.288330078125
-0.28961181640625,-3.9654541015625E-05,-0.290374755859375
-0.291595458984375,-3.95172119140625E-05,-0.292236328125
-0.2935791015625,-3.93798828125E-05,-0.294281005859375
-0.295562744140625,-3.924560546875E-05,-0.29620361328125
-0.29754638671875,-3.91082763671875E-05,-0.2982177734375
-0.299530029296875,-3.8983154296875E-05,-0.30023193359375
-0.301513671875,-3.88519287109375E-05,-0.302154541015625
-0.303497314453125,-3.87237548828125E-05,-0.304107666015625
-0.30548095703125,-3.86016845703125E-05,-0.306182861328125
-0.307464599609375,-3.84796142578125E-05,-0.308197021484375
-0.3094482421875,-3.8360595703125E-05,-0.310150146484375
-0.311431884765625,-3.824462890625E-05,-0.312103271484375
-0.31341552734375,-3.81256103515625E-05,-0.314117431640625
-0.315399169921875,-3.80126953125E-05,-0.316162109375
-0.3173828125,-3.78997802734375E-05,-0.318115234375
-0.319366455078125,-3.779296875E-05,-0.320098876953125
-0.32135009765625,-3.768310546875E-05,-0.32208251953125
-0.323333740234375,-3.75732421875E-05,-0.324005126953125
-0.3253173828125,-3.74664306640625E-05,-0.326019287109375
-0.327301025390625,-3.736572265625E-05,-0.328033447265625
-0.32928466796875,-3.72650146484375E-05,-0.33001708984375
-0.331268310546875,-3.7164306640625E-05,-0.331939697265625
-0.333251953125,-3.70697021484375E-05,-0.334014892578125
-0.335235595703125,-3.6968994140625E-05,-0.33599853515625
-0.33721923828125,-3.68743896484375E-05,-0.33795166015625
-0.339202880859375,-3.677978515625E-05,-0.339813232421875
-0.3411865234375,-3.66912841796875E-05,-0.34185791015625
-0.343170166015625,-3.65997314453125E-05,-0.3438720703125
-0.34515380859375,-3.651123046875E-05,-0.345794677734375
-0.347137451171875,-3.64227294921875E-05,-0.34783935546875
-0.34912109375,-3.634033203125E-05,-0.349853515625
-0.351104736328125,-3.62518310546875E-05,-0.351837158203125
-0.35308837890625,-3.616943359375E-05,-0.35382080078125
-0.355072021484375,-3.6090087890625E-05,-0.355804443359375
-0.3570556640625,-3.60076904296875E-05,-0.3577880859375
-0.359039306640625,-3.59344482421875E-05,-0.35980224609375
-0.36102294921875,-3.5858154296875E-05,-0.361785888671875
-0.363006591796875,-3.57818603515625E-05,-0.363800048828125
-0.364990234375,-3.570556640625E-05,-0.365753173828125
-0.366973876953125,-3.56353759765625E-05,-0.367706298828125
-0.36895751953125,-3.55621337890625E-05,-0.3697509765625
-0.370941162109375,-3.5491943359375E-05,-0.371734619140625
-0.3729248046875,-3.54248046875E-05,-0.373687744140625
-0.374908447265625,-3.53546142578125E-05,-0.37567138671875
-0.37689208984375,-3.529052734375E-05,-0.377685546875
-0.378875732421875,-3.521728515625E-05,-0.37957763671875
-0.380859375,-3.51593017578125E-05,-0.381622314453125
-0.382843017578125,-3.50921630859375E-05,-0.383636474609375
-0.38482666015625,-3.50341796875E-05,-0.38555908203125
-0.386810302734375,-3.4967041015625E-05,-0.387542724609375
-0.3887939453125,-3.4912109375E-05,-0.3895263671875
-0.390777587890625,-3.485107421875E-05,-0.391510009765625
-0.39276123046875,-3.4796142578125E-05,-0.393524169921875
-0.394744873046875,-3.47381591796875E-05,-0.395477294921875
-0.396728515625,-3.468017578125E-05,-0.3974609375
-0.398712158203125,-3.46282958984375E-05,-0.399505615234375
-0.40069580078125,-3.45733642578125E-05,-0.40142822265625
-0.398712158203125,-3.44879150390625E-05,-0.399505615234375
-0.396728515625,-3.44146728515625E-05,-0.397430419921875
-0.394744873046875,-3.4344482421875E-05,-0.395538330078125
-0.39276123046875,-3.427734375E-05,-0.393524169921875
-0.390777587890625,-3.42193603515625E-05,-0.391510009765625
-0.3887939453125,-3.41552734375E-05,-0.389556884765625
-0.386810302734375,-3.4100341796875E-05,-0.387603759765625
-0.38482666015625,-3.4039306640625E-05,-0.3856201171875
-0.382843017578125,-3.39874267578125E-05,-0.3836669921875
-0.380859375,-3.39324951171875E-05,-0.38165283203125
-0.378875732421875,-3.38836669921875E-05,-0.37957763671875
-0.37689208984375,-3.38287353515625E-05,-0.37762451171875
-0.374908447265625,-3.3782958984375E-05,-0.3756103515625
-0.3729248046875,-3.37310791015625E-05,-0.373626708984375
-0.370941162109375,-3.3685302734375E-05,-0.371673583984375
-0.36895751953125,-3.36395263671875E-05,-0.36968994140625
-0.366973876953125,-3.359375E-05,-0.367706298828125
-0.364990234375,-3.35540771484375E-05,-0.36566162109375
-0.363006591796875,-3.350830078125E-05,-0.363739013671875
-0.36102294921875,-3.3465576171875E-05,-0.36175537109375
-0.359039306640625,-3.34197998046875E-05,-0.35980224609375
-0.3570556640625,-3.338623046875E-05,-0.3577880859375
-0.355072021484375,-3.33404541015625E-05,-0.3558349609375
-0.35308837890625,-3.3306884765625E-05,-0.35382080078125
-0.351104736328125,-3.32672119140625E-05,-0.35174560546875
-0.34912109375,-3.32305908203125E-05,-0.349884033203125
-0.347137451171875,-3.31939697265625E-05,-0.34783935546875
-0.34515380859375,-3.3160400390625E-05,-0.3458251953125
-0.343170166015625,-3.31207275390625E-05,-0.343841552734375
-0.3411865234375,-3.30902099609375E-05,-0.34185791015625
-0.339202880859375,-3.3050537109375E-05,-0.33990478515625
-0.33721923828125,-3.30230712890625E-05,-0.33795166015625
-0.335235595703125,-3.2989501953125E-05,-0.335968017578125
-0.333251953125,-3.29559326171875E-05,-0.33392333984375
-0.331268310546875,-3.29254150390625E-05,-0.331939697265625
-0.32928466796875,-3.2891845703125E-05,-0.329986572265625
-0.327301025390625,-3.28643798828125E-05,-0.3280029296875
-0.3253173828125,-3.28369140625E-05,-0.325927734375
-0.323333740234375,-3.28094482421875E-05,-0.323974609375
-0.32135009765625,-3.27728271484375E-05,-0.322021484375
-0.319366455078125,-3.275146484375E-05,-0.320068359375
-0.3173828125,-3.2720947265625E-05,-0.31805419921875
-0.315399169921875,-3.26995849609375E-05,-0.316070556640625
-0.31341552734375,-3.26690673828125E-05,-0.314056396484375
-0.311431884765625,-3.26416015625E-05,-0.31207275390625
-0.3094482421875,-3.26171875E-05,-0.310150146484375
-0.307464599609375,-3.25958251953125E-05,-0.308074951171875
-0.30548095703125,-3.25653076171875E-05,-0.30615234375
-0.303497314453125,-3.25469970703125E-05,-0.30413818359375
-0.301513671875,-3.25164794921875E-05,-0.302154541015625
-0.299530029296875,-3.24951171875E-05,-0.30010986328125
-0.29754638671875,-3.2470703125E-05,-0.298187255859375
-0.295562744140625,-3.24462890625E-05,-0.296234130859375
-0.2935791015625,-3.24249267578125E-05,-0.29425048828125
-0.291595458984375,-3.23974609375E-05,-0.292236328125
-0.28961181640625,-3.23760986328125E-05,-0.290191650390625
-0.287628173828125,-3.2354736328125E-05,-0.2882080078125
-0.28564453125,-3.233642578125E-05,-0.286285400390625
-0.283660888671875,-3.23089599609375E-05,-0.2843017578125
-0.28167724609375,-3.228759765625E-05,-0.2823486328125
-0.279693603515625,-3.226318359375E-05,-0.28033447265625
-0.2777099609375,-3.22418212890625E-05,-0.278289794921875
-0.275726318359375,-3.2220458984375E-05,-0.27630615234375
-0.27374267578125,-3.2196044921875E-05,-0.27435302734375
-0.271759033203125,-3.21746826171875E-05,-0.272308349609375
-0.269775390625,-3.21533203125E-05,-0.27044677734375
-0.267791748046875,-3.212890625E-05,-0.26837158203125
-0.26580810546875,-3.2110595703125E-05,-0.266387939453125
-0.263824462890625,-3.2086181640625E-05,-0.264404296875
-0.2618408203125,-3.2061767578125E-05,-0.262542724609375
-0.259857177734375,-3.2037353515625E-05,-0.260467529296875
-0.25787353515625,-3.2012939453125E-05,-0.25848388671875
-0.255889892578125,-3.1988525390625E-05,-0.2564697265625
-0.25390625,-3.1964111328125E-05,-0.254486083984375
-0.251922607421875,-3.1939697265625E-05,-0.252532958984375
-0.24993896484375,-3.19122314453125E-05,-0.250518798828125
-0.247955322265625,-3.1884765625E-05,-0.248565673828125
-0.2459716796875,-3.184814453125E-05,-0.24658203125
-0.243988037109375,-3.18267822265625E-05,-0.24462890625
-0.24200439453125,-3.17901611328125E-05,-0.242584228515625
-0.240020751953125,-3.17596435546875E-05,-0.240631103515625
-0.238037109375,-3.172607421875E-05,-0.23858642578125
-0.236053466796875,-3.1689453125E-05,-0.23663330078125
-0.23406982421875,-3.165283203125E-05,-0.234619140625
-0.232086181640625,-3.16162109375E-05,-0.232666015625
-0.2301025390625,-3.15765380859375E-05,-0.230743408203125
-0.228118896484375,-3.15338134765625E-05,-0.228668212890625
-0.22613525390625,-3.1494140625E-05,-0.22674560546875
-0.224151611328125,-3.14453125E-05,-0.224700927734375
-0.22216796875,-3.13995361328125E-05,-0.222686767578125
-0.220184326171875,-3.13446044921875E-05,-0.220703125
-0.21820068359375,-3.12896728515625E-05,-0.218780517578125
-0.216217041015625,-3.12286376953125E-05,-0.21673583984375
-0.2142333984375,-3.1170654296875E-05,-0.21478271484375
-0.212249755859375,-3.1103515625E-05,-0.212799072265625
-0.21026611328125,-3.1036376953125E-05,-0.210784912109375
-0.208282470703125,-3.095703125E-05,-0.208831787109375
-0.206298828125,-3.08837890625E-05,-0.206878662109375
-0.204315185546875,-3.08013916015625E-05,-0.20489501953125
-0.20233154296875,-3.0706787109375E-05,-0.202911376953125
-0.200347900390625,-3.06182861328125E-05,-0.200927734375
-0.1983642578125,-3.05145263671875E-05,-0.1988525390625
-0.196380615234375,-3.04107666015625E-05,-0.196929931640625
-0.19439697265625,-3.02886962890625E-05,-0.1949462890625
-0.192413330078125,-3.0181884765625E-05,-0.192962646484375
-0.1904296875,-3.0047607421875E-05,-0.190948486328125
-0.188446044921875,-2.9913330078125E-05,-0.188995361328125
-0.18646240234375,-2.9766845703125E-05,-0.18701171875
-0.184478759765625,-2.9620361328125E-05,-0.1849365234375
-0.1824951171875,-2.945556640625E-05,-0.1829833984375
-0.180511474609375,-2.92816162109375E-05,-0.1810302734375
-0.17852783203125,-2.9095458984375E-05,-0.179046630859375
-0.176544189453125,-2.8912353515625E-05,-0.17706298828125
-0.174560546875,-2.869873046875E-05,-0.17510986328125
-0.172576904296875,-2.84912109375E-05,-0.17303466796875
-0.17059326171875,-2.825927734375E-05,-0.17108154296875
-0.168609619140625,-2.8021240234375E-05,-0.16912841796875
-0.1666259765625,-2.777099609375E-05,-0.16705322265625
-0.164642333984375,-2.750244140625E-05,-0.165130615234375
-0.16265869140625,-2.72247314453125E-05,-0.16314697265625
-0.160675048828125,-2.69256591796875E-05,-0.1611328125
-0.15869140625,-2.662353515625E-05,-0.159088134765625
-0.156707763671875,-2.6300048828125E-05,-0.15716552734375
-0.15472412109375,-2.59613037109375E-05,-0.15521240234375
-0.152740478515625,-2.56134033203125E-05,-0.15313720703125
-0.1507568359375,-2.52410888671875E-05,-0.151214599609375
-0.148773193359375,-2.4847412109375E-05,-0.14923095703125
-0.14678955078125,-2.44415283203125E-05,-0.147247314453125
-0.144805908203125,-2.40203857421875E-05,-0.145294189453125
-0.142822265625,-2.3577880859375E-05,-0.1431884765625
-0.140838623046875,-2.3114013671875E-05,-0.1412353515625
-0.13885498046875,-2.26470947265625E-05,-0.13934326171875
-0.136871337890625,-2.21466064453125E-05,-0.137298583984375
-0.1348876953125,-2.16339111328125E-05,-0.135284423828125
-0.132904052734375,-2.1112060546875E-05,-0.13336181640625
-0.13092041015625,-2.0556640625E-05,-0.13134765625
-0.128936767578125,-1.99798583984375E-05,-0.12939453125
-0.126953125,-1.939697265625E-05,-0.127349853515625
-0.124969482421875,-1.878662109375E-05,-0.125335693359375
-0.12298583984375,-1.8145751953125E-05,-0.123382568359375
-0.121002197265625,-1.75048828125E-05,-0.121368408203125
-0.1190185546875,-1.6851806640625E-05,-0.11944580078125
-0.117034912109375,-1.61346435546875E-05,-0.117401123046875
-0.11505126953125,-1.544189453125E-05,-0.115325927734375
-0.113067626953125,-1.4715576171875E-05,-0.113372802734375
-0.111083984375,-1.39739990234375E-05,-0.111358642578125
-0.109100341796875,-1.31988525390625E-05,-0.10943603515625
-0.10711669921875,-1.23931884765625E-05,-0.107452392578125
-0.105133056640625,-1.1590576171875E-05,-0.105438232421875
-0.1031494140625,-1.0748291015625E-05,-0.10345458984375
-0.101165771484375,-9.893798828125E-06,-0.101470947265625
-0.09918212890625,-9.014892578125E-06,-0.099456787109375
-0.097198486328125,-8.11767578125E-06,-0.097503662109375
-0.09521484375,-7.208251953125E-06,-0.09552001953125
-0.093231201171875,-6.26220703125E-06,-0.093505859375
-0.09124755859375,-5.3070068359375E-06,-0.091522216796875
-0.089263916015625,-4.339599609375E-06,-0.089508056640625
-0.0872802734375,-3.32183837890625E-06,-0.087554931640625
-0.085296630859375,-2.314453125E-06,-0.08551025390625
-0.08331298828125,-1.25885009765625E-06,-0.083526611328125
-0.081329345703125,-2.1087646484375E-07,-0.081512451171875
-0.079345703125,8.7493896484375E-07,-0.079437255859375
-0.077362060546875,1.97235107421875E-06,-0.077392578125
-0.07537841796875,3.07708740234375E-06,-0.07537841796875
-0.073394775390625,4.18243408203125E-06,-0.073272705078125
-0.0714111328125,5.36407470703125E-06,-0.0711669921875
-0.069427490234375,6.53228759765625E-06,-0.069091796875
-0.06744384765625,7.7301025390625E-06,-0.067626953125
-0.065460205078125,8.9447021484375E-06,-0.065582275390625
-0.0634765625,1.01531982421875E-05,-0.0635986328125
-0.061492919921875,1.14044189453125E-05,-0.06158447265625
-0.05950927734375,1.2664794921875E-05,-0.059600830078125
-0.057525634765625,1.39251708984375E-05,-0.0576171875
-0.0555419921875,1.5216064453125E-05,-0.055633544921875
-0.053558349609375,1.651611328125E-05,-0.053619384765625
-0.05157470703125,1.783447265625E-05,-0.051544189453125
-0.049591064453125,1.91558837890625E-05,-0.0497314453125
-0.047607421875,2.0477294921875E-05,-0.047711181640625
-0.045623779296875,2.18475341796875E-05,-0.045758056640625
-0.04364013671875,2.31842041015625E-05,-0.043756103515625
-0.041656494140625,2.45452880859375E-05,-0.0417572021484375
-0.0396728515625,2.58880615234375E-05,-0.0397979736328125
-0.037689208984375,2.73590087890625E-05,-0.0377593994140625
-0.03570556640625,2.86590576171875E-05,-0.0358062744140625
-0.033721923828125,3.00537109375E-05,-0.0338043212890625
-0.03173828125,3.14300537109375E-05,-0.0318145751953125
-0.029754638671875,3.28155517578125E-05,-0.0298248291015625
-0.02777099609375,3.41827392578125E-05,-0.027862548828125
-0.025787353515625,3.558349609375E-05,-0.02587890625
-0.0238037109375,3.695068359375E-05,-0.0238861083984375
-0.021820068359375,3.83392333984375E-05,-0.0219024658203125
-0.01983642578125,3.97003173828125E-05,-0.0199127197265625
-0.017852783203125,4.1070556640625E-05,-0.017913818359375
-0.015869140625,4.241943359375E-05,-0.015924072265625
-0.013885498046875,4.37652587890625E-05,-0.0139617919921875
-0.01190185546875,4.5111083984375E-05,-0.0119903564453125
-0.009918212890625,4.6435546875E-05,-0.009979248046875
-0.0079345703125,4.77325439453125E-05,-0.0079986572265625
-0.005950927734375,4.9029541015625E-05,-0.00601806640624999
-0.00396728515625,5.03143310546875E-05,-0.0040130615234375
-0.001983642578125,5.15777587890625E-05,-0.0020477294921875
0,5.29022216796875E-05,-1.52587890625E-05
