WE(1).Potential (V),Time (s),WE(1).Current (A)
-0.000119018554687503,0.376853999048535,-1.46453857421875E-05
-0.000131225585937506,0.386853999023288,-1.37542724609375E-05
-0.000131225585937506,0.39685399899804,-1.31072998046875E-05
-0.0001068115234375,0.406853998972792,-1.26190185546875E-05
-0.0001220703125,0.416853998947545,-1.21795654296875E-05
-0.000119018554687503,0.426853998922297,-1.1834716796875E-05
-0.000109863281249997,0.43685399889705,-1.1505126953125E-05
-0.000134277343750003,0.446853998871802,-1.1236572265625E-05
-0.000131225585937506,0.456853998846555,-1.1016845703125E-05
-0.000131225585937506,0.466853998821307,-1.0711669921875E-05
-0.000134277343750003,0.476853998796059,-1.04400634765625E-05
-0.000119018554687503,0.486853998770812,-1.02447509765625E-05
-0.000128173828124994,0.496853998745564,-1.005859375E-05
-0.0001220703125,0.506853998720317,-9.9212646484375E-06
-0.000128173828124994,0.516853998695069,-9.716796875E-06
-0.0001373291015625,0.526853998669822,-9.6099853515625E-06
-0.000112915039062494,0.536853998644574,-9.454345703125E-06
-0.000119018554687503,0.546853998619326,-9.3170166015625E-06
-9.46044921874972E-05,0.556853998594079,-9.2071533203125E-06
-0.0001220703125,0.566853998568831,-9.0606689453125E-06
-0.0001220703125,0.576853998543584,-8.966064453125E-06
-0.000119018554687503,0.586853998518336,-8.856201171875E-06
-0.000112915039062494,0.596853998493089,-8.734130859375E-06
-0.000140380859374997,0.606853998467841,-8.6669921875E-06
-0.000112915039062494,0.616853998442593,-8.526611328125E-06
-0.0001373291015625,0.626853998417346,-8.4747314453125E-06
-0.000115966796875006,0.636853998392098,-8.380126953125E-06
-0.000131225585937506,0.646853998366851,-8.2794189453125E-06
-0.000143432617187494,0.656853998341603,-8.2275390625E-06
-0.0001068115234375,0.666853998316356,-8.111572265625E-06
-0.000143432617187494,0.676853998291108,-8.0718994140625E-06
-0.000100708007812506,0.68685399826586,-7.97119140625E-06
-0.000119018554687503,0.696853998240613,-7.8887939453125E-06
-0.000131225585937506,0.706853998215365,-7.8521728515625E-06
-0.000109863281249997,0.716853998190118,-7.75146484375E-06
-0.000109863281249997,0.72685399816487,-7.7056884765625E-06
-0.000128173828124994,0.736853998139622,-7.6416015625E-06
-0.000119018554687503,0.746853998114375,-7.5592041015625E-06
-0.0001068115234375,0.756853998089127,-7.525634765625E-06
-0.0001220703125,0.76685399806388,-7.4371337890625E-06
-0.000140380859374997,0.776853998038632,-7.4066162109375E-06
-0.0001373291015625,0.786853998013385,-7.33642578125E-06
-0.0001373291015625,0.796853997988137,-7.2723388671875E-06
-0.000146484375000006,0.806853997962889,-7.257080078125E-06
-0.0001373291015625,0.816853997937642,-7.1563720703125E-06
-0.0001373291015625,0.826853997912394,-7.1319580078125E-06
-0.000131225585937506,0.836853997887147,-7.0831298828125E-06
-0.000125122070312497,0.846853997861899,-7.0159912109375E-06
-0.000103759765625003,0.856853997836652,-6.9854736328125E-06
-0.000131225585937506,0.866853997811404,-6.9244384765625E-06
-0.000125122070312497,0.876853997786156,-6.89697265625E-06
-0.0001220703125,0.886853997760909,-6.84814453125E-06
-0.000131225585937506,0.896853997735661,-6.781005859375E-06
-0.000115966796875006,0.906853997710414,-6.756591796875E-06
-0.000131225585937506,0.916853997685166,-6.6986083984375E-06
-0.0001068115234375,0.926853997659919,-6.67724609375E-06
-0.000103759765625003,0.936853997634671,-6.634521484375E-06
-0.000119018554687503,0.946853997609423,-6.5948486328125E-06
-0.000109863281249997,0.956853997584176,-6.561279296875E-06
-0.000115966796875006,0.966853997558928,-6.4971923828125E-06
-0.000134277343750003,0.976853997533681,-6.488037109375E-06
-0.000128173828124994,0.986853997508433,-6.4483642578125E-06
-0.000140380859374997,0.996853997483186,-6.390380859375E-06
-0.000146484375000006,1.00685399745794,-6.38427734375E-06
-0.000109863281249997,1.01685399743269,-6.317138671875E-06
-0.000134277343750003,1.02685399740744,-6.3018798828125E-06
-9.46044921874972E-05,1.0368539973822,-6.268310546875E-06
-0.000115966796875006,1.04685399735695,-6.2347412109375E-06
-0.000128173828124994,1.0568539973317,-6.21337890625E-06
-0.000115966796875006,1.06685399730645,-6.1492919921875E-06
-0.000103759765625003,1.07685399728121,-6.14013671875E-06
-0.000109863281249997,1.08685399725596,-6.1065673828125E-06
-0.000100708007812506,1.09685399723071,-6.072998046875E-06
-0.000125122070312497,1.10685399720546,-6.072998046875E-06
-0.000109863281249997,1.11685399718021,-6.0028076171875E-06
-0.000131225585937506,1.12685399715497,-5.99365234375E-06
-0.000128173828124994,1.13685399712972,-5.9722900390625E-06
-0.000119018554687503,1.14685399710447,-5.9295654296875E-06
-0.000115966796875006,1.15685399707922,-5.9295654296875E-06
-0.000109863281249997,1.16685399705398,-5.8685302734375E-06
-0.000119018554687503,1.17685399702873,-5.841064453125E-06
-0.000134277343750003,1.18685399700348,-5.828857421875E-06
-0.000128173828124994,1.19685399697823,-5.7830810546875E-06
-0.000119018554687503,1.20685399695299,-5.7830810546875E-06
-0.0001220703125,1.21685399692774,-5.72509765625E-06
-0.000128173828124994,1.22685399690249,-5.7220458984375E-06
-0.000131225585937506,1.23685399687724,-5.70068359375E-06
-0.0001220703125,1.246853996852,-5.657958984375E-06
-0.000119018554687503,1.25685399682675,-5.6549072265625E-06
-0.000100708007812506,1.2668539968015,-5.615234375E-06
-0.0001373291015625,1.27685399677625,-5.60302734375E-06
-0.0001068115234375,1.28685399675101,-5.57861328125E-06
-0.000128173828124994,1.29685399672576,-5.548095703125E-06
-0.000143432617187494,1.30685399670051,-5.5450439453125E-06
-0.000152587890625,1.31685399667526,-5.4901123046875E-06
-0.000143432617187494,1.32685399665002,-5.487060546875E-06
-0.0001220703125,1.33685399662477,-5.474853515625E-06
-0.000109863281249997,1.34685399659952,-5.43212890625E-06
-0.000119018554687503,1.35685399657427,-5.4290771484375E-06
-0.000125122070312497,1.36685399654903,-5.3802490234375E-06
-0.000125122070312497,1.37685399652378,-5.389404296875E-06
-0.000140380859374997,1.38685399649853,-5.3680419921875E-06
-0.000125122070312497,1.39685399647328,-5.340576171875E-06
-0.0001068115234375,1.40685399644804,-5.3253173828125E-06
-0.000115966796875006,1.41685399642279,-5.2978515625E-06
-0.000140380859374997,1.42685399639754,-5.28564453125E-06
-0.0001373291015625,1.43685399637229,-5.2642822265625E-06
-0.000134277343750003,1.44685399634704,-5.230712890625E-06
-0.0001068115234375,1.4568539963218,-5.2276611328125E-06
-0.0001373291015625,1.46685399629655,-5.1727294921875E-06
-0.0001220703125,1.4768539962713,-5.2001953125E-06
-0.000125122070312497,1.48685399624605,-5.157470703125E-06
-0.000100708007812506,1.49685399622081,-5.126953125E-06
-0.0001373291015625,1.50685399619556,-5.126953125E-06
-0.000115966796875006,1.51685399617031,-5.0872802734375E-06
-0.0001220703125,1.52685399614506,-5.096435546875E-06
-0.000131225585937506,1.53685399611982,-5.0689697265625E-06
-0.000131225585937506,1.54685399609457,-5.0445556640625E-06
-0.000112915039062494,1.55685399606932,-5.0445556640625E-06
-0.000119018554687503,1.56685399604407,-4.998779296875E-06
-0.0001373291015625,1.57685399601883,-4.9896240234375E-06
-0.000131225585937506,1.58685399599358,-4.9896240234375E-06
-0.000119018554687503,1.59685399596833,-4.949951171875E-06
-0.000119018554687503,1.60685399594308,-4.9591064453125E-06
-0.000177001953125006,1.61685399591784,-4.91607666015625E-06
-0.000143432617187494,1.62685399589259,-4.91485595703125E-06
-0.000155639648437497,1.63685399586734,-4.9102783203125E-06
-0.000131225585937506,1.64685399584209,-4.8895263671875E-06
-0.0001373291015625,1.65685399581685,-4.87823486328125E-06
-0.000140380859374997,1.6668539957916,-4.85382080078125E-06
-0.000146484375000006,1.67685399576635,-4.85595703125E-06
-0.0001373291015625,1.6868539957411,-4.8291015625E-06
-0.000161743164062506,1.69685399571586,-4.8004150390625E-06
-0.0001373291015625,1.70685399569061,-4.80316162109375E-06
-0.000125122070312497,1.71685399566536,-4.76165771484375E-06
-0.000158691406249994,1.72685399564011,-4.775390625E-06
-0.000146484375000006,1.73685399561487,-4.7491455078125E-06
-0.0001678466796875,1.74685399558962,-4.72503662109375E-06
-0.0001373291015625,1.75685399556437,-4.74273681640625E-06
-0.000155639648437497,1.76685399553912,-4.7003173828125E-06
-0.000149536132812503,1.77685399551387,-4.71710205078125E-06
-0.000131225585937506,1.78685399548863,-4.68109130859375E-06
-0.000119018554687503,1.79685399546338,-4.66827392578125E-06
-0.000146484375000006,1.80685399543813,-4.66827392578125E-06
-0.000143432617187494,1.81685399541288,-4.6307373046875E-06
-0.000140380859374997,1.82685399538764,-4.638671875E-06
-0.000134277343750003,1.83685399536239,-4.61273193359375E-06
-0.000131225585937506,1.84685399533714,-4.59930419921875E-06
-0.000140380859374997,1.85685399531189,-4.60357666015625E-06
-0.0001678466796875,1.86685399528665,-4.5599365234375E-06
-0.000149536132812503,1.8768539952614,-4.56298828125E-06
-0.000134277343750003,1.88685399523615,-4.5501708984375E-06
-0.000128173828124994,1.8968539952109,-4.5306396484375E-06
-0.000128173828124994,1.90685399518566,-4.53521728515625E-06
-0.000173950195312494,1.91685399516041,-4.4976806640625E-06
-0.000143432617187494,1.92685399513516,-4.50714111328125E-06
-0.000131225585937506,1.93685399510991,-4.49371337890625E-06
-0.000155639648437497,1.94685399508467,-4.4671630859375E-06
-0.000140380859374997,1.95685399505942,-4.47845458984375E-06
-0.000161743164062506,1.96685399503417,-4.449462890625E-06
-0.000149536132812503,1.97685399500892,-4.44854736328125E-06
-0.000146484375000006,1.98685399498368,-4.4342041015625E-06
-0.0001220703125,1.99685399495843,-4.4036865234375E-06
-0.000155639648437497,2.00685399493318,-4.412841796875E-06
-0.000164794921875003,2.01685399490793,-4.38201904296875E-06
-0.000152587890625,2.02685399488269,-4.39361572265625E-06
-0.000146484375000006,2.03685399485744,-4.36981201171875E-06
-0.000146484375000006,2.04685399483219,-4.35089111328125E-06
-0.000128173828124994,2.05685399480694,-4.35516357421875E-06
-0.000140380859374997,2.0668539947817,-4.31915283203125E-06
-0.000146484375000006,2.07685399475645,-4.33013916015625E-06
-0.0001678466796875,2.0868539947312,-4.31640625E-06
-0.000134277343750003,2.09685399470595,-4.2950439453125E-06
-0.000152587890625,2.10685399468071,-4.31488037109375E-06
-0.000177001953125006,2.11685399465546,-4.26727294921875E-06
-0.000149536132812503,2.12685399463021,-4.26666259765625E-06
-0.0001373291015625,2.13685399460496,-4.266357421875E-06
-0.000143432617187494,2.14685399457971,-4.24285888671875E-06
-0.000155639648437497,2.15685399455447,-4.25384521484375E-06
-0.000128173828124994,2.16685399452922,-4.21875E-06
-0.000149536132812503,2.17685399450397,-4.2388916015625E-06
-0.000140380859374997,2.18685399447872,-4.2205810546875E-06
-0.000152587890625,2.19685399445348,-4.19647216796875E-06
-0.000161743164062506,2.20685399442823,-4.19708251953125E-06
-0.000164794921875003,2.21685399440298,-4.1790771484375E-06
-0.000155639648437497,2.22685399437773,-4.1741943359375E-06
-0.000149536132812503,2.23685399435249,-4.1571044921875E-06
-0.000155639648437497,2.24685399432724,-4.14886474609375E-06
-0.000146484375000006,2.25685399430199,-4.15191650390625E-06
-0.000155639648437497,2.26685399427674,-4.12139892578125E-06
-0.000146484375000006,2.2768539942515,-4.127197265625E-06
-0.0001373291015625,2.28685399422625,-4.1021728515625E-06
-0.000128173828124994,2.296853994201,-4.08966064453125E-06
-0.000125122070312497,2.30685399417575,-4.08966064453125E-06
-0.000140380859374997,2.31685399415051,-4.05548095703125E-06
-0.000155639648437497,2.32685399412526,-4.0667724609375E-06
-0.000134277343750003,2.33685399410001,-4.04571533203125E-06
-0.000143432617187494,2.34685399407476,-4.0283203125E-06
-0.000143432617187494,2.35685399404952,-4.0411376953125E-06
-0.0001678466796875,2.36685399402427,-4.0118408203125E-06
-0.000152587890625,2.37685399399902,-4.0240478515625E-06
-0.000152587890625,2.38685399397377,-4.002685546875E-06
-0.000161743164062506,2.39685399394853,-3.9959716796875E-06
-0.000143432617187494,2.40685399392328,-4.00848388671875E-06
-0.000173950195312494,2.41685399389803,-3.96759033203125E-06
-0.000164794921875003,2.42685399387278,-3.98162841796875E-06
-0.000152587890625,2.43685399384754,-3.97430419921875E-06
-0.000125122070312497,2.44685399382229,-3.9422607421875E-06
-0.000152587890625,2.45685399379704,-3.96453857421875E-06
-0.0001373291015625,2.46685399377179,-3.92791748046875E-06
-0.000146484375000006,2.47685399374654,-3.94378662109375E-06
-0.000152587890625,2.4868539937213,-3.919677734375E-06
-0.000143432617187494,2.49685399369605,-3.90594482421875E-06
-0.000119018554687503,2.5068539936708,-3.92333984375E-06
-0.000155639648437497,2.51685399364555,-3.88641357421875E-06
-0.000155639648437497,2.52685399362031,-3.9031982421875E-06
-0.000140380859374997,2.53685399359506,-3.8848876953125E-06
-0.000109863281249997,2.54685399356981,-3.87481689453125E-06
-0.000146484375000006,2.55685399354456,-3.87908935546875E-06
-0.000155639648437497,2.56685399351932,-3.8409423828125E-06
-0.000155639648437497,2.57685399349407,-3.84490966796875E-06
-0.000119018554687503,2.58685399346882,-3.8482666015625E-06
-0.000152587890625,2.59685399344357,-3.84124755859375E-06
-0.000128173828124994,2.60685399341833,-3.83941650390625E-06
-0.000112915039062494,2.61685399339308,-3.80584716796875E-06
-0.0001373291015625,2.62685399336783,-3.8140869140625E-06
-0.0001068115234375,2.63685399334258,-3.79669189453125E-06
-0.000119018554687503,2.64685399331734,-3.78662109375E-06
-0.000143432617187494,2.65685399329209,-3.79058837890625E-06
-0.0001373291015625,2.66685399326684,-3.7530517578125E-06
-0.000149536132812503,2.67685399324159,-3.77105712890625E-06
-0.000149536132812503,2.68685399321635,-3.76220703125E-06
-0.000155639648437497,2.6968539931911,-3.7420654296875E-06
-0.000155639648437497,2.70685399316585,-3.7506103515625E-06
-0.000115966796875006,2.7168539931406,-3.72161865234375E-06
-0.000112915039062494,2.72685399311536,-3.73779296875E-06
-0.000149536132812503,2.73685399309011,-3.71978759765625E-06
-0.000143432617187494,2.74685399306486,-3.7030029296875E-06
-0.000125122070312497,2.75685399303961,-3.71063232421875E-06
-0.0001220703125,2.76685399301437,-3.68072509765625E-06
-0.000134277343750003,2.77685399298912,-3.68438720703125E-06
-0.000155639648437497,2.78685399296387,-3.6871337890625E-06
-0.000134277343750003,2.79685399293862,-3.66912841796875E-06
-0.000152587890625,2.80685399291337,-3.68011474609375E-06
-0.000134277343750003,2.81685399288813,-3.63433837890625E-06
-0.000149536132812503,2.82685399286288,-3.66424560546875E-06
-0.000115966796875006,2.83685399283763,-3.6517333984375E-06
-0.000131225585937506,2.84685399281238,-3.62823486328125E-06
-0.000149536132812503,2.85685399278714,-3.64654541015625E-06
-0.000128173828124994,2.86685399276189,-3.61419677734375E-06
-0.000146484375000006,2.87685399273664,-3.62457275390625E-06
-0.000134277343750003,2.88685399271139,-3.61572265625E-06
-0.000140380859374997,2.89685399268615,-3.5980224609375E-06
-0.000140380859374997,2.9068539926609,-3.61419677734375E-06
-0.000146484375000006,2.91685399263565,-3.5748291015625E-06
-0.000140380859374997,2.9268539926104,-3.58001708984375E-06
-0.000152587890625,2.93685399258516,-3.57574462890625E-06
-0.000112915039062494,2.94685399255991,-3.56170654296875E-06
-0.0001220703125,2.95685399253466,-3.57574462890625E-06
-0.000128173828124994,2.96685399250941,-3.54400634765625E-06
-0.0001373291015625,2.97685399248417,-3.54400634765625E-06
-0.000125122070312497,2.98685399245892,-3.53790283203125E-06
-0.000146484375000006,2.99685399243367,-3.521728515625E-06
-0.000131225585937506,3.00685399240842,-3.53912353515625E-06
-0.000140380859374997,3.01685399238318,-3.505859375E-06
-0.000143432617187494,3.02685399235793,-3.51104736328125E-06
-0.000161743164062506,3.03685399233268,-3.50555419921875E-06
-0.0001373291015625,3.04685399230743,-3.5028076171875E-06
-0.000158691406249994,3.05685399228219,-3.5009765625E-06
-0.000149536132812503,3.06685399225694,-3.4796142578125E-06
-0.000134277343750003,3.07685399223169,-3.4918212890625E-06
-0.000119018554687503,3.08685399220644,-3.47564697265625E-06
-0.000125122070312497,3.0968539921812,-3.4490966796875E-06
-0.000158691406249994,3.10685399215595,-3.4832763671875E-06
-0.000128173828124994,3.1168539921307,-3.44024658203125E-06
-0.000143432617187494,3.12685399210545,-3.45458984375E-06
-0.000143432617187494,3.1368539920802,-3.4503173828125E-06
-0.000143432617187494,3.14685399205496,-3.4344482421875E-06
-0.000134277343750003,3.15685399202971,-3.455810546875E-06
-0.000140380859374997,3.16685399200446,-3.40576171875E-06
-0.000128173828124994,3.17685399197921,-3.4368896484375E-06
-0.000149536132812503,3.18685399195397,-3.43017578125E-06
-0.0001373291015625,3.19685399192872,-3.39508056640625E-06
-0.000125122070312497,3.20685399190347,-3.42376708984375E-06
-0.0001373291015625,3.21685399187822,-3.39111328125E-06
-0.000152587890625,3.22685399185298,-3.40423583984375E-06
-0.000128173828124994,3.23685399182773,-3.394775390625E-06
-0.000131225585937506,3.24685399180248,-3.37158203125E-06
-9.76562499999944E-05,3.25685399177723,-3.39202880859375E-06
-0.0001373291015625,3.26685399175199,-3.350830078125E-06
-0.0001220703125,3.27685399172674,-3.37127685546875E-06
-0.000115966796875006,3.28685399170149,-3.36334228515625E-06
-0.000149536132812503,3.29685399167624,-3.35418701171875E-06
-0.000128173828124994,3.306853991651,-3.36181640625E-06
-0.000158691406249994,3.31685399162575,-3.3203125E-06
-0.000149536132812503,3.3268539916005,-3.33740234375E-06
-0.000128173828124994,3.33685399157525,-3.33770751953125E-06
-0.000128173828124994,3.34685399155001,-3.3184814453125E-06
-0.000131225585937506,3.35685399152476,-3.3489990234375E-06
-0.000158691406249994,3.36685399149951,-3.3013916015625E-06
-0.000128173828124994,3.37685399147426,-3.32366943359375E-06
-0.000155639648437497,3.38685399144902,-3.3154296875E-06
-0.000164794921875003,3.39685399142377,-3.29345703125E-06
-0.0001373291015625,3.40685399139852,-3.31878662109375E-06
-0.000149536132812503,3.41685399137327,-3.26202392578125E-06
-0.000140380859374997,3.42685399134803,-3.304443359375E-06
-0.000131225585937506,3.43685399132278,-3.29010009765625E-06
-0.000152587890625,3.44685399129753,-3.2659912109375E-06
-0.000155639648437497,3.45685399127228,-3.297119140625E-06
-0.000164794921875003,3.46685399124704,-3.25164794921875E-06
-0.000125122070312497,3.47685399122179,-3.2672119140625E-06
-0.000131225585937506,3.48685399119654,-3.2513427734375E-06
-0.000146484375000006,3.49685399117129,-3.2440185546875E-06
-0.0001373291015625,3.50685399114604,-3.24310302734375E-06
-0.000161743164062506,3.5168539911208,-3.21533203125E-06
-0.000140380859374997,3.52685399109555,-3.24462890625E-06
-0.000146484375000006,3.5368539910703,-3.2391357421875E-06
-0.000119018554687503,3.54685399104505,-3.2159423828125E-06
-0.000131225585937506,3.55685399101981,-3.23333740234375E-06
-0.000158691406249994,3.56685399099456,-3.194580078125E-06
-0.000125122070312497,3.57685399096931,-3.2086181640625E-06
-0.000125122070312497,3.58685399094406,-3.1982421875E-06
-0.000128173828124994,3.59685399091882,-3.19305419921875E-06
-0.000143432617187494,3.60685399089357,-3.20220947265625E-06
-0.000140380859374997,3.61685399086832,-3.1719970703125E-06
-0.0001220703125,3.62685399084307,-3.18603515625E-06
-0.0001373291015625,3.63685399081783,-3.18756103515625E-06
-0.000158691406249994,3.64685399079258,-3.1829833984375E-06
-0.000125122070312497,3.65685399076733,-3.175048828125E-06
-0.000131225585937506,3.66685399074208,-3.150634765625E-06
-0.000134277343750003,3.67685399071684,-3.1585693359375E-06
-0.000119018554687503,3.68685399069159,-3.1494140625E-06
-0.0001373291015625,3.69685399066634,-3.1475830078125E-06
-0.0001373291015625,3.70685399064109,-3.14727783203125E-06
-0.000131225585937506,3.71685399061585,-3.12896728515625E-06
-0.000140380859374997,3.7268539905906,-3.13720703125E-06
-0.000131225585937506,3.73685399056535,-3.1390380859375E-06
-0.000131225585937506,3.7468539905401,-3.11370849609375E-06
-0.0001220703125,3.75685399051486,-3.11553955078125E-06
-0.000119018554687503,3.76685399048961,-3.09478759765625E-06
-0.000149536132812503,3.77685399046436,-3.106689453125E-06
-0.000140380859374997,3.78685399043911,-3.099365234375E-06
-0.000131225585937506,3.79685399041387,-3.08746337890625E-06
-0.000146484375000006,3.80685399038862,-3.09417724609375E-06
-0.000131225585937506,3.81685399036337,-3.0670166015625E-06
-0.000155639648437497,3.82685399033812,-3.08624267578125E-06
-0.0001220703125,3.83685399031287,-3.08929443359375E-06
-0.000155639648437497,3.84685399028763,-3.0609130859375E-06
-0.000109863281249997,3.85685399026238,-3.08441162109375E-06
-0.000119018554687503,3.86685399023713,-3.05908203125E-06
-0.000115966796875006,3.87685399021188,-3.0755615234375E-06
-0.0001373291015625,3.88685399018664,-3.0718994140625E-06
-0.000119018554687503,3.89685399016139,-3.04412841796875E-06
-0.000140380859374997,3.90685399013614,-3.060302734375E-06
-0.000131225585937506,3.91685399011089,-3.023681640625E-06
-0.000152587890625,3.92685399008565,-3.0419921875E-06
-0.000103759765625003,3.9368539900604,-3.043212890625E-06
-0.000125122070312497,3.94685399003515,-3.028564453125E-06
-0.000100708007812506,3.9568539900099,-3.03741455078125E-06
-0.000140380859374997,3.96685398998466,-3.0059814453125E-06
-0.000115966796875006,3.97685398995941,-3.026123046875E-06
-0.000128173828124994,3.98685398993416,-3.00994873046875E-06
-0.000143432617187494,3.99685398990891,-2.999267578125E-06
-0.000161743164062506,4.00685398988367,-3.0078125E-06
-0.000152587890625,4.01685398985842,-2.97454833984375E-06
-0.000149536132812503,4.02685398983317,-3.00048828125E-06
-0.0001373291015625,4.03685398980792,-2.9931640625E-06
-0.000140380859374997,4.04685398978268,-2.957763671875E-06
-0.0001373291015625,4.05685398975743,-2.98919677734375E-06
-9.76562499999944E-05,4.06685398973218,-2.9656982421875E-06
-0.000131225585937506,4.07685398970693,-2.96875E-06
-0.000149536132812503,4.08685398968169,-2.9705810546875E-06
-0.000134277343750003,4.09685398965644,-2.9559326171875E-06
-0.000103759765625003,4.10685398963119,-2.97576904296875E-06
-0.0001373291015625,4.11685398960594,-2.94891357421875E-06
-0.0001678466796875,4.1268539895807,-2.94952392578125E-06
-0.0001373291015625,4.13685398955545,-2.960205078125E-06
-0.000134277343750003,4.1468539895302,-2.9364013671875E-06
-0.000143432617187494,4.15685398950495,-2.947998046875E-06
-0.000128173828124994,4.1668539894797,-2.926025390625E-06
-0.000155639648437497,4.17685398945446,-2.935791015625E-06
-0.000125122070312497,4.18685398942921,-2.93609619140625E-06
-0.000146484375000006,4.19685398940396,-2.92236328125E-06
-0.000128173828124994,4.20685398937871,-2.933349609375E-06
-0.000103759765625003,4.21685398935347,-2.90069580078125E-06
-0.0001373291015625,4.22685398932822,-2.91748046875E-06
-0.000115966796875006,4.23685398930297,-2.9107666015625E-06
-0.000146484375000006,4.24685398927772,-2.89276123046875E-06
-0.000143432617187494,4.25685398925248,-2.906494140625E-06
-0.000149536132812503,4.26685398922723,-2.87506103515625E-06
-0.000112915039062494,4.27685398920198,-2.900390625E-06
-0.000146484375000006,4.28685398917673,-2.88238525390625E-06
-0.000134277343750003,4.29685398915149,-2.877197265625E-06
-0.000140380859374997,4.30685398912624,-2.8839111328125E-06
-0.0001068115234375,4.31685398910099,-2.85186767578125E-06
-0.000134277343750003,4.32685398907574,-2.8717041015625E-06
-0.0001373291015625,4.3368539890505,-2.864990234375E-06
-0.000143432617187494,4.34685398902525,-2.8466796875E-06
-0.000119018554687503,4.356853989,-2.8619384765625E-06
-0.000146484375000006,4.36685398897475,-2.8338623046875E-06
-0.000149536132812503,4.37685398894951,-2.8509521484375E-06
-0.000140380859374997,4.38685398892426,-2.8460693359375E-06
-0.0001373291015625,4.39685398889901,-2.81402587890625E-06
-0.000115966796875006,4.40685398887376,-2.8497314453125E-06
-0.000109863281249997,4.41685398884852,-2.80670166015625E-06
-0.0001068115234375,4.42685398882327,-2.8338623046875E-06
-0.000146484375000006,4.43685398879802,-2.82196044921875E-06
-0.000103759765625003,4.44685398877277,-2.801513671875E-06
-0.000115966796875006,4.45685398874753,-2.8253173828125E-06
-0.000149536132812503,4.46685398872228,-2.79815673828125E-06
-0.000119018554687503,4.47685398869703,-2.802734375E-06
-0.000125122070312497,4.48685398867178,-2.7978515625E-06
-0.000131225585937506,4.49685398864654,-2.781982421875E-06
-0.000143432617187494,4.50685398862129,-2.81158447265625E-06
-0.0001373291015625,4.51685398859604,-2.76947021484375E-06
-0.000128173828124994,4.52685398857079,-2.7935791015625E-06
-0.0001373291015625,4.53685398854554,-2.779541015625E-06
-0.000128173828124994,4.5468539885203,-2.77374267578125E-06
-0.000140380859374997,4.55685398849505,-2.79205322265625E-06
-0.0001220703125,4.5668539884698,-2.76153564453125E-06
-0.0001068115234375,4.57685398844455,-2.77557373046875E-06
-0.0001373291015625,4.58685398841931,-2.772216796875E-06
-0.000143432617187494,4.59685398839406,-2.74688720703125E-06
-0.000125122070312497,4.60685398836881,-2.764892578125E-06
-9.76562499999944E-05,4.61685398834356,-2.72735595703125E-06
-0.0001220703125,4.62685398831832,-2.76397705078125E-06
-0.000112915039062494,4.63685398829307,-2.74749755859375E-06
-0.000140380859374997,4.64685398826782,-2.728271484375E-06
-0.000134277343750003,4.65685398824257,-2.7642822265625E-06
-0.000109863281249997,4.66685398821733,-2.713623046875E-06
-0.000143432617187494,4.67685398819208,-2.7337646484375E-06
-0.000100708007812506,4.68685398816683,-2.73284912109375E-06
-0.000161743164062506,4.69685398814158,-2.71087646484375E-06
-0.000149536132812503,4.70685398811634,-2.72674560546875E-06
-0.000164794921875003,4.71685398809109,-2.70233154296875E-06
-0.000128173828124994,4.72685398806584,-2.72216796875E-06
-0.000143432617187494,4.73685398804059,-2.71697998046875E-06
-0.000131225585937506,4.74685398801535,-2.70477294921875E-06
-0.000128173828124994,4.7568539879901,-2.70965576171875E-06
-0.000131225585937506,4.76685398796485,-2.6934814453125E-06
-0.0001373291015625,4.7768539879396,-2.69989013671875E-06
-0.000134277343750003,4.78685398791436,-2.6983642578125E-06
-0.0001220703125,4.79685398788911,-2.68218994140625E-06
-0.000109863281249997,4.80685398786386,-2.69378662109375E-06
-0.000140380859374997,4.81685398783861,-2.672119140625E-06
-0.000128173828124994,4.82685398781337,-2.68585205078125E-06
-0.000131225585937506,4.83685398778812,-2.68646240234375E-06
-0.0001220703125,4.84685398776287,-2.67120361328125E-06
-0.000134277343750003,4.85685398773762,-2.68218994140625E-06
-0.000119018554687503,4.86685398771237,-2.6513671875E-06
-0.000125122070312497,4.87685398768713,-2.6788330078125E-06
-0.000143432617187494,4.88685398766188,-2.67120361328125E-06
-0.000143432617187494,4.89685398763663,-2.64892578125E-06
-0.000128173828124994,4.90685398761138,-2.672119140625E-06
-0.000146484375000006,4.91685398758614,-2.64068603515625E-06
-0.000146484375000006,4.92685398756089,-2.64892578125E-06
-0.000103759765625003,4.93685398753564,-2.6397705078125E-06
-0.000128173828124994,4.94685398751039,-2.628173828125E-06
-0.000140380859374997,4.95685398748515,-2.64617919921875E-06
-0.000134277343750003,4.9668539874599,-2.61474609375E-06
-0.000134277343750003,4.97685398743465,-2.6312255859375E-06
-0.000131225585937506,4.9868539874094,-2.63214111328125E-06
-0.0001068115234375,4.99685398738416,-2.61871337890625E-06
-0.000115966796875006,5.00685398735891,-2.645263671875E-06
-0.000125122070312497,5.01685398733366,-2.60833740234375E-06
-0.0001373291015625,5.02685398730841,-2.6287841796875E-06
-0.000125122070312497,5.03685398728317,-2.62237548828125E-06
-0.0001220703125,5.04685398725792,-2.60223388671875E-06
-0.000143432617187494,5.05685398723267,-2.6177978515625E-06
-0.000128173828124994,5.06685398720742,-2.58880615234375E-06
-0.000125122070312497,5.07685398718218,-2.61199951171875E-06
-0.000131225585937506,5.08685398715693,-2.60040283203125E-06
-0.000143432617187494,5.09685398713168,-2.58575439453125E-06
-0.000143432617187494,5.10685398710643,-2.6080322265625E-06
-0.000125122070312497,5.11685398708119,-2.57537841796875E-06
-0.000146484375000006,5.12685398705594,-2.60223388671875E-06
-0.000112915039062494,5.13685398703069,-2.5848388671875E-06
-0.000115966796875006,5.14685398700544,-2.55889892578125E-06
-0.000109863281249997,5.1568539869802,-2.58056640625E-06
-0.000103759765625003,5.16685398695495,-2.56683349609375E-06
-0.0001068115234375,5.1768539869297,-2.5701904296875E-06
-0.0001373291015625,5.18685398690445,-2.55615234375E-06
-0.000140380859374997,5.1968539868792,-2.55401611328125E-06
-0.000112915039062494,5.20685398685396,-2.57232666015625E-06
-0.0001220703125,5.21685398682871,-2.54730224609375E-06
-0.000131225585937506,5.22685398680346,-2.5689697265625E-06
-0.000125122070312497,5.23685398677821,-2.56500244140625E-06
-0.000134277343750003,5.24685398675297,-2.55706787109375E-06
-0.000143432617187494,5.25685398672772,-2.55279541015625E-06
-0.000109863281249997,5.26685398670247,-2.52899169921875E-06
-0.000143432617187494,5.27685398667722,-2.5494384765625E-06
-0.000146484375000006,5.28685398665198,-2.54302978515625E-06
-0.0001373291015625,5.29685398662673,-2.5323486328125E-06
-0.000149536132812503,5.30685398660148,-2.55828857421875E-06
-0.000131225585937506,5.31685398657623,-2.52166748046875E-06
-0.0001373291015625,5.32685398655099,-2.530517578125E-06
-0.0001220703125,5.33685398652574,-2.51678466796875E-06
-0.000119018554687503,5.34685398650049,-2.5140380859375E-06
-0.0001068115234375,5.35685398647524,-2.53265380859375E-06
-0.000119018554687503,5.36685398645,-2.49969482421875E-06
0.120697021484375,5.82049298530467,1E-05
0.12066650390625,5.83049298527942,0.0001
0.120025634765625,5.84049298525417,0.00033990478515625
0.120086669921875,5.85049298522893,0.00032293701171875
0.120086669921875,5.86049298520368,0.000309295654296875
0.12005615234375,5.87049298517843,0.00029766845703125
0.12005615234375,5.88049298515318,0.000287506103515625
0.120086669921875,5.89049298512793,0.000278656005859375
0.120086669921875,5.90049298510269,0.00027081298828125
0.120086669921875,5.91049298507744,0.00026361083984375
0.12005615234375,5.92049298505219,0.00025701904296875
0.12005615234375,5.93049298502694,0.000250946044921875
0.120025634765625,5.9404929850017,0.0002454833984375
0.12005615234375,5.95049298497645,0.000240478515625
0.120086669921875,5.9604929849512,0.000235565185546875
0.120086669921875,5.97049298492595,0.000231170654296875
0.120086669921875,5.98049298490071,0.000226898193359375
0.12005615234375,5.99049298487546,0.0002230224609375
0.120086669921875,6.00049298485021,0.00021923828125
0.12005615234375,6.01049298482496,0.00021575927734375
0.1199951171875,6.02049298479972,0.00021240234375
0.120025634765625,6.03049298477447,0.000209075927734375
0.12005615234375,6.04049298474922,0.00020599365234375
0.1199951171875,6.05049298472397,0.000203216552734375
0.119964599609375,6.06049298469873,0.000200531005859375
0.120025634765625,6.07049298467348,0.000197784423828125
0.1199951171875,6.08049298464823,0.000195343017578125
0.1199951171875,6.09049298462298,0.000192840576171875
0.119964599609375,6.10049298459774,0.00019049072265625
0.12005615234375,6.11049298457249,0.000188323974609375
0.119964599609375,6.12049298454724,0.00018609619140625
0.120025634765625,6.13049298452199,0.000183929443359375
0.120025634765625,6.14049298449675,0.000181976318359375
0.1199951171875,6.1504929844715,0.0001800537109375
0.12005615234375,6.16049298444625,0.0001781005859375
0.120025634765625,6.170492984421,0.000176239013671875
0.1199951171875,6.18049298439576,0.00017437744140625
0.1199951171875,6.19049298437051,0.0001728515625
0.11993408203125,6.20049298434526,0.000171142578125
0.12005615234375,6.21049298432001,0.000169525146484375
0.120025634765625,6.22049298429476,0.000167999267578125
0.12005615234375,6.23049298426952,0.0001663818359375
0.1199951171875,6.24049298424427,0.000164947509765625
0.120025634765625,6.25049298421902,0.0001634521484375
0.1199951171875,6.26049298419377,0.000162139892578125
0.119964599609375,6.27049298416853,0.0001607666015625
0.11993408203125,6.28049298414328,0.00015936279296875
0.119964599609375,6.29049298411803,0.000158294677734375
0.1199951171875,6.30049298409278,0.0001568603515625
0.1199951171875,6.31049298406754,0.0001556396484375
0.1199951171875,6.32049298404229,0.000154571533203125
0.120025634765625,6.33049298401704,0.000153350830078125
0.11993408203125,6.34049298399179,0.000152191162109375
0.1199951171875,6.35049298396655,0.000150970458984375
0.11993408203125,6.3604929839413,0.00014990234375
0.119964599609375,6.37049298391605,0.000148956298828125
0.120025634765625,6.3804929838908,0.0001478271484375
0.119903564453125,6.39049298386556,0.000146759033203125
0.119964599609375,6.40049298384031,0.000145751953125
0.11993408203125,6.41049298381506,0.00014483642578125
0.119964599609375,6.42049298378981,0.000143798828125
0.1199951171875,6.43049298376457,0.00014288330078125
0.1199951171875,6.44049298373932,0.00014190673828125
0.11993408203125,6.45049298371407,0.00014105224609375
0.120025634765625,6.46049298368882,0.00014019775390625
0.1199951171875,6.47049298366358,0.00013934326171875
0.119964599609375,6.48049298363833,0.000138397216796875
0.119903564453125,6.49049298361308,0.000137725830078125
0.120025634765625,6.50049298358783,0.000136871337890625
0.119903564453125,6.51049298356259,0.000136016845703125
0.1199951171875,6.52049298353734,0.00013519287109375
0.119903564453125,6.53049298351209,0.000134429931640625
0.11993408203125,6.54049298348684,0.000133697509765625
0.119964599609375,6.5504929834616,0.00013287353515625
0.11993408203125,6.56049298343635,0.000132293701171875
0.1199951171875,6.5704929834111,0.000131378173828125
0.119964599609375,6.58049298338585,0.00013079833984375
0.11993408203125,6.5904929833606,0.000130035400390625
0.119964599609375,6.60049298333536,0.000129425048828125
0.119903564453125,6.61049298331011,0.000128631591796875
0.1199951171875,6.62049298328486,0.0001280517578125
0.119964599609375,6.63049298325961,0.00012738037109375
0.11993408203125,6.64049298323437,0.00012677001953125
0.119903564453125,6.65049298320912,0.000126007080078125
0.1199951171875,6.66049298318387,0.0001253662109375
0.11993408203125,6.67049298315862,0.0001248779296875
0.119964599609375,6.68049298313338,0.000124114990234375
0.119903564453125,6.69049298310813,0.00012359619140625
0.11993408203125,6.70049298308288,0.000123016357421875
0.119903564453125,6.71049298305763,0.000122344970703125
0.119873046875,6.72049298303239,0.000121917724609375
0.119903564453125,6.73049298300714,0.00012127685546875
0.1199951171875,6.74049298298189,0.00012078857421875
0.120025634765625,6.75049298295664,0.000120208740234375
0.119964599609375,6.7604929829314,0.000119659423828125
0.11993408203125,6.77049298290615,0.000119171142578125
0.120025634765625,6.7804929828809,0.00011865234375
0.119964599609375,6.79049298285565,0.000118072509765625
0.119903564453125,6.80049298283041,0.0001175537109375
0.119964599609375,6.81049298280516,0.0001170654296875
0.119964599609375,6.82049298277991,0.000116546630859375
0.119964599609375,6.83049298275466,0.000115997314453125
0.119964599609375,6.84049298272942,0.0001156005859375
0.11993408203125,6.85049298270417,0.000115234375
0.11993408203125,6.86049298267892,0.00011474609375
0.11993408203125,6.87049298265367,0.000114227294921875
0.119964599609375,6.88049298262843,0.00011376953125
0.11993408203125,6.89049298260318,0.000113250732421875
0.119964599609375,6.90049298257793,0.000112701416015625
0.120025634765625,6.91049298255268,0.0001124267578125
0.119873046875,6.92049298252743,0.0001119384765625
0.119964599609375,6.93049298250219,0.000111419677734375
0.1199951171875,6.94049298247694,0.000111053466796875
0.1199951171875,6.95049298245169,0.000110626220703125
0.1199951171875,6.96049298242644,0.000110198974609375
0.119903564453125,6.9704929824012,0.00010986328125
0.119964599609375,6.98049298237595,0.0001094970703125
0.11993408203125,6.9904929823507,0.0001090087890625
0.119964599609375,7.00049298232545,0.00010858154296875
0.119964599609375,7.01049298230021,0.000108245849609375
0.11993408203125,7.02049298227496,0.000107818603515625
0.11993408203125,7.03049298224971,0.000107513427734375
0.119873046875,7.04049298222446,0.000107086181640625
0.11993408203125,7.05049298219922,0.00010662841796875
0.119964599609375,7.06049298217397,0.000106292724609375
0.119873046875,7.07049298214872,0.00010601806640625
0.11993408203125,7.08049298212347,0.0001055908203125
0.119903564453125,7.09049298209823,0.000105255126953125
0.11993408203125,7.10049298207298,0.00010479736328125
0.1199951171875,7.11049298204773,0.00010443115234375
0.119964599609375,7.12049298202248,0.000104156494140625
0.119873046875,7.13049298199724,0.00010382080078125
0.119964599609375,7.14049298197199,0.000103485107421875
0.119964599609375,7.15049298194674,0.00010302734375
0.119873046875,7.16049298192149,0.0001026611328125
0.120025634765625,7.17049298189625,0.00010247802734375
0.11993408203125,7.180492981871,0.00010211181640625
0.119903564453125,7.19049298184575,0.000101776123046875
0.11993408203125,7.2004929818205,0.0001014404296875
0.11993408203125,7.21049298179526,0.000101226806640625
0.119964599609375,7.22049298177001,0.000100799560546875
0.1199951171875,7.23049298174476,0.000100555419921875
0.119964599609375,7.24049298171951,0.0001002197265625
0.119903564453125,7.25049298169426,9.9884033203125E-05
0.119964599609375,7.26049298166902,9.9578857421875E-05
0.11993408203125,7.27049298164377,9.942626953125E-05
0.1199951171875,7.28049298161852,9.906005859375E-05
0.119964599609375,7.29049298159327,9.8724365234375E-05
0.11993408203125,7.30049298156803,9.8358154296875E-05
0.11993408203125,7.31049298154278,9.8052978515625E-05
0.119964599609375,7.32049298151753,9.7747802734375E-05
0.119964599609375,7.33049298149228,9.75341796875E-05
0.11993408203125,7.34049298146704,9.722900390625E-05
0.119903564453125,7.35049298144179,9.6923828125E-05
0.119964599609375,7.36049298141654,9.661865234375E-05
0.119903564453125,7.37049298139129,9.649658203125E-05
0.119964599609375,7.38049298136605,9.613037109375E-05
0.119964599609375,7.3904929813408,9.576416015625E-05
0.11993408203125,7.40049298131555,9.5611572265625E-05
0.119903564453125,7.4104929812903,9.5428466796875E-05
0.11993408203125,7.42049298126506,9.5123291015625E-05
0.119964599609375,7.43049298123981,9.48486328125E-05
0.11993408203125,7.44049298121456,9.454345703125E-05
0.11993408203125,7.45049298118931,9.442138671875E-05
0.119873046875,7.46049298116407,9.405517578125E-05
0.11993408203125,7.47049298113882,9.3902587890625E-05
0.119964599609375,7.48049298111357,9.3536376953125E-05
0.119903564453125,7.49049298108832,9.332275390625E-05
0.11993408203125,7.50049298106308,9.2987060546875E-05
0.119903564453125,7.51049298103783,9.283447265625E-05
0.11993408203125,7.52049298101258,9.2559814453125E-05
0.11993408203125,7.53049298098733,9.2376708984375E-05
0.119964599609375,7.54049298096209,9.2193603515625E-05
0.11993408203125,7.55049298093684,9.1827392578125E-05
0.119873046875,7.56049298091159,9.16748046875E-05
0.119903564453125,7.57049298088634,9.136962890625E-05
0.119873046875,7.5804929808611,9.11865234375E-05
0.11993408203125,7.59049298083585,9.100341796875E-05
0.11993408203125,7.6004929808106,9.06982421875E-05
0.119903564453125,7.61049298078535,9.0545654296875E-05
0.119903564453125,7.6204929807601,9.0179443359375E-05
0.119903564453125,7.63049298073486,9.0057373046875E-05
0.119873046875,7.64049298070961,8.9935302734375E-05
0.11993408203125,7.65049298068436,8.9508056640625E-05
0.119903564453125,7.66049298065911,8.9385986328125E-05
0.119903564453125,7.67049298063387,8.9111328125E-05
0.119873046875,7.68049298060862,8.9019775390625E-05
0.11993408203125,7.69049298058337,8.880615234375E-05
0.119903564453125,7.70049298055812,8.8531494140625E-05
0.11993408203125,7.71049298053288,8.82568359375E-05
0.119903564453125,7.72049298050763,8.8134765625E-05
0.119903564453125,7.73049298048238,8.7890625E-05
0.119903564453125,7.74049298045713,8.7677001953125E-05
0.119903564453125,7.75049298043189,8.7554931640625E-05
0.11993408203125,7.76049298040664,8.7310791015625E-05
0.11993408203125,7.77049298038139,8.709716796875E-05
0.11993408203125,7.78049298035614,8.7005615234375E-05
0.119903564453125,7.7904929803309,8.6761474609375E-05
0.119873046875,7.80049298030565,8.642578125E-05
0.119903564453125,7.8104929802804,8.6395263671875E-05
0.1199951171875,7.82049298025515,8.6212158203125E-05
0.119873046875,7.83049298022991,8.5968017578125E-05
0.119873046875,7.84049298020466,8.5784912109375E-05
0.119964599609375,7.85049298017941,8.5479736328125E-05
0.119964599609375,7.86049298015416,8.5357666015625E-05
0.119873046875,7.87049298012892,8.526611328125E-05
0.119964599609375,7.88049298010367,8.489990234375E-05
0.119964599609375,7.89049298007842,8.4808349609375E-05
0.119903564453125,7.90049298005317,8.465576171875E-05
0.11993408203125,7.91049298002793,8.4564208984375E-05
0.11993408203125,7.92049298000268,8.43505859375E-05
0.119964599609375,7.93049297997743,8.4075927734375E-05
0.119873046875,7.94049297995218,8.404541015625E-05
0.11993408203125,7.95049297992693,8.367919921875E-05
0.11993408203125,7.96049297990169,8.3648681640625E-05
0.11993408203125,7.97049297987644,8.33740234375E-05
0.119903564453125,7.98049297985119,8.3282470703125E-05
0.119842529296875,7.99049297982594,8.3038330078125E-05
0.11993408203125,8.0004929798007,8.2916259765625E-05
0.1199951171875,8.01049297977545,8.270263671875E-05
0.119964599609375,8.0204929797502,8.251953125E-05
0.119873046875,8.03049297972495,8.2305908203125E-05
0.119903564453125,8.04049297969971,8.2275390625E-05
0.119903564453125,8.05049297967446,8.209228515625E-05
0.119964599609375,8.06049297964921,8.197021484375E-05
0.119964599609375,8.07049297962396,8.1756591796875E-05
0.11993408203125,8.08049297959872,8.1451416015625E-05
0.11993408203125,8.09049297957347,8.135986328125E-05
0.119964599609375,8.10049297954822,8.1207275390625E-05
0.11993408203125,8.11049297952297,8.1024169921875E-05
0.119903564453125,8.12049297949773,8.09326171875E-05
0.119964599609375,8.13049297947248,8.074951171875E-05
0.119842529296875,8.14049297944723,8.0596923828125E-05
0.11993408203125,8.15049297942198,8.04443359375E-05
0.11993408203125,8.16049297939674,8.0352783203125E-05
0.11993408203125,8.17049297937149,8.0169677734375E-05
0.119903564453125,8.18049297934624,8.001708984375E-05
0.119903564453125,8.19049297932099,7.989501953125E-05
0.11993408203125,8.20049297929575,7.965087890625E-05
0.11993408203125,8.2104929792705,7.952880859375E-05
0.11993408203125,8.22049297924525,7.9498291015625E-05
0.11993408203125,8.23049297922,7.9315185546875E-05
0.11993408203125,8.24049297919476,7.9132080078125E-05
0.11993408203125,8.25049297916951,7.9010009765625E-05
0.119873046875,8.26049297914426,7.8826904296875E-05
0.11993408203125,8.27049297911901,7.8704833984375E-05
0.119903564453125,8.28049297909376,7.855224609375E-05
0.119903564453125,8.29049297906852,7.8338623046875E-05
0.11993408203125,8.30049297904327,7.830810546875E-05
0.11993408203125,8.31049297901802,7.8033447265625E-05
0.119873046875,8.32049297899277,7.794189453125E-05
0.11993408203125,8.33049297896753,7.7850341796875E-05
0.119842529296875,8.34049297894228,7.763671875E-05
0.1199951171875,8.35049297891703,7.75146484375E-05
0.11993408203125,8.36049297889178,7.7423095703125E-05
0.11993408203125,8.37049297886654,7.7239990234375E-05
0.119903564453125,8.38049297884129,7.708740234375E-05
0.119964599609375,8.39049297881604,7.7056884765625E-05
0.11993408203125,8.40049297879079,7.684326171875E-05
0.119903564453125,8.41049297876555,7.6690673828125E-05
0.119903564453125,8.4204929787403,7.659912109375E-05
0.119964599609375,8.43049297871505,7.635498046875E-05
0.11993408203125,8.4404929786898,7.6324462890625E-05
0.11993408203125,8.45049297866456,7.6171875E-05
0.119903564453125,8.46049297863931,7.6141357421875E-05
0.119964599609375,8.47049297861406,7.5897216796875E-05
0.11993408203125,8.48049297858881,7.574462890625E-05
0.119964599609375,8.49049297856357,7.5653076171875E-05
0.1199951171875,8.50049297853832,7.5592041015625E-05
0.119903564453125,8.51049297851307,7.55615234375E-05
0.119964599609375,8.52049297848782,7.53173828125E-05
0.119903564453125,8.53049297846258,7.513427734375E-05
0.119964599609375,8.54049297843733,7.5042724609375E-05
0.11993408203125,8.55049297841208,7.4981689453125E-05
0.11993408203125,8.56049297838683,7.4859619140625E-05
0.11993408203125,8.57049297836159,7.470703125E-05
0.11993408203125,8.58049297833634,7.464599609375E-05
0.119903564453125,8.59049297831109,7.4462890625E-05
0.119873046875,8.60049297828584,7.427978515625E-05
0.11993408203125,8.6104929782606,7.415771484375E-05
0.119903564453125,8.62049297823535,7.421875E-05
0.119903564453125,8.6304929782101,7.391357421875E-05
0.119903564453125,8.64049297818485,7.3944091796875E-05
0.119964599609375,8.6504929781596,7.366943359375E-05
0.11993408203125,8.66049297813436,7.3516845703125E-05
0.119964599609375,8.67049297810911,7.3516845703125E-05
0.11993408203125,8.68049297808386,7.3394775390625E-05
0.119873046875,8.69049297805861,7.3272705078125E-05
0.119873046875,8.70049297803337,7.32421875E-05
0.119964599609375,8.71049297800812,7.3028564453125E-05
0.119903564453125,8.72049297798287,7.293701171875E-05
0.119964599609375,8.73049297795762,7.275390625E-05
0.119903564453125,8.74049297793238,7.2784423828125E-05
0.1199951171875,8.75049297790713,7.2479248046875E-05
0.119903564453125,8.76049297788188,7.2509765625E-05
0.119903564453125,8.77049297785663,7.23876953125E-05
0.11993408203125,8.78049297783139,7.2357177734375E-05
0.119842529296875,8.79049297780614,7.21435546875E-05
0.119842529296875,8.80049297778089,7.208251953125E-05
0.119903564453125,8.81049297775564,7.1990966796875E-05
0.11993408203125,8.8204929777304,7.1746826171875E-05
0.119873046875,8.83049297770515,7.1685791015625E-05
0.119903564453125,8.8404929776799,7.1685791015625E-05
0.11993408203125,8.85049297765465,7.147216796875E-05
0.119964599609375,8.86049297762941,7.12890625E-05
0.11993408203125,8.87049297760416,7.1319580078125E-05
0.119903564453125,8.88049297757891,7.1258544921875E-05
0.11993408203125,8.89049297755366,7.098388671875E-05
0.119964599609375,8.90049297752842,7.09228515625E-05
0.11993408203125,8.91049297750317,7.0953369140625E-05
0.119903564453125,8.92049297747792,7.080078125E-05
0.119903564453125,8.93049297745267,7.0648193359375E-05
0.119964599609375,8.94049297742743,7.0648193359375E-05
0.119964599609375,8.95049297740218,7.0465087890625E-05
0.119964599609375,8.96049297737693,7.0465087890625E-05
0.119964599609375,8.97049297735168,7.0159912109375E-05
0.119873046875,8.98049297732643,7.012939453125E-05
0.119964599609375,8.99049297730119,7.0037841796875E-05
0.119903564453125,9.00049297727594,6.9915771484375E-05
0.119903564453125,9.01049297725069,6.982421875E-05
0.11993408203125,9.02049297722544,6.9793701171875E-05
0.11993408203125,9.0304929772002,6.9671630859375E-05
0.119873046875,9.04049297717495,6.964111328125E-05
0.119903564453125,9.0504929771497,6.939697265625E-05
0.119903564453125,9.06049297712445,6.939697265625E-05
0.119964599609375,9.07049297709921,6.9366455078125E-05
0.11993408203125,9.08049297707396,6.9183349609375E-05
0.119873046875,9.09049297704871,6.9091796875E-05
0.119903564453125,9.10049297702346,6.903076171875E-05
0.119903564453125,9.11049297699822,6.8878173828125E-05
0.119903564453125,9.12049297697297,6.8817138671875E-05
0.119873046875,9.13049297694772,6.8603515625E-05
0.11993408203125,9.14049297692247,6.8695068359375E-05
0.119873046875,9.15049297689723,6.8634033203125E-05
0.11993408203125,9.16049297687198,6.8450927734375E-05
0.11993408203125,9.17049297684673,6.8389892578125E-05
0.11993408203125,9.18049297682148,6.8206787109375E-05
0.11993408203125,9.19049297679624,6.8267822265625E-05
0.119903564453125,9.20049297677099,6.8023681640625E-05
0.11993408203125,9.21049297674574,6.8023681640625E-05
0.119903564453125,9.22049297672049,6.7901611328125E-05
0.11993408203125,9.23049297669525,6.7840576171875E-05
0.11993408203125,9.24049297667,6.768798828125E-05
0.119964599609375,9.25049297664475,6.768798828125E-05
0.119964599609375,9.2604929766195,6.75048828125E-05
0.11993408203125,9.27049297659426,6.756591796875E-05
0.119903564453125,9.28049297656901,6.732177734375E-05
0.119903564453125,9.29049297654376,6.7230224609375E-05
0.119873046875,9.30049297651851,6.7230224609375E-05
0.119873046875,9.31049297649326,6.7169189453125E-05
0.119903564453125,9.32049297646802,6.707763671875E-05
0.119903564453125,9.33049297644277,6.6986083984375E-05
0.119903564453125,9.34049297641752,6.695556640625E-05
0.1199951171875,9.35049297639227,6.6741943359375E-05
0.119873046875,9.36049297636703,6.658935546875E-05
0.119873046875,9.37049297634178,6.6558837890625E-05
0.11993408203125,9.38049297631653,6.6497802734375E-05
0.119903564453125,9.39049297629128,6.6375732421875E-05
0.119903564453125,9.40049297626604,6.62841796875E-05
0.119964599609375,9.41049297624079,6.6192626953125E-05
0.11981201171875,9.42049297621554,6.6162109375E-05
0.119903564453125,9.43049297619029,6.6070556640625E-05
0.119903564453125,9.44049297616505,6.6009521484375E-05
0.119903564453125,9.4504929761398,6.585693359375E-05
0.11993408203125,9.46049297611455,6.5704345703125E-05
0.11993408203125,9.4704929760893,6.5673828125E-05
0.119964599609375,9.48049297606406,6.561279296875E-05
0.119964599609375,9.49049297603881,6.55517578125E-05
0.119873046875,9.50049297601356,6.54296875E-05
0.119964599609375,9.51049297598831,6.536865234375E-05
0.119903564453125,9.52049297596307,6.5399169921875E-05
0.119873046875,9.53049297593782,6.53076171875E-05
0.119964599609375,9.54049297591257,6.5277099609375E-05
0.119903564453125,9.55049297588732,6.5093994140625E-05
0.119873046875,9.56049297586208,6.512451171875E-05
0.119842529296875,9.57049297583683,6.4971923828125E-05
0.119903564453125,9.58049297581158,6.48193359375E-05
0.1199951171875,9.59049297578633,6.4849853515625E-05
0.119873046875,9.60049297576109,6.4605712890625E-05
0.119903564453125,9.61049297573584,6.463623046875E-05
0.119964599609375,9.62049297571059,6.4453125E-05
0.119964599609375,9.63049297568534,6.439208984375E-05
0.11993408203125,9.64049297566009,6.451416015625E-05
0.119903564453125,9.65049297563485,6.4300537109375E-05
0.11993408203125,9.6604929756096,6.4300537109375E-05
0.119842529296875,9.67049297558435,6.427001953125E-05
0.119903564453125,9.6804929755591,6.402587890625E-05
0.119903564453125,9.69049297553386,6.4117431640625E-05
0.119903564453125,9.70049297550861,6.4056396484375E-05
0.11993408203125,9.71049297548336,6.3934326171875E-05
0.119873046875,9.72049297545811,6.3720703125E-05
0.11993408203125,9.73049297543287,6.3690185546875E-05
0.119903564453125,9.74049297540762,6.365966796875E-05
0.119873046875,9.75049297538237,6.365966796875E-05
0.119873046875,9.76049297535712,6.3629150390625E-05
0.11993408203125,9.77049297533188,6.3507080078125E-05
0.119903564453125,9.78049297530663,6.341552734375E-05
0.119964599609375,9.79049297528138,6.3385009765625E-05
0.119903564453125,9.80049297525613,6.3232421875E-05
0.119903564453125,9.81049297523089,6.3140869140625E-05
0.119873046875,9.82049297520564,6.304931640625E-05
0.119903564453125,9.83049297518039,6.292724609375E-05
0.11993408203125,9.84049297515514,6.2957763671875E-05
0.11993408203125,9.8504929751299,6.292724609375E-05
0.11993408203125,9.86049297510465,6.2744140625E-05
0.119903564453125,9.8704929750794,6.2744140625E-05
0.119903564453125,9.88049297505415,6.2652587890625E-05
0.11993408203125,9.89049297502891,6.26220703125E-05
0.119842529296875,9.90049297500366,6.25E-05
0.119903564453125,9.91049297497841,6.2469482421875E-05
0.119873046875,9.92049297495316,6.25E-05
0.119903564453125,9.93049297492792,6.23779296875E-05
0.119903564453125,9.94049297490267,6.2286376953125E-05
0.119964599609375,9.95049297487742,6.2255859375E-05
0.11993408203125,9.96049297485217,6.2255859375E-05
0.120025634765625,9.97049297482693,6.2103271484375E-05
0.11993408203125,9.98049297480168,6.201171875E-05
0.11993408203125,9.99049297477643,6.201171875E-05
0.119873046875,10.0004929747512,6.182861328125E-05
0.119903564453125,10.0104929747259,6.1798095703125E-05
0.119964599609375,10.0204929747007,6.1737060546875E-05
0.119873046875,10.0304929746754,6.1676025390625E-05
0.119873046875,10.0404929746502,6.16455078125E-05
0.119964599609375,10.0504929746249,6.1614990234375E-05
0.119873046875,10.0604929745997,6.15234375E-05
0.119903564453125,10.0704929745744,6.14013671875E-05
0.119964599609375,10.0804929745492,6.1279296875E-05
0.119873046875,10.090492974524,6.1248779296875E-05
0.11993408203125,10.1004929744987,6.121826171875E-05
0.119964599609375,10.1104929744735,6.1187744140625E-05
0.119903564453125,10.1204929744482,6.103515625E-05
0.119903564453125,10.130492974423,6.103515625E-05
0.11993408203125,10.1404929743977,6.1004638671875E-05
0.119964599609375,10.1504929743725,6.09130859375E-05
0.119964599609375,10.1604929743472,6.085205078125E-05
0.11993408203125,10.170492974322,6.0882568359375E-05
0.119842529296875,10.1804929742967,6.0760498046875E-05
0.119903564453125,10.1904929742715,6.0638427734375E-05
0.11993408203125,10.2004929742462,6.0546875E-05
0.119903564453125,10.210492974221,6.0577392578125E-05
0.119873046875,10.2204929741957,6.0516357421875E-05
0.119873046875,10.2304929741705,6.0272216796875E-05
0.119903564453125,10.2404929741452,6.0302734375E-05
0.119873046875,10.25049297412,6.0272216796875E-05
0.119842529296875,10.2604929740947,6.0302734375E-05
0.119873046875,10.2704929740695,6.0150146484375E-05
0.11993408203125,10.2804929740443,6.011962890625E-05
0.11981201171875,10.290492974019,6.005859375E-05
0.11993408203125,10.3004929739938,6.0028076171875E-05
0.119873046875,10.3104929739685,5.987548828125E-05
0.119842529296875,10.3204929739433,5.9967041015625E-05
0.119873046875,10.330492973918,5.9814453125E-05
0.119903564453125,10.3404929738928,5.9783935546875E-05
0.119842529296875,10.3504929738675,5.96923828125E-05
0.11993408203125,10.3604929738423,5.9661865234375E-05
0.119903564453125,10.370492973817,5.9600830078125E-05
0.1199951171875,10.3804929737918,5.9539794921875E-05
0.119842529296875,10.3904929737665,5.9478759765625E-05
0.119964599609375,10.4004929737413,5.9417724609375E-05
0.119964599609375,10.410492973716,5.9234619140625E-05
0.119903564453125,10.4204929736908,5.9234619140625E-05
0.119964599609375,10.4304929736655,5.9173583984375E-05
0.119903564453125,10.4404929736403,5.914306640625E-05
0.11993408203125,10.450492973615,5.914306640625E-05
0.119873046875,10.4604929735898,5.9112548828125E-05
0.119903564453125,10.4704929735645,5.902099609375E-05
0.119903564453125,10.4804929735393,5.89599609375E-05
0.119903564453125,10.4904929735141,5.8929443359375E-05
0.119873046875,10.5004929734888,5.8868408203125E-05
0.119873046875,10.5104929734636,5.8807373046875E-05
0.119903564453125,10.5204929734383,5.87158203125E-05
0.119903564453125,10.5304929734131,5.865478515625E-05
0.119903564453125,10.5404929733878,5.8624267578125E-05
0.119873046875,10.5504929733626,5.8441162109375E-05
0.119903564453125,10.5604929733373,5.84716796875E-05
0.119964599609375,10.5704929733121,5.84716796875E-05
0.119964599609375,10.5804929732868,5.841064453125E-05
0.119903564453125,10.5904929732616,5.841064453125E-05
0.119903564453125,10.6004929732363,5.8319091796875E-05
0.119842529296875,10.6104929732111,5.8258056640625E-05
0.119964599609375,10.6204929731858,5.8135986328125E-05
0.11993408203125,10.6304929731606,5.816650390625E-05
0.11993408203125,10.6404929731353,5.804443359375E-05
0.1199951171875,10.6504929731101,5.7952880859375E-05
0.11993408203125,10.6604929730848,5.792236328125E-05
0.119903564453125,10.6704929730596,5.7891845703125E-05
0.119903564453125,10.6804929730343,5.7861328125E-05
0.119903564453125,10.6904929730091,5.77392578125E-05
0.119903564453125,10.7004929729839,5.7830810546875E-05
0.11993408203125,10.7104929729586,5.7647705078125E-05
0.11993408203125,10.7204929729334,5.7525634765625E-05
0.119903564453125,10.7304929729081,5.76171875E-05
0.119903564453125,10.7404929728829,5.76171875E-05
0.119873046875,10.7504929728576,5.7464599609375E-05
0.11993408203125,10.7604929728324,5.743408203125E-05
0.11993408203125,10.7704929728071,5.7403564453125E-05
0.119903564453125,10.7804929727819,5.718994140625E-05
0.119903564453125,10.7904929727566,5.72509765625E-05
0.119903564453125,10.8004929727314,5.72509765625E-05
0.119873046875,10.8104929727061,5.72509765625E-05
0.11993408203125,10.8204929726809,5.712890625E-05
0.11993408203125,10.8304929726556,5.7098388671875E-05
0.119964599609375,10.8404929726304,5.6976318359375E-05
0.119873046875,10.8504929726051,5.70068359375E-05
0.119873046875,10.8604929725799,5.6976318359375E-05
0.119873046875,10.8704929725546,5.6854248046875E-05
0.119903564453125,10.8804929725294,5.6915283203125E-05
0.119842529296875,10.8904929725041,5.6732177734375E-05
0.119903564453125,10.9004929724789,5.6549072265625E-05
0.119873046875,10.9104929724537,5.6640625E-05
0.119873046875,10.9204929724284,5.657958984375E-05
0.119903564453125,10.9304929724032,5.657958984375E-05
0.119903564453125,10.9404929723779,5.65185546875E-05
0.119873046875,10.9504929723527,5.645751953125E-05
0.11993408203125,10.9604929723274,5.633544921875E-05
0.11993408203125,10.9704929723022,5.6365966796875E-05
0.119903564453125,10.9804929722769,5.633544921875E-05
0.1199951171875,10.9904929722517,5.62744140625E-05
0.11993408203125,11.0004929722264,5.6121826171875E-05
0.11993408203125,11.0104929722012,5.6182861328125E-05
0.119873046875,11.0204929721759,5.6060791015625E-05
0.119903564453125,11.0304929721507,5.6121826171875E-05
0.119903564453125,11.0404929721254,5.60302734375E-05
0.11993408203125,11.0504929721002,5.609130859375E-05
0.119903564453125,11.0604929720749,5.5938720703125E-05
0.11993408203125,11.0704929720497,5.5938720703125E-05
0.119903564453125,11.0804929720244,5.5816650390625E-05
0.119842529296875,11.0904929719992,5.5908203125E-05
0.119903564453125,11.1004929719739,5.56640625E-05
0.119873046875,11.1104929719487,5.5694580078125E-05
0.11993408203125,11.1204929719235,5.5694580078125E-05
0.11993408203125,11.1304929718982,5.560302734375E-05
0.119873046875,11.140492971873,5.5633544921875E-05
0.119873046875,11.1504929718477,5.548095703125E-05
0.119873046875,11.1604929718225,5.548095703125E-05
0.119873046875,11.1704929717972,5.548095703125E-05
0.119903564453125,11.180492971772,5.5389404296875E-05
0.119903564453125,11.1904929717467,5.535888671875E-05
0.11993408203125,11.2004929717215,5.5206298828125E-05
0.119873046875,11.2104929716962,5.5267333984375E-05
0.119842529296875,11.220492971671,5.52978515625E-05
0.119903564453125,11.2304929716457,5.5145263671875E-05
0.119903564453125,11.2404929716205,5.5145263671875E-05
0.11993408203125,11.2504929715952,5.5023193359375E-05
0.11993408203125,11.26049297157,5.4901123046875E-05
0.119903564453125,11.2704929715447,5.4901123046875E-05
0.119781494140625,11.2804929715195,5.499267578125E-05
0.11993408203125,11.2904929714942,5.4901123046875E-05
0.119873046875,11.300492971469,5.4901123046875E-05
0.11993408203125,11.3104929714438,5.487060546875E-05
0.119842529296875,11.3204929714185,5.48095703125E-05
0.119903564453125,11.3304929713933,5.4656982421875E-05
0.119903564453125,11.340492971368,5.4718017578125E-05
0.119873046875,11.3504929713428,5.462646484375E-05
0.119903564453125,11.3604929713175,5.450439453125E-05
0.119873046875,11.3704929712923,5.4534912109375E-05
0.11981201171875,11.380492971267,5.4443359375E-05
0.119873046875,11.3904929712418,5.438232421875E-05
0.119781494140625,11.4004929712165,5.43212890625E-05
0.119873046875,11.4104929711913,5.438232421875E-05
0.11981201171875,11.420492971166,5.4290771484375E-05
0.119873046875,11.4304929711408,5.4290771484375E-05
0.11993408203125,11.4404929711155,5.426025390625E-05
0.119903564453125,11.4504929710903,5.413818359375E-05
0.119964599609375,11.460492971065,5.4229736328125E-05
0.119873046875,11.4704929710398,5.40771484375E-05
0.119903564453125,11.4804929710145,5.40771484375E-05
0.119842529296875,11.4904929709893,5.4046630859375E-05
0.119842529296875,11.500492970964,5.3924560546875E-05
0.119903564453125,11.5104929709388,5.3955078125E-05
0.119903564453125,11.5204929709136,5.38330078125E-05
0.119964599609375,11.5304929708883,5.3863525390625E-05
0.119903564453125,11.5404929708631,5.389404296875E-05
0.119964599609375,11.5504929708378,5.3680419921875E-05
0.119903564453125,11.5604929708126,5.3680419921875E-05
0.11981201171875,11.5704929707873,5.3741455078125E-05
0.119903564453125,11.5804929707621,5.35888671875E-05
0.11993408203125,11.5904929707368,5.364990234375E-05
0.11993408203125,11.6004929707116,5.3558349609375E-05
0.119873046875,11.6104929706863,5.3497314453125E-05
0.119873046875,11.6204929706611,5.3497314453125E-05
0.11993408203125,11.6304929706358,5.340576171875E-05
0.119964599609375,11.6404929706106,5.3375244140625E-05
0.119873046875,11.6504929705853,5.3314208984375E-05
0.119903564453125,11.6604929705601,5.340576171875E-05
0.11993408203125,11.6704929705348,5.3253173828125E-05
0.119842529296875,11.6804929705096,5.3192138671875E-05
0.119873046875,11.6904929704843,5.322265625E-05
0.119842529296875,11.7004929704591,5.31005859375E-05
0.119842529296875,11.7104929704338,5.303955078125E-05
0.119842529296875,11.7204929704086,5.303955078125E-05
0.119964599609375,11.7304929703834,5.31005859375E-05
0.119903564453125,11.7404929703581,5.3009033203125E-05
0.119903564453125,11.7504929703329,5.279541015625E-05
0.11993408203125,11.7604929703076,5.3009033203125E-05
0.11993408203125,11.7704929702824,5.2886962890625E-05
0.119903564453125,11.7804929702571,5.2825927734375E-05
0.119873046875,11.7904929702319,5.2734375E-05
0.119873046875,11.8004929702066,5.2734375E-05
0.11993408203125,11.8104929701814,5.2703857421875E-05
0.11993408203125,11.8204929701561,5.2703857421875E-05
0.119964599609375,11.8304929701309,5.2581787109375E-05
0.119964599609375,11.8404929701056,5.267333984375E-05
0.119842529296875,11.8504929700804,5.2520751953125E-05
0.119903564453125,11.8604929700551,5.2581787109375E-05
0.119964599609375,11.8704929700299,5.2398681640625E-05
0.119903564453125,11.8804929700046,5.242919921875E-05
0.11993408203125,11.8904929699794,5.2520751953125E-05
0.11981201171875,11.9004929699541,5.2398681640625E-05
0.11993408203125,11.9104929699289,5.2398681640625E-05
0.119873046875,11.9204929699036,5.230712890625E-05
0.119873046875,11.9304929698784,5.224609375E-05
0.11993408203125,11.9404929698532,5.2276611328125E-05
0.11993408203125,11.9504929698279,5.2215576171875E-05
0.11993408203125,11.9604929698027,5.2215576171875E-05
0.119903564453125,11.9704929697774,5.2215576171875E-05
0.119964599609375,11.9804929697522,5.2032470703125E-05
0.11993408203125,11.9904929697269,5.206298828125E-05
0.119903564453125,12.0004929697017,5.194091796875E-05
0.11993408203125,12.0104929696764,5.194091796875E-05
0.119903564453125,12.0204929696512,5.2001953125E-05
0.11981201171875,12.0304929696259,5.194091796875E-05
0.119903564453125,12.0404929696007,5.1849365234375E-05
0.119903564453125,12.0504929695754,5.1849365234375E-05
0.11993408203125,12.0604929695502,5.181884765625E-05
0.11981201171875,12.0704929695249,5.17578125E-05
0.11993408203125,12.0804929694997,5.1727294921875E-05
0.11993408203125,12.0904929694744,5.1727294921875E-05
0.119903564453125,12.1004929694492,5.16357421875E-05
0.119903564453125,12.1104929694239,5.157470703125E-05
0.119903564453125,12.1204929693987,5.1544189453125E-05
0.119873046875,12.1304929693734,5.1483154296875E-05
0.119842529296875,12.1404929693482,5.1483154296875E-05
0.11993408203125,12.150492969323,5.1361083984375E-05
0.119964599609375,12.1604929692977,5.1513671875E-05
0.11993408203125,12.1704929692725,5.1422119140625E-05
0.11993408203125,12.1804929692472,5.133056640625E-05
0.119873046875,12.190492969222,5.1361083984375E-05
0.119964599609375,12.2004929691967,5.133056640625E-05
0.119903564453125,12.2104929691715,5.1239013671875E-05
0.119903564453125,12.2204929691462,5.11474609375E-05
0.119903564453125,12.230492969121,5.1177978515625E-05
0.1199951171875,12.2404929690957,5.120849609375E-05
0.119873046875,12.2504929690705,5.11474609375E-05
0.119873046875,12.2604929690452,5.1055908203125E-05
0.11993408203125,12.27049296902,5.1025390625E-05
0.11993408203125,12.2804929689947,5.0933837890625E-05
0.119903564453125,12.2904929689695,5.09033203125E-05
0.119873046875,12.3004929689442,5.09033203125E-05
0.1199951171875,12.310492968919,5.078125E-05
0.119873046875,12.3204929688937,5.09033203125E-05
0.11993408203125,12.3304929688685,5.078125E-05
0.119873046875,12.3404929688433,5.0811767578125E-05
0.119964599609375,12.350492968818,5.06591796875E-05
0.11993408203125,12.3604929687928,5.0750732421875E-05
0.119842529296875,12.3704929687675,5.0567626953125E-05
0.119873046875,12.3804929687423,5.0689697265625E-05
0.119903564453125,12.390492968717,5.059814453125E-05
0.11993408203125,12.4004929686918,5.0689697265625E-05
0.11993408203125,12.4104929686665,5.0537109375E-05
0.119903564453125,12.4204929686413,5.0537109375E-05
0.119903564453125,12.430492968616,5.0445556640625E-05
0.119873046875,12.4404929685908,5.0506591796875E-05
0.119873046875,12.4504929685655,5.0537109375E-05
0.119903564453125,12.4604929685403,5.04150390625E-05
0.119903564453125,12.470492968515,5.029296875E-05
0.119903564453125,12.4804929684898,5.029296875E-05
0.11993408203125,12.4904929684645,5.029296875E-05
0.11993408203125,12.5004929684393,5.0201416015625E-05
0.119903564453125,12.510492968414,5.0262451171875E-05
0.119964599609375,12.5204929683888,5.010986328125E-05
0.119873046875,12.5304929683635,5.023193359375E-05
0.11993408203125,12.5404929683383,5.0079345703125E-05
0.119964599609375,12.5504929683131,5.0079345703125E-05
0.11993408203125,12.5604929682878,5.010986328125E-05
0.119873046875,12.5704929682626,4.998779296875E-05
0.119903564453125,12.5804929682373,4.998779296875E-05
0.11993408203125,12.5904929682121,4.99267578125E-05
0.119873046875,12.6004929681868,4.99267578125E-05
0.11993408203125,12.6104929681616,4.9896240234375E-05
0.1202392578125,12.6204929681363,4.9908447265625E-05
0.1202392578125,12.6304929681111,4.9871826171875E-05
0.1202392578125,12.6404929680858,4.9859619140625E-05
0.1202392578125,12.6504929680606,4.98046875E-05
0.120269775390625,12.6604929680353,4.9786376953125E-05
0.120269775390625,12.6704929680101,4.9749755859375E-05
0.120269775390625,12.6804929679848,4.97100830078125E-05
0.120208740234375,12.6904929679596,4.97100830078125E-05
0.120269775390625,12.7004929679343,4.96429443359375E-05
0.120208740234375,12.7104929679091,4.9627685546875E-05
0.12017822265625,12.7204929678838,4.959716796875E-05
0.12030029296875,12.7304929678586,4.9560546875E-05
0.120147705078125,12.7404929678333,4.954833984375E-05
0.120269775390625,12.7504929678081,4.94842529296875E-05
0.120269775390625,12.7604929677829,4.94781494140625E-05
0.120208740234375,12.7704929677576,4.9444580078125E-05
0.120208740234375,12.7804929677324,4.94049072265625E-05
0.120269775390625,12.7904929677071,4.93927001953125E-05
0.120269775390625,12.8004929676819,4.932861328125E-05
0.1202392578125,12.8104929676566,4.93194580078125E-05
0.120208740234375,12.8204929676314,4.9285888671875E-05
0.1202392578125,12.8304929676061,4.92462158203125E-05
0.120208740234375,12.8404929675809,4.92401123046875E-05
0.12017822265625,12.8504929675556,4.91790771484375E-05
0.12017822265625,12.8604929675304,4.9163818359375E-05
0.12017822265625,12.8704929675051,4.91424560546875E-05
0.120208740234375,12.8804929674799,4.9090576171875E-05
0.120208740234375,12.8904929674546,4.90875244140625E-05
0.1202392578125,12.9004929674294,4.90203857421875E-05
0.120208740234375,12.9104929674041,4.90264892578125E-05
0.12017822265625,12.9204929673789,4.898681640625E-05
0.120208740234375,12.9304929673536,4.89501953125E-05
0.120269775390625,12.9404929673284,4.89288330078125E-05
0.120269775390625,12.9504929673031,4.88861083984375E-05
0.120208740234375,12.9604929672779,4.88739013671875E-05
0.1202392578125,12.9704929672527,4.8834228515625E-05
0.120208740234375,12.9804929672274,4.87945556640625E-05
0.1202392578125,12.9904929672022,4.87762451171875E-05
0.1202392578125,13.0004929671769,4.87152099609375E-05
0.1202392578125,13.0104929671517,4.8724365234375E-05
0.120269775390625,13.0204929671264,4.86785888671875E-05
0.12017822265625,13.0304929671012,4.86419677734375E-05
0.120208740234375,13.0404929670759,4.8638916015625E-05
0.1202392578125,13.0504929670507,4.8583984375E-05
0.120208740234375,13.0604929670254,4.857177734375E-05
0.1202392578125,13.0704929670002,4.8541259765625E-05
0.1202392578125,13.0804929669749,4.85076904296875E-05
0.120269775390625,13.0904929669497,4.8492431640625E-05
0.120208740234375,13.1004929669244,4.8431396484375E-05
0.120208740234375,13.1104929668992,4.84222412109375E-05
0.120147705078125,13.1204929668739,4.8388671875E-05
0.120208740234375,13.1304929668487,4.83612060546875E-05
0.1202392578125,13.1404929668234,4.83489990234375E-05
0.120269775390625,13.1504929667982,4.82879638671875E-05
0.12017822265625,13.1604929667729,4.8284912109375E-05
0.1202392578125,13.1704929667477,4.825439453125E-05
0.120208740234375,13.1804929667225,4.82147216796875E-05
0.120269775390625,13.1904929666972,4.82147216796875E-05
0.12017822265625,13.200492966672,4.8150634765625E-05
0.12017822265625,13.2104929666467,4.8138427734375E-05
0.120208740234375,13.2204929666215,4.81109619140625E-05
0.120208740234375,13.2304929665962,4.80743408203125E-05
0.120269775390625,13.240492966571,4.80621337890625E-05
0.120208740234375,13.2504929665457,4.80072021484375E-05
0.1201171875,13.2604929665205,4.80010986328125E-05
0.1202392578125,13.2704929664952,4.7979736328125E-05
0.120208740234375,13.28049296647,4.7930908203125E-05
0.12017822265625,13.2904929664447,4.79248046875E-05
0.120269775390625,13.3004929664195,4.78729248046875E-05
0.120208740234375,13.3104929663942,4.78668212890625E-05
0.1202392578125,13.320492966369,4.78271484375E-05
0.12017822265625,13.3304929663437,4.7784423828125E-05
0.120269775390625,13.3404929663185,4.779052734375E-05
0.1202392578125,13.3504929662932,4.77294921875E-05
0.12017822265625,13.360492966268,4.7735595703125E-05
0.1202392578125,13.3704929662428,4.7686767578125E-05
0.120208740234375,13.3804929662175,4.76593017578125E-05
0.120208740234375,13.3904929661923,4.7650146484375E-05
0.120269775390625,13.400492966167,4.7601318359375E-05
0.120269775390625,13.4104929661418,4.75982666015625E-05
0.12017822265625,13.4204929661165,4.75555419921875E-05
0.120208740234375,13.4304929660913,4.7528076171875E-05
0.120208740234375,13.440492966066,4.75128173828125E-05
0.1202392578125,13.4504929660408,4.7467041015625E-05
0.120208740234375,13.4604929660155,4.74609375E-05
0.120269775390625,13.4704929659903,4.74212646484375E-05
0.1202392578125,13.480492965965,4.73876953125E-05
0.12017822265625,13.4904929659398,4.73785400390625E-05
0.120208740234375,13.5004929659145,4.73297119140625E-05
0.12017822265625,13.5104929658893,4.7332763671875E-05
0.120147705078125,13.520492965864,4.72869873046875E-05
0.120208740234375,13.5304929658388,4.725341796875E-05
0.120269775390625,13.5404929658135,4.72442626953125E-05
0.120269775390625,13.5504929657883,4.71923828125E-05
0.120208740234375,13.560492965763,4.71923828125E-05
0.1202392578125,13.5704929657378,4.71527099609375E-05
0.1202392578125,13.5804929657126,4.7119140625E-05
0.120269775390625,13.5904929656873,4.7125244140625E-05
0.1202392578125,13.6004929656621,4.70672607421875E-05
0.12017822265625,13.6104929656368,4.70611572265625E-05
0.1202392578125,13.6204929656116,4.7027587890625E-05
0.12017822265625,13.6304929655863,4.69940185546875E-05
0.120208740234375,13.6404929655611,4.6978759765625E-05
0.1202392578125,13.6504929655358,4.6929931640625E-05
0.1202392578125,13.6604929655106,4.6929931640625E-05
0.12017822265625,13.6704929654853,4.68963623046875E-05
0.120208740234375,13.6804929654601,4.686279296875E-05
0.120208740234375,13.6904929654348,4.68536376953125E-05
0.120208740234375,13.7004929654096,4.6795654296875E-05
0.120208740234375,13.7104929653843,4.6795654296875E-05
0.120269775390625,13.7204929653591,4.676513671875E-05
0.12017822265625,13.7304929653338,4.67376708984375E-05
0.1202392578125,13.7404929653086,4.67254638671875E-05
0.1202392578125,13.7504929652833,4.66705322265625E-05
0.120147705078125,13.7604929652581,4.66766357421875E-05
0.12017822265625,13.7704929652328,4.6649169921875E-05
0.120208740234375,13.7804929652076,4.6612548828125E-05
0.120208740234375,13.7904929651824,4.6600341796875E-05
0.120208740234375,13.8004929651571,4.65484619140625E-05
0.120147705078125,13.8104929651319,4.65576171875E-05
0.120208740234375,13.8204929651066,4.65118408203125E-05
0.120208740234375,13.8304929650814,4.6484375E-05
0.12017822265625,13.8404929650561,4.64813232421875E-05
0.120208740234375,13.8504929650309,4.6429443359375E-05
0.120208740234375,13.8604929650056,4.6429443359375E-05
0.120147705078125,13.8704929649804,4.6392822265625E-05
0.120208740234375,13.8804929649551,4.63623046875E-05
0.120269775390625,13.8904929649299,4.63531494140625E-05
0.120208740234375,13.9004929649046,4.63104248046875E-05
0.120269775390625,13.9104929648794,4.63134765625E-05
0.12017822265625,13.9204929648541,4.62738037109375E-05
0.12017822265625,13.9304929648289,4.6234130859375E-05
0.1201171875,13.9404929648036,4.6240234375E-05
0.120269775390625,13.9504929647784,4.61822509765625E-05
0.120208740234375,13.9604929647531,4.6185302734375E-05
0.120208740234375,13.9704929647279,4.6148681640625E-05
0.12017822265625,13.9804929647026,4.61181640625E-05
0.12017822265625,13.9904929646774,4.6112060546875E-05
0.12030029296875,14.0004929646522,4.605712890625E-05
0.1201171875,14.0104929646269,4.605712890625E-05
0.120208740234375,14.0204929646017,4.60296630859375E-05
0.1202392578125,14.0304929645764,4.5989990234375E-05
0.120147705078125,14.0404929645512,4.59869384765625E-05
0.12030029296875,14.0504929645259,4.59442138671875E-05
0.1202392578125,14.0604929645007,4.5947265625E-05
0.120147705078125,14.0704929644754,4.5904541015625E-05
0.120208740234375,14.0804929644502,4.58740234375E-05
0.12017822265625,14.0904929644249,4.5867919921875E-05
0.1202392578125,14.1004929643997,4.5819091796875E-05
0.1202392578125,14.1104929643744,4.5819091796875E-05
0.120208740234375,14.1204929643492,4.57855224609375E-05
0.12017822265625,14.1304929643239,4.576416015625E-05
0.12017822265625,14.1404929642987,4.57550048828125E-05
0.12017822265625,14.1504929642734,4.5703125E-05
0.120147705078125,14.1604929642482,4.5709228515625E-05
0.12017822265625,14.1704929642229,4.56695556640625E-05
0.1202392578125,14.1804929641977,4.56329345703125E-05
0.1202392578125,14.1904929641724,4.5635986328125E-05
0.120208740234375,14.2004929641472,4.55841064453125E-05
0.12017822265625,14.210492964122,4.55841064453125E-05
0.120269775390625,14.2204929640967,4.5556640625E-05
0.1201171875,14.2304929640715,4.5526123046875E-05
0.1202392578125,14.2404929640462,4.552001953125E-05
0.12017822265625,14.250492964021,4.5465087890625E-05
0.1201171875,14.2604929639957,4.5465087890625E-05
0.1202392578125,14.2704929639705,4.54315185546875E-05
0.12017822265625,14.2804929639452,4.5404052734375E-05
0.12017822265625,14.29049296392,4.5391845703125E-05
0.1202392578125,14.3004929638947,4.5355224609375E-05
0.12017822265625,14.3104929638695,4.53582763671875E-05
0.1202392578125,14.3204929638442,4.53155517578125E-05
0.120208740234375,14.330492963819,4.52850341796875E-05
0.120147705078125,14.3404929637937,4.52880859375E-05
0.120269775390625,14.3504929637685,4.52392578125E-05
0.1202392578125,14.3604929637432,4.52423095703125E-05
0.12017822265625,14.370492963718,4.5208740234375E-05
0.12017822265625,14.3804929636927,4.51690673828125E-05
0.1201171875,14.3904929636675,4.5172119140625E-05
0.120147705078125,14.4004929636423,4.5123291015625E-05
0.12017822265625,14.410492963617,4.51263427734375E-05
0.12017822265625,14.4204929635918,4.5098876953125E-05
0.1202392578125,14.4304929635665,4.5062255859375E-05
0.1202392578125,14.4404929635413,4.50653076171875E-05
0.1201171875,14.450492963516,4.5013427734375E-05
0.12017822265625,14.4604929634908,4.50164794921875E-05
0.12017822265625,14.4704929634655,4.4989013671875E-05
0.120208740234375,14.4804929634403,4.49493408203125E-05
0.120208740234375,14.490492963415,4.49493408203125E-05
0.120147705078125,14.5004929633898,4.4903564453125E-05
0.120086669921875,14.5104929633645,4.490966796875E-05
0.120208740234375,14.5204929633393,4.4879150390625E-05
0.12017822265625,14.530492963314,4.48486328125E-05
0.12017822265625,14.5404929632888,4.48486328125E-05
0.1202392578125,14.5504929632635,4.47967529296875E-05
0.120208740234375,14.5604929632383,4.48089599609375E-05
0.12017822265625,14.570492963213,4.4769287109375E-05
0.120147705078125,14.5804929631878,4.47296142578125E-05
0.120147705078125,14.5904929631625,4.473876953125E-05
0.1202392578125,14.6004929631373,4.4683837890625E-05
0.120147705078125,14.6104929631121,4.4683837890625E-05
0.1202392578125,14.6204929630868,4.46533203125E-05
0.120208740234375,14.6304929630616,4.46258544921875E-05
0.120208740234375,14.6404929630363,4.4635009765625E-05
0.1201171875,14.6504929630111,4.45770263671875E-05
0.1201171875,14.6604929629858,4.45892333984375E-05
0.120147705078125,14.6704929629606,4.45526123046875E-05
0.1201171875,14.6804929629353,4.451904296875E-05
0.120269775390625,14.6904929629101,4.45159912109375E-05
0.1202392578125,14.7004929628848,4.44732666015625E-05
0.120147705078125,14.7104929628596,4.44793701171875E-05
0.12017822265625,14.7204929628343,4.444580078125E-05
0.12017822265625,14.7304929628091,4.44091796875E-05
0.120147705078125,14.7404929627838,4.4415283203125E-05
0.120269775390625,14.7504929627586,4.43634033203125E-05
0.120147705078125,14.7604929627333,4.437255859375E-05
0.12017822265625,14.7704929627081,4.43328857421875E-05
0.120208740234375,14.7804929626828,4.43115234375E-05
0.1201171875,14.7904929626576,4.43023681640625E-05
0.1202392578125,14.8004929626323,4.42596435546875E-05
0.120208740234375,14.8104929626071,4.4268798828125E-05
0.12017822265625,14.8204929625819,4.42291259765625E-05
0.1202392578125,14.8304929625566,4.4207763671875E-05
0.120147705078125,14.8404929625314,4.41986083984375E-05
0.12017822265625,14.8504929625061,4.41436767578125E-05
0.120208740234375,14.8604929624809,4.41680908203125E-05
0.12017822265625,14.8704929624556,4.41162109375E-05
0.12017822265625,14.8804929624304,4.40948486328125E-05
0.12017822265625,14.8904929624051,4.4097900390625E-05
0.12017822265625,14.9004929623799,4.40582275390625E-05
0.120269775390625,14.9104929623546,4.40582275390625E-05
0.12017822265625,14.9204929623294,4.40216064453125E-05
0.120208740234375,14.9304929623041,4.3994140625E-05
0.12017822265625,14.9404929622789,4.4000244140625E-05
0.120269775390625,14.9504929622536,4.3951416015625E-05
0.12017822265625,14.9604929622284,4.39544677734375E-05
0.12017822265625,14.9704929622031,4.3927001953125E-05
0.120208740234375,14.9804929621779,4.3890380859375E-05
0.12017822265625,14.9904929621526,4.3890380859375E-05
0.120208740234375,15.0004929621274,4.384765625E-05
0.120208740234375,15.0104929621021,4.38507080078125E-05
0.12017822265625,15.0204929620769,4.3817138671875E-05
0.120208740234375,15.0304929620517,4.3798828125E-05
0.120147705078125,15.0404929620264,4.3792724609375E-05
0.12017822265625,15.0504929620012,4.37408447265625E-05
0.120208740234375,15.0604929619759,4.375E-05
0.120208740234375,15.0704929619507,4.371337890625E-05
0.120208740234375,15.0804929619254,4.36981201171875E-05
0.120147705078125,15.0904929619002,4.36981201171875E-05
0.12017822265625,15.1004929618749,4.36431884765625E-05
0.12017822265625,15.1104929618497,4.365234375E-05
0.120147705078125,15.1204929618244,4.36248779296875E-05
0.12017822265625,15.1304929617992,4.3597412109375E-05
0.120208740234375,15.1404929617739,4.359130859375E-05
0.120147705078125,15.1504929617487,4.3548583984375E-05
0.12017822265625,15.1604929617234,4.35455322265625E-05
0.1202392578125,15.1704929616982,4.3511962890625E-05
0.120147705078125,15.1804929616729,4.34906005859375E-05
0.12017822265625,15.1904929616477,4.34906005859375E-05
0.120147705078125,15.2004929616224,4.3450927734375E-05
0.12017822265625,15.2104929615972,4.34478759765625E-05
0.120147705078125,15.2204929615719,4.34234619140625E-05
0.12017822265625,15.2304929615467,4.33868408203125E-05
0.12017822265625,15.2404929615215,4.3389892578125E-05
0.120147705078125,15.2504929614962,4.3353271484375E-05
0.120147705078125,15.260492961471,4.33502197265625E-05
0.12017822265625,15.2704929614457,4.33319091796875E-05
0.120208740234375,15.2804929614205,4.32952880859375E-05
0.120269775390625,15.2904929613952,4.32952880859375E-05
0.1202392578125,15.30049296137,4.32647705078125E-05
0.1202392578125,15.3104929613447,4.32586669921875E-05
0.120147705078125,15.3204929613195,4.32281494140625E-05
0.120147705078125,15.3304929612942,4.3206787109375E-05
0.12017822265625,15.340492961269,4.320068359375E-05
0.1201171875,15.3504929612437,4.3157958984375E-05
0.1201171875,15.3604929612185,4.31671142578125E-05
0.120208740234375,15.3704929611932,4.31243896484375E-05
0.12017822265625,15.380492961168,4.310302734375E-05
0.12017822265625,15.3904929611427,4.310302734375E-05
0.12017822265625,15.4004929611175,4.30633544921875E-05
0.12017822265625,15.4104929610922,4.306640625E-05
0.12017822265625,15.420492961067,4.302978515625E-05
0.1202392578125,15.4304929610418,4.30206298828125E-05
0.120269775390625,15.4404929610165,4.30145263671875E-05
0.1201171875,15.4504929609913,4.29656982421875E-05
0.120208740234375,15.460492960966,4.2974853515625E-05
0.120208740234375,15.4704929609408,4.29351806640625E-05
0.12017822265625,15.4804929609155,4.29229736328125E-05
0.120086669921875,15.4904929608903,4.2913818359375E-05
0.1201171875,15.500492960865,4.28802490234375E-05
0.12017822265625,15.5104929608398,4.28802490234375E-05
0.12017822265625,15.5204929608145,4.2840576171875E-05
0.120208740234375,15.5304929607893,4.2828369140625E-05
0.120208740234375,15.540492960764,4.28192138671875E-05
0.120086669921875,15.5504929607388,4.27734375E-05
0.12017822265625,15.5604929607135,4.27886962890625E-05
0.120147705078125,15.5704929606883,4.27520751953125E-05
0.120147705078125,15.580492960663,4.27337646484375E-05
0.12017822265625,15.5904929606378,4.27398681640625E-05
0.120147705078125,15.6004929606125,4.26849365234375E-05
0.12017822265625,15.6104929605873,4.2694091796875E-05
0.120147705078125,15.620492960562,4.26666259765625E-05
0.12017822265625,15.6304929605368,4.2633056640625E-05
0.12005615234375,15.6404929605116,4.26483154296875E-05
0.1202392578125,15.6504929604863,4.2596435546875E-05
0.1201171875,15.6604929604611,4.2596435546875E-05
0.12017822265625,15.6704929604358,4.2572021484375E-05
0.1201171875,15.6804929604106,4.25506591796875E-05
0.120086669921875,15.6904929603853,4.254150390625E-05
0.12017822265625,15.7004929603601,4.2510986328125E-05
0.120269775390625,15.7104929603348,4.25079345703125E-05
0.12017822265625,15.7204929603096,4.248046875E-05
0.120147705078125,15.7304929602843,4.24560546875E-05
0.120147705078125,15.7404929602591,4.24560546875E-05
0.12017822265625,15.7504929602338,4.24224853515625E-05
0.120147705078125,15.7604929602086,4.2425537109375E-05
0.12017822265625,15.7704929601833,4.239501953125E-05
0.12017822265625,15.7804929601581,4.23736572265625E-05
0.12017822265625,15.7904929601328,4.2376708984375E-05
0.1202392578125,15.8004929601076,4.2333984375E-05
0.120208740234375,15.8104929600823,4.2340087890625E-05
0.120208740234375,15.8204929600571,4.2315673828125E-05
0.12017822265625,15.8304929600318,4.22760009765625E-05
0.12017822265625,15.8404929600066,4.2279052734375E-05
0.120147705078125,15.8504929599814,4.22393798828125E-05
0.120208740234375,15.8604929599561,4.22454833984375E-05
0.120147705078125,15.8704929599309,4.222412109375E-05
0.1201171875,15.8804929599056,4.21966552734375E-05
0.12017822265625,15.8904929598804,4.21966552734375E-05
0.12017822265625,15.9004929598551,4.21600341796875E-05
0.120208740234375,15.9104929598299,4.2156982421875E-05
0.120147705078125,15.9204929598046,4.21356201171875E-05
0.12017822265625,15.9304929597794,4.21112060546875E-05
0.1201171875,15.9404929597541,4.2108154296875E-05
0.1202392578125,15.9504929597289,4.20654296875E-05
0.12017822265625,15.9604929597036,4.207763671875E-05
0.120147705078125,15.9704929596784,4.20440673828125E-05
0.12017822265625,15.9804929596531,4.2022705078125E-05
0.12017822265625,15.9904929596279,4.20196533203125E-05
0.12017822265625,16.0004929596026,4.1973876953125E-05
0.12017822265625,16.0104929595774,4.1986083984375E-05
0.1201171875,16.0204929595521,4.19586181640625E-05
0.120208740234375,16.0304929595269,4.1937255859375E-05
0.1202392578125,16.0404929595016,4.19403076171875E-05
0.12017822265625,16.0504929594764,4.1900634765625E-05
0.120208740234375,16.0604929594512,4.18975830078125E-05
0.120208740234375,16.0704929594259,4.18731689453125E-05
0.12017822265625,16.0804929594007,4.1845703125E-05
0.120147705078125,16.0904929593754,4.1851806640625E-05
0.1201171875,16.1004929593502,4.180908203125E-05
0.12017822265625,16.1104929593249,4.18121337890625E-05
0.120208740234375,16.1204929592997,4.17816162109375E-05
0.12017822265625,16.1304929592744,4.176025390625E-05
0.1201171875,16.1404929592492,4.1766357421875E-05
0.1201171875,16.1504929592239,4.17205810546875E-05
0.1201171875,16.1604929591987,4.1729736328125E-05
0.1201171875,16.1704929591734,4.1705322265625E-05
0.120147705078125,16.1804929591482,4.16748046875E-05
0.12017822265625,16.1904929591229,4.1680908203125E-05
0.120208740234375,16.2004929590977,4.16412353515625E-05
0.120208740234375,16.2104929590724,4.16412353515625E-05
0.120208740234375,16.2204929590472,4.16290283203125E-05
0.120147705078125,16.2304929590219,4.15924072265625E-05
0.120086669921875,16.2404929589967,4.15985107421875E-05
0.120147705078125,16.2504929589714,4.15618896484375E-05
0.120208740234375,16.2604929589462,4.15618896484375E-05
0.120208740234375,16.270492958921,4.15283203125E-05
0.120208740234375,16.2804929588957,4.15130615234375E-05
0.12017822265625,16.2904929588705,4.151611328125E-05
0.12017822265625,16.3004929588452,4.14764404296875E-05
0.1202392578125,16.31049295882,4.14794921875E-05
0.120208740234375,16.3204929587947,4.14520263671875E-05
0.12017822265625,16.3304929587695,4.14337158203125E-05
0.120147705078125,16.3404929587442,4.14306640625E-05
0.120208740234375,16.350492958719,4.139404296875E-05
0.120208740234375,16.3604929586937,4.1400146484375E-05
0.120147705078125,16.3704929586685,4.1363525390625E-05
0.1201171875,16.3804929586432,4.134521484375E-05
0.1202392578125,16.390492958618,4.1357421875E-05
0.12017822265625,16.4004929585927,4.130859375E-05
0.12017822265625,16.4104929585675,4.13116455078125E-05
0.1201171875,16.4204929585422,4.12841796875E-05
0.1201171875,16.430492958517,4.12689208984375E-05
0.12017822265625,16.4404929584917,4.1265869140625E-05
0.12017822265625,16.4504929584665,4.1241455078125E-05
0.120208740234375,16.4604929584413,4.124755859375E-05
0.120147705078125,16.470492958416,4.12109375E-05
0.120147705078125,16.4804929583908,4.1180419921875E-05
0.12017822265625,16.4904929583655,4.11895751953125E-05
0.120147705078125,16.5004929583403,4.11468505859375E-05
0.120208740234375,16.510492958315,4.114990234375E-05
0.1201171875,16.5204929582898,4.112548828125E-05
0.12017822265625,16.5304929582645,4.1107177734375E-05
0.120147705078125,16.5404929582393,4.111328125E-05
0.120147705078125,16.550492958214,4.10736083984375E-05
0.1202392578125,16.5604929581888,4.1082763671875E-05
0.120147705078125,16.5704929581635,4.10430908203125E-05
0.120147705078125,16.5804929581383,4.102783203125E-05
0.120208740234375,16.590492958113,4.102783203125E-05
0.120147705078125,16.6004929580878,4.09881591796875E-05
0.120269775390625,16.6104929580625,4.09912109375E-05
0.120208740234375,16.6204929580373,4.09637451171875E-05
0.120147705078125,16.630492958012,4.095458984375E-05
0.12017822265625,16.6404929579868,4.0948486328125E-05
0.120147705078125,16.6504929579615,4.09027099609375E-05
0.120147705078125,16.6604929579363,4.09149169921875E-05
0.120147705078125,16.6704929579111,4.08843994140625E-05
0.120147705078125,16.6804929578858,4.08721923828125E-05
0.12017822265625,16.6904929578606,4.08721923828125E-05
0.120147705078125,16.7004929578353,4.083251953125E-05
0.120269775390625,16.7104929578101,4.08447265625E-05
0.12017822265625,16.7204929577848,4.08111572265625E-05
0.1201171875,16.7304929577596,4.07958984375E-05
0.120147705078125,16.7404929577343,4.07928466796875E-05
0.1201171875,16.7504929577091,4.075927734375E-05
0.120208740234375,16.7604929576838,4.0765380859375E-05
0.120147705078125,16.7704929576586,4.073486328125E-05
0.120147705078125,16.7804929576333,4.07196044921875E-05
0.12017822265625,16.7904929576081,4.07196044921875E-05
0.120208740234375,16.8004929575828,4.06829833984375E-05
0.120208740234375,16.8104929575576,4.06982421875E-05
0.12017822265625,16.8204929575323,4.06646728515625E-05
0.12017822265625,16.8304929575071,4.06402587890625E-05
0.120147705078125,16.8404929574818,4.063720703125E-05
0.1201171875,16.8504929574566,4.06036376953125E-05
0.1202392578125,16.8604929574313,4.0618896484375E-05
0.120147705078125,16.8704929574061,4.05853271484375E-05
0.12017822265625,16.8804929573809,4.056396484375E-05
0.120147705078125,16.8904929573556,4.05731201171875E-05
0.120147705078125,16.9004929573304,4.05303955078125E-05
0.120147705078125,16.9104929573051,4.053955078125E-05
0.120208740234375,16.9204929572799,4.05120849609375E-05
0.120208740234375,16.9304929572546,4.04937744140625E-05
0.120208740234375,16.9404929572294,4.04876708984375E-05
0.120208740234375,16.9504929572041,4.04541015625E-05
0.12017822265625,16.9604929571789,4.0460205078125E-05
0.120147705078125,16.9704929571536,4.04388427734375E-05
0.1201171875,16.9804929571284,4.04144287109375E-05
0.12017822265625,16.9904929571031,4.04205322265625E-05
0.12017822265625,17.0004929570779,4.0380859375E-05
0.12017822265625,17.0104929570526,4.0399169921875E-05
0.120147705078125,17.0204929570274,4.03594970703125E-05
0.1201171875,17.0304929570021,4.03472900390625E-05
0.120147705078125,17.0404929569769,4.034423828125E-05
0.120147705078125,17.0504929569516,4.0313720703125E-05
0.12017822265625,17.0604929569264,4.0313720703125E-05
0.1201171875,17.0704929569011,4.02862548828125E-05
0.120147705078125,17.0804929568759,4.02587890625E-05
0.1201171875,17.0904929568507,4.0277099609375E-05
0.120147705078125,17.1004929568254,4.0234375E-05
0.12017822265625,17.1104929568002,4.02435302734375E-05
0.12017822265625,17.1204929567749,4.0216064453125E-05
0.120208740234375,17.1304929567497,4.0191650390625E-05
0.12017822265625,17.1404929567244,4.02069091796875E-05
0.1201171875,17.1504929566992,4.01580810546875E-05
0.1202392578125,17.1604929566739,4.01702880859375E-05
0.1201171875,17.1704929566487,4.0142822265625E-05
0.12017822265625,17.1804929566234,4.01153564453125E-05
0.1201171875,17.1904929565982,4.012451171875E-05
0.120208740234375,17.2004929565729,4.0081787109375E-05
0.1201171875,17.2104929565477,4.010009765625E-05
0.12017822265625,17.2204929565224,4.0069580078125E-05
0.120086669921875,17.2304929564972,4.00543212890625E-05
0.12017822265625,17.2404929564719,4.0057373046875E-05
0.120147705078125,17.2504929564467,4.00177001953125E-05
0.1201171875,17.2604929564214,4.00299072265625E-05
0.12017822265625,17.2704929563962,4.000244140625E-05
0.120147705078125,17.2804929563709,3.99871826171875E-05
0.120147705078125,17.2904929563457,3.99871826171875E-05
0.1202392578125,17.3004929563205,3.99444580078125E-05
0.1201171875,17.3104929562952,3.99444580078125E-05
0.1201171875,17.32049295627,3.99261474609375E-05
0.1201171875,17.3304929562447,3.99017333984375E-05
0.120147705078125,17.3404929562195,3.9910888671875E-05
0.120208740234375,17.3504929561942,3.98773193359375E-05
0.12005615234375,17.360492956169,3.9898681640625E-05
0.12017822265625,17.3704929561437,3.9862060546875E-05
0.12017822265625,17.3804929561185,3.9837646484375E-05
0.120147705078125,17.3904929560932,3.98468017578125E-05
0.12017822265625,17.400492956068,3.9801025390625E-05
0.12017822265625,17.4104929560427,3.98223876953125E-05
0.120208740234375,17.4204929560175,3.97857666015625E-05
0.120208740234375,17.4304929559922,3.97674560546875E-05
0.120147705078125,17.440492955967,3.97674560546875E-05
0.12017822265625,17.4504929559417,3.97308349609375E-05
0.1201171875,17.4604929559165,3.974609375E-05
0.12017822265625,17.4704929558912,3.9715576171875E-05
0.120208740234375,17.480492955866,3.97003173828125E-05
0.120208740234375,17.4904929558408,3.97064208984375E-05
0.1202392578125,17.5004929558155,3.96728515625E-05
0.12017822265625,17.5104929557903,3.96881103515625E-05
0.120147705078125,17.520492955765,3.96514892578125E-05
0.120086669921875,17.5304929557398,3.963623046875E-05
0.1201171875,17.5404929557145,3.9630126953125E-05
0.120147705078125,17.5504929556893,3.9599609375E-05
0.12017822265625,17.560492955664,3.9605712890625E-05
0.1201171875,17.5704929556388,3.9569091796875E-05
0.120147705078125,17.5804929556135,3.9556884765625E-05
0.12017822265625,17.5904929555883,3.9556884765625E-05
0.120208740234375,17.600492955563,3.951416015625E-05
0.1201171875,17.6104929555378,3.953857421875E-05
0.120147705078125,17.6204929555125,3.9508056640625E-05
0.120147705078125,17.6304929554873,3.9483642578125E-05
0.1201171875,17.640492955462,3.9483642578125E-05
0.120147705078125,17.6504929554368,3.94561767578125E-05
0.12005615234375,17.6604929554115,3.94775390625E-05
0.120147705078125,17.6704929553863,3.94439697265625E-05
0.120147705078125,17.680492955361,3.94287109375E-05
0.12017822265625,17.6904929553358,3.94287109375E-05
0.12017822265625,17.7004929553106,3.9385986328125E-05
0.1201171875,17.7104929552853,3.93951416015625E-05
0.1201171875,17.7204929552601,3.936767578125E-05
0.12017822265625,17.7304929552348,3.935546875E-05
0.120147705078125,17.7404929552096,3.9349365234375E-05
0.120147705078125,17.7504929551843,3.9324951171875E-05
0.120147705078125,17.7604929551591,3.93402099609375E-05
0.1201171875,17.7704929551338,3.93157958984375E-05
0.1202392578125,17.7804929551086,3.9288330078125E-05
0.120147705078125,17.7904929550833,3.9300537109375E-05
0.120147705078125,17.8004929550581,3.92486572265625E-05
0.12017822265625,17.8104929550328,3.92669677734375E-05
0.120208740234375,17.8204929550076,3.92333984375E-05
0.12017822265625,17.8304929549823,3.92242431640625E-05
0.120147705078125,17.8404929549571,3.92364501953125E-05
0.1201171875,17.8504929549318,3.91876220703125E-05
0.120208740234375,17.8604929549066,3.9208984375E-05
0.1201171875,17.8704929548813,3.91693115234375E-05
0.12017822265625,17.8804929548561,3.91510009765625E-05
0.12017822265625,17.8904929548308,3.9154052734375E-05
0.12017822265625,17.9004929548056,3.91204833984375E-05
0.1201171875,17.9104929547804,3.91357421875E-05
0.120147705078125,17.9204929547551,3.91204833984375E-05
0.120147705078125,17.9304929547299,3.90960693359375E-05
0.12017822265625,17.9404929547046,3.91021728515625E-05
0.120208740234375,17.9504929546794,3.90625E-05
0.120208740234375,17.9604929546541,3.90655517578125E-05
0.12017822265625,17.9704929546289,3.90350341796875E-05
0.12017822265625,17.9804929546036,3.902587890625E-05
0.120147705078125,17.9904929545784,3.9031982421875E-05
0.12017822265625,18.0004929545531,3.89801025390625E-05
0.12017822265625,18.0104929545279,3.9007568359375E-05
0.1202392578125,18.0204929545026,3.89801025390625E-05
0.120208740234375,18.0304929544774,3.895263671875E-05
0.120086669921875,18.0404929544521,3.89617919921875E-05
0.1201171875,18.0504929544269,3.89251708984375E-05
0.12005615234375,18.0604929544016,3.89404296875E-05
0.120147705078125,18.0704929543764,3.8909912109375E-05
0.120208740234375,18.0804929543511,3.88946533203125E-05
0.1201171875,18.0904929543259,3.8897705078125E-05
0.120086669921875,18.1004929543006,3.8861083984375E-05
0.1201171875,18.1104929542754,3.88885498046875E-05
0.12005615234375,18.1204929542502,3.885498046875E-05
0.12017822265625,18.1304929542249,3.88336181640625E-05
0.120147705078125,18.1404929541997,3.88336181640625E-05
0.1201171875,18.1504929541744,3.87939453125E-05
0.1201171875,18.1604929541492,3.8812255859375E-05
0.12017822265625,18.1704929541239,3.8787841796875E-05
0.1201171875,18.1804929540987,3.87725830078125E-05
0.12017822265625,18.1904929540734,3.878173828125E-05
0.12017822265625,18.2004929540482,3.87481689453125E-05
0.12017822265625,18.2104929540229,3.875732421875E-05
0.120147705078125,18.2204929539977,3.8720703125E-05
0.12017822265625,18.2304929539724,3.8714599609375E-05
0.120208740234375,18.2404929539472,3.87115478515625E-05
0.120147705078125,18.2504929539219,3.86749267578125E-05
0.12017822265625,18.2604929538967,3.86871337890625E-05
0.120147705078125,18.2704929538714,3.8653564453125E-05
0.120147705078125,18.2804929538462,3.86383056640625E-05
0.12005615234375,18.2904929538209,3.86444091796875E-05
0.12005615234375,18.3004929537957,3.8604736328125E-05
0.1201171875,18.3104929537704,3.8623046875E-05
0.1201171875,18.3204929537452,3.85986328125E-05
0.12017822265625,18.33049295372,3.85833740234375E-05
0.1201171875,18.3404929536947,3.85833740234375E-05
0.12017822265625,18.3504929536695,3.85498046875E-05
0.120208740234375,18.3604929536442,3.85650634765625E-05
0.120147705078125,18.370492953619,3.85345458984375E-05
0.1201171875,18.3804929535937,3.85284423828125E-05
0.12017822265625,18.3904929535685,3.8525390625E-05
0.120086669921875,18.4004929535432,3.84857177734375E-05
0.120147705078125,18.410492953518,3.85009765625E-05
0.120147705078125,18.4204929534927,3.84735107421875E-05
0.12017822265625,18.4304929534675,3.846435546875E-05
0.1201171875,18.4404929534422,3.84613037109375E-05
0.120208740234375,18.450492953417,3.8433837890625E-05
0.1201171875,18.4604929533917,3.843994140625E-05
0.12017822265625,18.4704929533665,3.84063720703125E-05
0.120147705078125,18.4804929533412,3.84002685546875E-05
0.1201171875,18.490492953316,3.84063720703125E-05
0.120086669921875,18.5004929532907,3.836669921875E-05
0.12017822265625,18.5104929532655,3.837890625E-05
0.120147705078125,18.5204929532403,3.83453369140625E-05
0.1201171875,18.530492953215,3.83331298828125E-05
0.1201171875,18.5404929531898,3.83453369140625E-05
0.120147705078125,18.5504929531645,3.83056640625E-05
0.1201171875,18.5604929531393,3.831787109375E-05
0.12017822265625,18.570492953114,3.82904052734375E-05
0.120147705078125,18.5804929530888,3.828125E-05
0.120147705078125,18.5904929530635,3.82720947265625E-05
0.1201171875,18.6004929530383,3.824462890625E-05
0.120147705078125,18.610492953013,3.8262939453125E-05
0.12017822265625,18.6204929529878,3.82232666015625E-05
0.1201171875,18.6304929529625,3.8214111328125E-05
0.120147705078125,18.6404929529373,3.822021484375E-05
0.120147705078125,18.650492952912,3.81805419921875E-05
0.1201171875,18.6604929528868,3.81866455078125E-05
0.120086669921875,18.6704929528615,3.8153076171875E-05
0.12017822265625,18.6804929528363,3.81591796875E-05
0.1201171875,18.690492952811,3.81500244140625E-05
0.120147705078125,18.7004929527858,3.812255859375E-05
0.1201171875,18.7104929527605,3.81317138671875E-05
0.1201171875,18.7204929527353,3.81011962890625E-05
0.120208740234375,18.7304929527101,3.809814453125E-05
0.12017822265625,18.7404929526848,3.81072998046875E-05
0.120147705078125,18.7504929526596,3.807373046875E-05
0.120147705078125,18.7604929526343,3.80859375E-05
0.120147705078125,18.7704929526091,3.804931640625E-05
0.120147705078125,18.7804929525838,3.8043212890625E-05
0.120147705078125,18.7904929525586,3.804931640625E-05
0.1201171875,18.8004929525333,3.80096435546875E-05
0.1201171875,18.8104929525081,3.802490234375E-05
0.1201171875,18.8204929524828,3.79791259765625E-05
0.120147705078125,18.8304929524576,3.79791259765625E-05
0.12017822265625,18.8404929524323,3.798828125E-05
0.120147705078125,18.8504929524071,3.7945556640625E-05
0.1201171875,18.8604929523818,3.79638671875E-05
0.12017822265625,18.8704929523566,3.7945556640625E-05
0.120086669921875,18.8804929523313,3.79302978515625E-05
0.12017822265625,18.8904929523061,3.792724609375E-05
0.120147705078125,18.9004929522808,3.7890625E-05
0.120147705078125,18.9104929522556,3.7908935546875E-05
0.120147705078125,18.9204929522303,3.787841796875E-05
0.120147705078125,18.9304929522051,3.78662109375E-05
0.1201171875,18.9404929521799,3.7872314453125E-05
0.1201171875,18.9504929521546,3.78387451171875E-05
0.120147705078125,18.9604929521294,3.785400390625E-05
0.1201171875,18.9704929521041,3.78173828125E-05
0.120147705078125,18.9804929520789,3.7811279296875E-05
0.120147705078125,18.9904929520536,3.780517578125E-05
0.120086669921875,19.0004929520284,3.77838134765625E-05
0.12017822265625,19.0104929520031,3.77899169921875E-05
0.120086669921875,19.0204929519779,3.77716064453125E-05
0.1201171875,19.0304929519526,3.77532958984375E-05
0.120208740234375,19.0404929519274,3.775634765625E-05
0.120208740234375,19.0504929519021,3.77227783203125E-05
0.1201171875,19.0604929518769,3.77349853515625E-05
0.120147705078125,19.0704929518516,3.77044677734375E-05
0.120208740234375,19.0804929518264,3.7689208984375E-05
0.120147705078125,19.0904929518011,3.76953125E-05
0.120147705078125,19.1004929517759,3.76617431640625E-05
0.12017822265625,19.1104929517506,3.7677001953125E-05
0.1201171875,19.1204929517254,3.76434326171875E-05
0.1201171875,19.1304929517001,3.7640380859375E-05
0.1201171875,19.1404929516749,3.76434326171875E-05
0.120086669921875,19.1504929516497,3.760986328125E-05
0.120147705078125,19.1604929516244,3.76312255859375E-05
0.120147705078125,19.1704929515992,3.7591552734375E-05
0.120147705078125,19.1804929515739,3.758544921875E-05
0.1201171875,19.1904929515487,3.75885009765625E-05
0.12017822265625,19.2004929515234,3.75579833984375E-05
0.120147705078125,19.2104929514982,3.75732421875E-05
0.1201171875,19.2204929514729,3.75335693359375E-05
0.120147705078125,19.2304929514477,3.75274658203125E-05
0.120208740234375,19.2404929514224,3.75244140625E-05
0.12017822265625,19.2504929513972,3.74908447265625E-05
0.1201171875,19.2604929513719,3.7506103515625E-05
0.120147705078125,19.2704929513467,3.74755859375E-05
0.12017822265625,19.2804929513214,3.74725341796875E-05
0.12017822265625,19.2904929512962,3.74755859375E-05
0.1201171875,19.3004929512709,3.7451171875E-05
0.1201171875,19.3104929512457,3.7457275390625E-05
0.12017822265625,19.3204929512204,3.74237060546875E-05
0.1201171875,19.3304929511952,3.7420654296875E-05
0.120147705078125,19.3404929511699,3.74176025390625E-05
0.1201171875,19.3504929511447,3.739013671875E-05
0.12017822265625,19.3604929511195,3.7396240234375E-05
0.12017822265625,19.3704929510942,3.7359619140625E-05
0.120208740234375,19.380492951069,3.7359619140625E-05
0.120208740234375,19.3904929510437,3.7359619140625E-05
0.120086669921875,19.4004929510185,3.7322998046875E-05
0.120147705078125,19.4104929509932,3.734130859375E-05
0.12017822265625,19.420492950968,3.731689453125E-05
0.12017822265625,19.4304929509427,3.7298583984375E-05
0.1201171875,19.4404929509175,3.73138427734375E-05
0.12017822265625,19.4504929508922,3.72833251953125E-05
0.120208740234375,19.460492950867,3.72955322265625E-05
0.12017822265625,19.4704929508417,3.7261962890625E-05
0.120147705078125,19.4804929508165,3.7249755859375E-05
0.120086669921875,19.4904929507912,3.72589111328125E-05
0.120147705078125,19.500492950766,3.72222900390625E-05
0.120147705078125,19.5104929507407,3.7237548828125E-05
0.1201171875,19.5204929507155,3.720703125E-05
0.1201171875,19.5304929506902,3.72100830078125E-05
0.120086669921875,19.540492950665,3.72100830078125E-05
0.120086669921875,19.5504929506398,3.71795654296875E-05
0.12017822265625,19.5604929506145,3.719482421875E-05
0.1201171875,19.5704929505893,3.71612548828125E-05
0.12017822265625,19.580492950564,3.714599609375E-05
0.120147705078125,19.5904929505388,3.71551513671875E-05
0.1201171875,19.6004929505135,3.7115478515625E-05
0.1201171875,19.6104929504883,3.71307373046875E-05
0.1201171875,19.620492950463,3.709716796875E-05
0.120147705078125,19.6304929504378,3.7091064453125E-05
0.1201171875,19.6404929504125,3.709716796875E-05
0.120147705078125,19.6504929503873,3.70635986328125E-05
0.1201171875,19.660492950362,3.7078857421875E-05
0.120147705078125,19.6704929503368,3.70452880859375E-05
0.120147705078125,19.6804929503115,3.70391845703125E-05
0.1201171875,19.6904929502863,3.70574951171875E-05
0.1201171875,19.700492950261,3.70147705078125E-05
0.120147705078125,19.7104929502358,3.702392578125E-05
0.12017822265625,19.7204929502105,3.69964599609375E-05
0.1201171875,19.7304929501853,3.6993408203125E-05
0.1201171875,19.74049295016,3.6993408203125E-05
0.1201171875,19.7504929501348,3.6956787109375E-05
0.1201171875,19.7604929501096,3.6968994140625E-05
0.12017822265625,19.7704929500843,3.69384765625E-05
0.12017822265625,19.7804929500591,3.692626953125E-05
0.120086669921875,19.7904929500338,3.69384765625E-05
0.1201171875,19.8004929500086,3.6907958984375E-05
0.12017822265625,19.8104929499833,3.692626953125E-05
0.1201171875,19.8204929499581,3.68988037109375E-05
0.120086669921875,19.8304929499328,3.68865966796875E-05
0.120147705078125,19.8404929499076,3.68865966796875E-05
0.120147705078125,19.8504929498823,3.68621826171875E-05
0.120086669921875,19.8604929498571,3.68682861328125E-05
0.1201171875,19.8704929498318,3.68408203125E-05
0.120147705078125,19.8804929498066,3.68408203125E-05
0.120086669921875,19.8904929497813,3.68438720703125E-05
0.1201171875,19.9004929497561,3.680419921875E-05
0.1201171875,19.9104929497308,3.681640625E-05
0.1201171875,19.9204929497056,3.67889404296875E-05
0.120147705078125,19.9304929496803,3.67828369140625E-05
0.1201171875,19.9404929496551,3.67889404296875E-05
0.120147705078125,19.9504929496298,3.675537109375E-05
0.12005615234375,19.9604929496046,3.6767578125E-05
0.120086669921875,19.9704929495794,3.673095703125E-05
0.1201171875,19.9804929495541,3.67340087890625E-05
0.120147705078125,19.9904929495289,3.67401123046875E-05
0.1201171875,20.0004929495036,3.67034912109375E-05
0.1201171875,20.0104929494784,3.671875E-05
0.1201171875,20.0204929494531,3.66912841796875E-05
0.120147705078125,20.0304929494279,3.66851806640625E-05
0.120147705078125,20.0404929494026,3.668212890625E-05
0.120147705078125,20.0504929493774,3.6651611328125E-05
0.120147705078125,20.0604929493521,3.6669921875E-05
0.1201171875,20.0704929493269,3.66455078125E-05
0.12005615234375,20.0804929493016,3.663330078125E-05
0.120147705078125,20.0904929492764,3.6627197265625E-05
0.120147705078125,20.1004929492511,3.66058349609375E-05
0.120147705078125,20.1104929492259,3.66180419921875E-05
0.12005615234375,20.1204929492006,3.65966796875E-05
0.12005615234375,20.1304929491754,3.6578369140625E-05
0.120147705078125,20.1404929491501,3.65814208984375E-05
0.120147705078125,20.1504929491249,3.656005859375E-05
0.1201171875,20.1604929490996,3.65753173828125E-05
0.120086669921875,20.1704929490744,3.65447998046875E-05
0.1201171875,20.1804929490492,3.6529541015625E-05
0.120147705078125,20.1904929490239,3.65325927734375E-05
0.1201171875,20.2004929489987,3.65020751953125E-05
0.1201171875,20.2104929489734,3.65386962890625E-05
0.120208740234375,20.2204929489482,3.64959716796875E-05
0.120086669921875,20.2304929489229,3.64898681640625E-05
0.12017822265625,20.2404929488977,3.64990234375E-05
0.12017822265625,20.2504929488724,3.6456298828125E-05
0.120147705078125,20.2604929488472,3.64715576171875E-05
0.12017822265625,20.2704929488219,3.64410400390625E-05
0.120147705078125,20.2804929487967,3.64349365234375E-05
0.1201171875,20.2904929487714,3.6431884765625E-05
0.120147705078125,20.3004929487462,3.63983154296875E-05
0.120086669921875,20.3104929487209,3.64227294921875E-05
0.1201171875,20.3204929486957,3.638916015625E-05
0.12017822265625,20.3304929486704,3.63922119140625E-05
0.120086669921875,20.3404929486452,3.638916015625E-05
0.1202392578125,20.3504929486199,3.63555908203125E-05
0.12017822265625,20.3604929485947,3.6383056640625E-05
0.1201171875,20.3704929485694,3.63525390625E-05
0.12017822265625,20.3804929485442,3.6346435546875E-05
0.12005615234375,20.390492948519,3.63433837890625E-05
0.120208740234375,20.4004929484937,3.63128662109375E-05
0.120086669921875,20.4104929484685,3.6322021484375E-05
0.1201171875,20.4204929484432,3.62945556640625E-05
0.1201171875,20.430492948418,3.6297607421875E-05
0.1201171875,20.4404929483927,3.62945556640625E-05
0.120147705078125,20.4504929483675,3.62579345703125E-05
0.12017822265625,20.4604929483422,3.62762451171875E-05
0.120147705078125,20.470492948317,3.6248779296875E-05
0.1201171875,20.4804929482917,3.624267578125E-05
0.12005615234375,20.4904929482665,3.62579345703125E-05
0.12017822265625,20.5004929482412,3.621826171875E-05
0.120147705078125,20.510492948216,3.62274169921875E-05
0.12005615234375,20.5204929481907,3.61968994140625E-05
0.12017822265625,20.5304929481655,3.61907958984375E-05
0.120147705078125,20.5404929481402,3.61968994140625E-05
0.120147705078125,20.550492948115,3.61663818359375E-05
0.120086669921875,20.5604929480897,3.61907958984375E-05
0.120086669921875,20.5704929480645,3.61602783203125E-05
0.120086669921875,20.5804929480393,3.61541748046875E-05
0.1202392578125,20.590492948014,3.6151123046875E-05
0.120086669921875,20.6004929479888,3.612060546875E-05
0.120147705078125,20.6104929479635,3.614501953125E-05
0.120208740234375,20.6204929479383,3.6114501953125E-05
0.1201171875,20.630492947913,3.60992431640625E-05
0.120086669921875,20.6404929478878,3.61083984375E-05
0.120147705078125,20.6504929478625,3.6077880859375E-05
0.12017822265625,20.6604929478373,3.60870361328125E-05
0.1201171875,20.670492947812,3.6065673828125E-05
0.120086669921875,20.6804929477868,3.6053466796875E-05
0.1201171875,20.6904929477615,3.6053466796875E-05
0.12017822265625,20.7004929477363,3.60260009765625E-05
0.12005615234375,20.710492947711,3.603515625E-05
0.120147705078125,20.7204929476858,3.60076904296875E-05
0.120086669921875,20.7304929476605,3.60076904296875E-05
0.1201171875,20.7404929476353,3.6016845703125E-05
0.120147705078125,20.75049294761,3.59832763671875E-05
0.120147705078125,20.7604929475848,3.60015869140625E-05
0.1201171875,20.7704929475595,3.59649658203125E-05
0.120147705078125,20.7804929475343,3.5968017578125E-05
0.120147705078125,20.7904929475091,3.5968017578125E-05
0.1202392578125,20.8004929474838,3.5931396484375E-05
0.1201171875,20.8104929474586,3.59405517578125E-05
0.1201171875,20.8204929474333,3.592529296875E-05
0.120147705078125,20.8304929474081,3.59130859375E-05
0.1201171875,20.8404929473828,3.5919189453125E-05
0.120147705078125,20.8504929473576,3.58856201171875E-05
0.1201171875,20.8604929473323,3.5906982421875E-05
0.120147705078125,20.8704929473071,3.5870361328125E-05
0.1201171875,20.8804929472818,3.58734130859375E-05
0.120086669921875,20.8904929472566,3.587646484375E-05
0.120086669921875,20.9004929472313,3.58489990234375E-05
0.120086669921875,20.9104929472061,3.58612060546875E-05
0.1201171875,20.9204929471808,3.583984375E-05
0.1201171875,20.9304929471556,3.58245849609375E-05
0.12017822265625,20.9404929471303,3.58367919921875E-05
0.1201171875,20.9504929471051,3.5797119140625E-05
0.1201171875,20.9604929470798,3.58154296875E-05
0.1201171875,20.9704929470546,3.5784912109375E-05
0.1201171875,20.9804929470293,3.577880859375E-05
0.120086669921875,20.9904929470041,3.5784912109375E-05
0.120086669921875,21.0004929469789,3.57574462890625E-05
0.1201171875,21.0104929469536,3.5772705078125E-05
0.120147705078125,21.0204929469284,3.5736083984375E-05
0.12017822265625,21.0304929469031,3.5736083984375E-05
0.120147705078125,21.0404929468779,3.572998046875E-05
0.120086669921875,21.0504929468526,3.57025146484375E-05
0.12005615234375,21.0604929468274,3.57208251953125E-05
0.12017822265625,21.0704929468021,3.5699462890625E-05
0.120147705078125,21.0804929467769,3.5693359375E-05
0.120147705078125,21.0904929467516,3.56964111328125E-05
0.120208740234375,21.1004929467264,3.56597900390625E-05
0.120147705078125,21.1104929467011,3.5675048828125E-05
0.120147705078125,21.1204929466759,3.56414794921875E-05
0.120147705078125,21.1304929466506,3.565673828125E-05
0.1201171875,21.1404929466254,3.56475830078125E-05
0.120147705078125,21.1504929466001,3.5614013671875E-05
0.120086669921875,21.1604929465749,3.563232421875E-05
0.120086669921875,21.1704929465496,3.560791015625E-05
0.12017822265625,21.1804929465244,3.56048583984375E-05
0.120147705078125,21.1904929464991,3.5601806640625E-05
0.1201171875,21.2004929464739,3.5565185546875E-05
0.12005615234375,21.2104929464487,3.55865478515625E-05
0.12005615234375,21.2204929464234,3.555908203125E-05
0.12017822265625,21.2304929463982,3.55499267578125E-05
0.1201171875,21.2404929463729,3.5565185546875E-05
0.1201171875,21.2504929463477,3.55255126953125E-05
0.12005615234375,21.2604929463224,3.553466796875E-05
0.12005615234375,21.2704929462972,3.55194091796875E-05
0.120086669921875,21.2804929462719,3.5504150390625E-05
0.120147705078125,21.2904929462467,3.551025390625E-05
0.120086669921875,21.3004929462214,3.54827880859375E-05
0.120147705078125,21.3104929461962,3.5504150390625E-05
0.12017822265625,21.3204929461709,3.54736328125E-05
0.1201171875,21.3304929461457,3.5467529296875E-05
0.120086669921875,21.3404929461204,3.54736328125E-05
0.1201171875,21.3504929460952,3.5443115234375E-05
0.1201171875,21.3604929460699,3.5455322265625E-05
0.12005615234375,21.3704929460447,3.5430908203125E-05
0.120086669921875,21.3804929460194,3.54278564453125E-05
0.120086669921875,21.3904929459942,3.54339599609375E-05
0.1201171875,21.4004929459689,3.54034423828125E-05
0.12017822265625,21.4104929459437,3.54217529296875E-05
0.12017822265625,21.4204929459185,3.5394287109375E-05
0.120147705078125,21.4304929458932,3.538818359375E-05
0.1201171875,21.440492945868,3.5382080078125E-05
0.1201171875,21.4504929458427,3.53485107421875E-05
0.120147705078125,21.4604929458175,3.53668212890625E-05
0.1201171875,21.4704929457922,3.53515625E-05
0.120147705078125,21.480492945767,3.53424072265625E-05
0.120147705078125,21.4904929457417,3.53424072265625E-05
0.1201171875,21.5004929457165,3.53179931640625E-05
0.120147705078125,21.5104929456912,3.53271484375E-05
0.1201171875,21.520492945666,3.5302734375E-05
0.1201171875,21.5304929456407,3.529052734375E-05
0.120086669921875,21.5404929456155,3.5302734375E-05
0.1201171875,21.5504929455902,3.52691650390625E-05
0.120086669921875,21.560492945565,3.5296630859375E-05
0.120147705078125,21.5704929455397,3.526611328125E-05
0.120086669921875,21.5804929455145,3.5260009765625E-05
0.120086669921875,21.5904929454892,3.52630615234375E-05
0.1201171875,21.600492945464,3.52325439453125E-05
0.120086669921875,21.6104929454388,3.52569580078125E-05
0.120086669921875,21.6204929454135,3.52203369140625E-05
0.1201171875,21.6304929453883,3.521728515625E-05
0.120147705078125,21.640492945363,3.52081298828125E-05
0.120147705078125,21.6504929453378,3.51837158203125E-05
0.12005615234375,21.6604929453125,3.52081298828125E-05
0.120147705078125,21.6704929452873,3.51806640625E-05
0.120147705078125,21.680492945262,3.51715087890625E-05
0.12005615234375,21.6904929452368,3.51715087890625E-05
0.120147705078125,21.7004929452115,3.514404296875E-05
0.120147705078125,21.7104929451863,3.516845703125E-05
0.1201171875,21.720492945161,3.5137939453125E-05
0.120147705078125,21.7304929451358,3.51287841796875E-05
0.12017822265625,21.7404929451105,3.5137939453125E-05
0.120086669921875,21.7504929450853,3.50982666015625E-05
0.120086669921875,21.76049294506,3.51287841796875E-05
0.1201171875,21.7704929450348,3.50982666015625E-05
0.120086669921875,21.7804929450095,3.50799560546875E-05
0.1201171875,21.7904929449843,3.5089111328125E-05
0.1201171875,21.800492944959,3.507080078125E-05
0.120086669921875,21.8104929449338,3.50799560546875E-05
0.120086669921875,21.8204929449086,3.50555419921875E-05
0.1201171875,21.8304929448833,3.504638671875E-05
0.120086669921875,21.8404929448581,3.505859375E-05
0.120147705078125,21.8504929448328,3.50189208984375E-05
0.120208740234375,21.8604929448076,3.5040283203125E-05
0.120147705078125,21.8704929447823,3.50189208984375E-05
0.1201171875,21.8804929447571,3.5009765625E-05
0.120147705078125,21.8904929447318,3.50128173828125E-05
0.1201171875,21.9004929447066,3.4967041015625E-05
0.120147705078125,21.9104929446813,3.49945068359375E-05
0.120147705078125,21.9204929446561,3.497314453125E-05
0.120086669921875,21.9304929446308,3.49609375E-05
0.1201171875,21.9404929446056,3.49700927734375E-05
0.120086669921875,21.9504929445803,3.49365234375E-05
0.120086669921875,21.9604929445551,3.4954833984375E-05
0.12017822265625,21.9704929445298,3.49365234375E-05
0.120147705078125,21.9804929445046,3.492431640625E-05
0.120086669921875,21.9904929444793,3.4930419921875E-05
0.120208740234375,22.0004929444541,3.48876953125E-05
0.1201171875,22.0104929444288,3.4918212890625E-05
0.120147705078125,22.0204929444036,3.48876953125E-05
0.120147705078125,22.0304929443784,3.48876953125E-05
0.1201171875,22.0404929443531,3.48846435546875E-05
0.120086669921875,22.0504929443279,3.48602294921875E-05
0.120147705078125,22.0604929443026,3.48724365234375E-05
0.1201171875,22.0704929442774,3.4844970703125E-05
0.1201171875,22.0804929442521,3.4844970703125E-05
0.12005615234375,22.0904929442269,3.48480224609375E-05
0.120147705078125,22.1004929442016,3.48175048828125E-05
0.120147705078125,22.1104929441764,3.482666015625E-05
0.120147705078125,22.1204929441511,3.4808349609375E-05
0.120086669921875,22.1304929441259,3.48052978515625E-05
0.120086669921875,22.1404929441006,3.48052978515625E-05
0.1201171875,22.1504929440754,3.47686767578125E-05
0.12017822265625,22.1604929440501,3.47991943359375E-05
0.1201171875,22.1704929440249,3.47747802734375E-05
0.12005615234375,22.1804929439996,3.4759521484375E-05
0.12005615234375,22.1904929439744,3.47686767578125E-05
0.1201171875,22.2004929439491,3.4747314453125E-05
0.120086669921875,22.2104929439239,3.47625732421875E-05
0.120147705078125,22.2204929438986,3.47320556640625E-05
0.12005615234375,22.2304929438734,3.47198486328125E-05
0.1201171875,22.2404929438482,3.47259521484375E-05
0.1201171875,22.2504929438229,3.46954345703125E-05
0.12005615234375,22.2604929437977,3.4716796875E-05
0.1201171875,22.2704929437724,3.4686279296875E-05
0.1201171875,22.2804929437472,3.4686279296875E-05
0.120147705078125,22.2904929437219,3.46893310546875E-05
0.12005615234375,22.3004929436967,3.46466064453125E-05
0.120147705078125,22.3104929436714,3.46893310546875E-05
0.1201171875,22.3204929436462,3.46527099609375E-05
0.120086669921875,22.3304929436209,3.465576171875E-05
0.120086669921875,22.3404929435957,3.46527099609375E-05
0.12017822265625,22.3504929435704,3.46160888671875E-05
0.1201171875,22.3604929435452,3.46435546875E-05
0.12005615234375,22.3704929435199,3.4613037109375E-05
0.12017822265625,22.3804929434947,3.460693359375E-05
0.12005615234375,22.3904929434694,3.4613037109375E-05
0.120147705078125,22.4004929434442,3.45794677734375E-05
0.120147705078125,22.4104929434189,3.46038818359375E-05
0.1201171875,22.4204929433937,3.458251953125E-05
0.120086669921875,22.4304929433684,3.45672607421875E-05
0.120086669921875,22.4404929433432,3.4564208984375E-05
0.120147705078125,22.450492943318,3.4539794921875E-05
0.120086669921875,22.4604929432927,3.45550537109375E-05
0.120147705078125,22.4704929432675,3.45458984375E-05
0.120147705078125,22.4804929432422,3.45184326171875E-05
0.12005615234375,22.490492943217,3.4527587890625E-05
0.120147705078125,22.5004929431917,3.45001220703125E-05
0.120086669921875,22.5104929431665,3.4515380859375E-05
0.120147705078125,22.5204929431412,3.4490966796875E-05
0.120147705078125,22.530492943116,3.44940185546875E-05
0.1201171875,22.5404929430907,3.44970703125E-05
0.120147705078125,22.5504929430655,3.446044921875E-05
0.1201171875,22.5604929430402,3.44818115234375E-05
0.1201171875,22.570492943015,3.446044921875E-05
0.1201171875,22.5804929429897,3.44573974609375E-05
0.120086669921875,22.5904929429645,3.44512939453125E-05
0.1201171875,22.6004929429392,3.4417724609375E-05
0.1201171875,22.610492942914,3.44451904296875E-05
0.120147705078125,22.6204929428887,3.4429931640625E-05
0.12005615234375,22.6304929428635,3.44146728515625E-05
0.1201171875,22.6404929428383,3.4423828125E-05
0.1201171875,22.650492942813,3.43841552734375E-05
0.1201171875,22.6604929427878,3.44146728515625E-05
0.120086669921875,22.6704929427625,3.43902587890625E-05
0.1201171875,22.6804929427373,3.43841552734375E-05
0.12005615234375,22.690492942712,3.43902587890625E-05
0.1199951171875,22.7004929426868,3.43536376953125E-05
0.12005615234375,22.7104929426615,3.4381103515625E-05
0.1201171875,22.7204929426363,3.4344482421875E-05
0.120086669921875,22.730492942611,3.4344482421875E-05
0.120147705078125,22.7404929425858,3.43597412109375E-05
0.1201171875,22.7504929425605,3.43109130859375E-05
0.12017822265625,22.7604929425353,3.4344482421875E-05
0.1201171875,22.77049294251,3.43170166015625E-05
0.120086669921875,22.7804929424848,3.43109130859375E-05
0.12005615234375,22.7904929424595,3.43231201171875E-05
0.12005615234375,22.8004929424343,3.42864990234375E-05
0.120208740234375,22.810492942409,3.43109130859375E-05
0.120086669921875,22.8204929423838,3.42803955078125E-05
0.120086669921875,22.8304929423585,3.427734375E-05
0.1201171875,22.8404929423333,3.428955078125E-05
0.120025634765625,22.8504929423081,3.42437744140625E-05
0.1201171875,22.8604929422828,3.4271240234375E-05
0.120086669921875,22.8704929422576,3.4246826171875E-05
0.120147705078125,22.8804929422323,3.42376708984375E-05
0.120147705078125,22.8904929422071,3.42437744140625E-05
0.120086669921875,22.9004929421818,3.4210205078125E-05
0.120147705078125,22.9104929421566,3.42315673828125E-05
0.120147705078125,22.9204929421313,3.42010498046875E-05
0.1201171875,22.9304929421061,3.41949462890625E-05
0.120086669921875,22.9404929420808,3.4197998046875E-05
0.1201171875,22.9504929420556,3.41705322265625E-05
0.120086669921875,22.9604929420303,3.4197998046875E-05
0.12005615234375,22.9704929420051,3.41583251953125E-05
0.120147705078125,22.9804929419798,3.4161376953125E-05
0.1201171875,22.9904929419546,3.41705322265625E-05
0.120086669921875,23.0004929419293,3.414306640625E-05
0.120086669921875,23.0104929419041,3.41644287109375E-05
0.120147705078125,23.0204929418788,3.4136962890625E-05
0.1201171875,23.0304929418536,3.41278076171875E-05
0.120086669921875,23.0404929418283,3.41339111328125E-05
0.120086669921875,23.0504929418031,3.409423828125E-05
0.120147705078125,23.0604929417779,3.411865234375E-05
0.120086669921875,23.0704929417526,3.409423828125E-05
0.120147705078125,23.0804929417274,3.40850830078125E-05
0.1201171875,23.0904929417021,3.4100341796875E-05
0.12005615234375,23.1004929416769,3.406982421875E-05
0.1201171875,23.1104929416516,3.408203125E-05
0.1201171875,23.1204929416264,3.40606689453125E-05
0.12005615234375,23.1304929416011,3.40545654296875E-05
0.120147705078125,23.1404929415759,3.40545654296875E-05
0.120086669921875,23.1504929415506,3.4027099609375E-05
0.1201171875,23.1604929415254,3.4039306640625E-05
0.120086669921875,23.1704929415001,3.40301513671875E-05
0.1201171875,23.1804929414749,3.4014892578125E-05
0.120086669921875,23.1904929414496,3.40240478515625E-05
0.1201171875,23.2004929414244,3.3990478515625E-05
0.120147705078125,23.2104929413991,3.40118408203125E-05
0.1201171875,23.2204929413739,3.3990478515625E-05
0.120147705078125,23.2304929413486,3.3978271484375E-05
0.12005615234375,23.2404929413234,3.39813232421875E-05
0.120208740234375,23.2504929412981,3.39599609375E-05
0.120086669921875,23.2604929412729,3.39813232421875E-05
0.1201171875,23.2704929412477,3.394775390625E-05
0.120086669921875,23.2804929412224,3.394775390625E-05
0.120147705078125,23.2904929411972,3.394775390625E-05
0.12005615234375,23.3004929411719,3.39202880859375E-05
0.120086669921875,23.3104929411467,3.3935546875E-05
0.120086669921875,23.3204929411214,3.392333984375E-05
0.120086669921875,23.3304929410962,3.3917236328125E-05
0.12005615234375,23.3404929410709,3.39141845703125E-05
0.120086669921875,23.3504929410457,3.38775634765625E-05
0.120086669921875,23.3604929410204,3.3905029296875E-05
0.120147705078125,23.3704929409952,3.388671875E-05
0.1201171875,23.3804929409699,3.388671875E-05
0.120147705078125,23.3904929409447,3.38836669921875E-05
0.1201171875,23.4004929409194,3.38531494140625E-05
0.120086669921875,23.4104929408942,3.3868408203125E-05
0.1201171875,23.4204929408689,3.3843994140625E-05
0.120086669921875,23.4304929408437,3.3843994140625E-05
0.120086669921875,23.4404929408184,3.3843994140625E-05
0.12005615234375,23.4504929407932,3.38165283203125E-05
0.120147705078125,23.4604929407679,3.3831787109375E-05
0.1201171875,23.4704929407427,3.38104248046875E-05
0.12005615234375,23.4804929407175,3.38043212890625E-05
0.120147705078125,23.4904929406922,3.38165283203125E-05
0.120147705078125,23.500492940667,3.377685546875E-05
0.1201171875,23.5104929406417,3.38043212890625E-05
0.1201171875,23.5204929406165,3.37738037109375E-05
0.12005615234375,23.5304929405912,3.37646484375E-05
0.12005615234375,23.540492940566,3.3770751953125E-05
0.120086669921875,23.5504929405407,3.37371826171875E-05
0.1201171875,23.5604929405155,3.37677001953125E-05
0.120147705078125,23.5704929404902,3.37493896484375E-05
0.120147705078125,23.580492940465,3.3734130859375E-05
0.120086669921875,23.5904929404397,3.3746337890625E-05
0.120086669921875,23.6004929404145,3.37158203125E-05
0.120147705078125,23.6104929403892,3.3740234375E-05
0.12017822265625,23.620492940364,3.37127685546875E-05
0.120147705078125,23.6304929403387,3.37066650390625E-05
0.120147705078125,23.6404929403135,3.37127685546875E-05
0.1201171875,23.6504929402882,3.367919921875E-05
0.1201171875,23.660492940263,3.37066650390625E-05
0.120086669921875,23.6704929402378,3.367919921875E-05
0.12005615234375,23.6804929402125,3.3673095703125E-05
0.12005615234375,23.6904929401873,3.36700439453125E-05
0.12005615234375,23.700492940162,3.3642578125E-05
0.120086669921875,23.7104929401368,3.3673095703125E-05
0.12005615234375,23.7204929401115,3.36395263671875E-05
0.120147705078125,23.7304929400863,3.36395263671875E-05
0.12005615234375,23.740492940061,3.3642578125E-05
0.120147705078125,23.7504929400358,3.36090087890625E-05
0.12005615234375,23.7604929400105,3.36273193359375E-05
0.120086669921875,23.7704929399853,3.36029052734375E-05
0.1201171875,23.78049293996,3.360595703125E-05
0.120147705078125,23.7904929399348,3.35968017578125E-05
0.1201171875,23.8004929399095,3.35784912109375E-05
0.12005615234375,23.8104929398843,3.3599853515625E-05
0.120086669921875,23.820492939859,3.35784912109375E-05
0.120086669921875,23.8304929398338,3.3575439453125E-05
0.1201171875,23.8404929398085,3.35784912109375E-05
0.1201171875,23.8504929397833,3.3551025390625E-05
0.12005615234375,23.860492939758,3.35662841796875E-05
0.12005615234375,23.8704929397328,3.3538818359375E-05
0.1201171875,23.8804929397076,3.35357666015625E-05
0.120086669921875,23.8904929396823,3.35418701171875E-05
0.120147705078125,23.9004929396571,3.3514404296875E-05
0.120086669921875,23.9104929396318,3.3538818359375E-05
0.120147705078125,23.9204929396066,3.35113525390625E-05
0.1201171875,23.9304929395813,3.3502197265625E-05
0.1201171875,23.9404929395561,3.35052490234375E-05
0.1201171875,23.9504929395308,3.3477783203125E-05
0.120147705078125,23.9604929395056,3.3502197265625E-05
0.120086669921875,23.9704929394803,3.34808349609375E-05
0.1201171875,23.9804929394551,3.34716796875E-05
0.1199951171875,23.9904929394298,3.34686279296875E-05
0.120086669921875,24.0004929394046,3.3447265625E-05
0.120147705078125,24.0104929393793,3.3477783203125E-05
0.120147705078125,24.0204929393541,3.3453369140625E-05
0.120086669921875,24.0304929393288,3.3441162109375E-05
0.120086669921875,24.0404929393036,3.34442138671875E-05
0.120147705078125,24.0504929392783,3.34136962890625E-05
0.1201171875,24.0604929392531,3.34381103515625E-05
0.120147705078125,24.0704929392278,3.3404541015625E-05
0.12005615234375,24.0804929392026,3.3404541015625E-05
0.1201171875,24.0904929391774,3.341064453125E-05
0.12017822265625,24.1004929391521,3.338623046875E-05
0.120086669921875,24.1104929391269,3.341064453125E-05
0.120147705078125,24.1204929391016,3.33831787109375E-05
0.1201171875,24.1304929390764,3.33740234375E-05
0.120147705078125,24.1404929390511,3.33831787109375E-05
0.1201171875,24.1504929390259,3.33526611328125E-05
0.12005615234375,24.1604929390006,3.33709716796875E-05
0.1201171875,24.1704929389754,3.33587646484375E-05
0.12005615234375,24.1804929389501,3.33465576171875E-05
0.1201171875,24.1904929389249,3.3349609375E-05
0.120147705078125,24.2004929388996,3.33282470703125E-05
0.1201171875,24.2104929388744,3.3343505859375E-05
0.1201171875,24.2204929388491,3.33221435546875E-05
0.12005615234375,24.2304929388239,3.33099365234375E-05
0.120147705078125,24.2404929387986,3.3306884765625E-05
0.12005615234375,24.2504929387734,3.32855224609375E-05
0.12005615234375,24.2604929387481,3.33099365234375E-05
0.1201171875,24.2704929387229,3.32855224609375E-05
0.1201171875,24.2804929386976,3.32794189453125E-05
0.12005615234375,24.2904929386724,3.32855224609375E-05
0.120086669921875,24.3004929386472,3.32550048828125E-05
0.120086669921875,24.3104929386219,3.3282470703125E-05
0.1201171875,24.3204929385967,3.32489013671875E-05
0.120086669921875,24.3304929385714,3.3251953125E-05
0.1201171875,24.3404929385462,3.3245849609375E-05
0.120147705078125,24.3504929385209,3.32183837890625E-05
0.1201171875,24.3604929384957,3.32427978515625E-05
0.120147705078125,24.3704929384704,3.3221435546875E-05
0.12017822265625,24.3804929384452,3.32122802734375E-05
0.120147705078125,24.3904929384199,3.3221435546875E-05
0.1201171875,24.4004929383947,3.31878662109375E-05
0.1201171875,24.4104929383694,3.3209228515625E-05
0.120147705078125,24.4204929383442,3.31878662109375E-05
0.120086669921875,24.4304929383189,3.319091796875E-05
0.1201171875,24.4404929382937,3.319091796875E-05
0.120147705078125,24.4504929382684,3.31695556640625E-05
0.1201171875,24.4604929382432,3.3184814453125E-05
0.1201171875,24.4704929382179,3.316650390625E-05
0.1201171875,24.4804929381927,3.31512451171875E-05
0.120086669921875,24.4904929381674,3.31512451171875E-05
0.12005615234375,24.5004929381422,3.3123779296875E-05
0.12005615234375,24.510492938117,3.314208984375E-05
0.120086669921875,24.5204929380917,3.31207275390625E-05
0.120086669921875,24.5304929380665,3.31146240234375E-05
0.120147705078125,24.5404929380412,3.31268310546875E-05
0.120086669921875,24.550492938016,3.310546875E-05
0.12005615234375,24.5604929379907,3.3123779296875E-05
0.120086669921875,24.5704929379655,3.309326171875E-05
0.12017822265625,24.5804929379402,3.30841064453125E-05
0.1201171875,24.590492937915,3.30902099609375E-05
0.1201171875,24.6004929378897,3.30718994140625E-05
0.120086669921875,24.6104929378645,3.30780029296875E-05
0.1201171875,24.6204929378392,3.30596923828125E-05
0.12005615234375,24.630492937814,3.3056640625E-05
0.120086669921875,24.6404929377887,3.3062744140625E-05
0.120086669921875,24.6504929377635,3.30322265625E-05
0.1201171875,24.6604929377382,3.30535888671875E-05
0.12005615234375,24.670492937713,3.30291748046875E-05
0.120086669921875,24.6804929376877,3.3026123046875E-05
0.120147705078125,24.6904929376625,3.30352783203125E-05
0.120086669921875,24.7004929376373,3.29986572265625E-05
0.120147705078125,24.710492937612,3.3038330078125E-05
0.1201171875,24.7204929375868,3.29986572265625E-05
0.120086669921875,24.7304929375615,3.2989501953125E-05
0.1201171875,24.7404929375363,3.30078125E-05
0.1201171875,24.750492937511,3.29803466796875E-05
0.1201171875,24.7604929374858,3.3001708984375E-05
0.120086669921875,24.7704929374605,3.2977294921875E-05
0.1201171875,24.7804929374353,3.29620361328125E-05
0.12005615234375,24.79049293741,3.2977294921875E-05
0.120025634765625,24.8004929373848,3.29498291015625E-05
0.12005615234375,24.8104929373595,3.2965087890625E-05
0.1201171875,24.8204929373343,3.294677734375E-05
0.120086669921875,24.830492937309,3.29376220703125E-05
0.120147705078125,24.8404929372838,3.294677734375E-05
0.120086669921875,24.8504929372585,3.29254150390625E-05
0.120086669921875,24.8604929372333,3.29376220703125E-05
0.12005615234375,24.870492937208,3.291015625E-05
0.120086669921875,24.8804929371828,3.29010009765625E-05
0.120086669921875,24.8904929371575,3.29071044921875E-05
0.1201171875,24.9004929371323,3.28826904296875E-05
0.1201171875,24.9104929371071,3.291015625E-05
0.1201171875,24.9204929370818,3.2879638671875E-05
0.12005615234375,24.9304929370566,3.2879638671875E-05
0.1201171875,24.9404929370313,3.28857421875E-05
0.120086669921875,24.9504929370061,3.284912109375E-05
0.1201171875,24.9604929369808,3.28826904296875E-05
0.120086669921875,24.9704929369556,3.2855224609375E-05
0.120208740234375,24.9804929369303,3.28460693359375E-05
0.120086669921875,24.9904929369051,3.28521728515625E-05
0.1201171875,25.0004929368798,3.28216552734375E-05
0.12005615234375,25.0104929368546,3.28460693359375E-05
0.1201171875,25.0204929368293,3.2818603515625E-05
0.1201171875,25.0304929368041,3.2818603515625E-05
0.120147705078125,25.0404929367788,3.28125E-05
0.12005615234375,25.0504929367536,3.27911376953125E-05
0.1201171875,25.0604929367283,3.28155517578125E-05
0.1201171875,25.0704929367031,3.27972412109375E-05
0.1201171875,25.0804929366778,3.280029296875E-05
0.120086669921875,25.0904929366526,3.280029296875E-05
0.120086669921875,25.1004929366273,3.2769775390625E-05
0.1201171875,25.1104929366021,3.27880859375E-05
0.120147705078125,25.1204929365769,3.2763671875E-05
0.1201171875,25.1304929365516,3.27667236328125E-05
0.1201171875,25.1404929365264,3.27606201171875E-05
0.1201171875,25.1504929365011,3.27392578125E-05
0.1201171875,25.1604929364759,3.2757568359375E-05
0.120147705078125,25.1704929364506,3.2733154296875E-05
0.120086669921875,25.1804929364254,3.272705078125E-05
0.120086669921875,25.1904929364001,3.27392578125E-05
0.120086669921875,25.2004929363749,3.270263671875E-05
0.120086669921875,25.2104929363496,3.2733154296875E-05
0.1201171875,25.2204929363244,3.2708740234375E-05
0.1201171875,25.2304929362991,3.271484375E-05
0.120086669921875,25.2404929362739,3.2708740234375E-05
0.120086669921875,25.2504929362486,3.2684326171875E-05
0.120086669921875,25.2604929362234,3.270263671875E-05
0.1201171875,25.2704929361981,3.26751708984375E-05
0.12005615234375,25.2804929361729,3.26751708984375E-05
0.12017822265625,25.2904929361476,3.26751708984375E-05
0.1201171875,25.3004929361224,3.265380859375E-05
0.12005615234375,25.3104929360971,3.267822265625E-05
0.1201171875,25.3204929360719,3.2647705078125E-05
0.1201171875,25.3304929360467,3.2647705078125E-05
0.1201171875,25.3404929360214,3.26507568359375E-05
0.1201171875,25.3504929359962,3.26263427734375E-05
0.120086669921875,25.3604929359709,3.26568603515625E-05
0.1201171875,25.3704929359457,3.2623291015625E-05
0.1201171875,25.3804929359204,3.26141357421875E-05
0.12005615234375,25.3904929358952,3.26202392578125E-05
0.12005615234375,25.4004929358699,3.25958251953125E-05
0.120086669921875,25.4104929358447,3.26263427734375E-05
0.12005615234375,25.4204929358194,3.2598876953125E-05
0.120086669921875,25.4304929357942,3.258056640625E-05
0.120147705078125,25.4404929357689,3.25927734375E-05
0.120086669921875,25.4504929357437,3.25714111328125E-05
0.12005615234375,25.4604929357184,3.25897216796875E-05
0.120025634765625,25.4704929356932,3.2568359375E-05
0.12005615234375,25.4804929356679,3.25653076171875E-05
0.120147705078125,25.4904929356427,3.25714111328125E-05
0.12017822265625,25.5004929356174,3.25439453125E-05
0.1201171875,25.5104929355922,3.255615234375E-05
0.12005615234375,25.5204929355669,3.25347900390625E-05
0.120147705078125,25.5304929355417,3.25347900390625E-05
0.12017822265625,25.5404929355165,3.25286865234375E-05
0.1201171875,25.5504929354912,3.25103759765625E-05
0.12005615234375,25.560492935466,3.25286865234375E-05
0.120086669921875,25.5704929354407,3.25042724609375E-05
0.1201171875,25.5804929354155,3.25103759765625E-05
0.120086669921875,25.5904929353902,3.2513427734375E-05
0.1201171875,25.600492935365,3.248291015625E-05
0.12005615234375,25.6104929353397,3.250732421875E-05
0.12005615234375,25.6204929353145,3.248291015625E-05
0.120086669921875,25.6304929352892,3.248291015625E-05
0.1201171875,25.640492935264,3.24859619140625E-05
0.120086669921875,25.6504929352387,3.245849609375E-05
0.120147705078125,25.6604929352135,3.248291015625E-05
0.120086669921875,25.6704929351882,3.245849609375E-05
0.1201171875,25.680492935163,3.245849609375E-05
0.120147705078125,25.6904929351377,3.2452392578125E-05
0.120086669921875,25.7004929351125,3.24188232421875E-05
0.1201171875,25.7104929350872,3.24462890625E-05
0.1201171875,25.720492935062,3.2421875E-05
0.120147705078125,25.7304929350368,3.24127197265625E-05
0.120086669921875,25.7404929350115,3.24249267578125E-05
0.120086669921875,25.7504929349863,3.23974609375E-05
0.1201171875,25.760492934961,3.24249267578125E-05
0.120086669921875,25.7704929349358,3.23883056640625E-05
0.120086669921875,25.7804929349105,3.2391357421875E-05
0.120086669921875,25.7904929348853,3.24005126953125E-05
0.120086669921875,25.80049293486,3.23699951171875E-05
0.120086669921875,25.8104929348348,3.23883056640625E-05
0.120086669921875,25.8204929348095,3.23638916015625E-05
0.120086669921875,25.8304929347843,3.236083984375E-05
0.1201171875,25.840492934759,3.23699951171875E-05
0.12005615234375,25.8504929347338,3.23394775390625E-05
0.1201171875,25.8604929347085,3.23638916015625E-05
0.1201171875,25.8704929346833,3.23333740234375E-05
0.12005615234375,25.880492934658,3.2330322265625E-05
0.120147705078125,25.8904929346328,3.23333740234375E-05
0.120086669921875,25.9004929346075,3.2318115234375E-05
0.1201171875,25.9104929345823,3.23333740234375E-05
0.120025634765625,25.920492934557,3.23089599609375E-05
0.12005615234375,25.9304929345318,3.2305908203125E-05
0.12017822265625,25.9404929345066,3.2318115234375E-05
0.12005615234375,25.9504929344813,3.22845458984375E-05
0.1201171875,25.9604929344561,3.2305908203125E-05
0.120086669921875,25.9704929344308,3.22967529296875E-05
0.120086669921875,25.9804929344056,3.22784423828125E-05
0.12005615234375,25.9904929343803,3.22845458984375E-05
0.12005615234375,26.0004929343551,3.22601318359375E-05
0.120086669921875,26.0104929343298,3.22906494140625E-05
0.1201171875,26.0204929343046,3.22601318359375E-05
0.12005615234375,26.0304929342793,3.2257080078125E-05
0.120147705078125,26.0404929342541,3.2257080078125E-05
0.120086669921875,26.0504929342288,3.223876953125E-05
0.120147705078125,26.0604929342036,3.22601318359375E-05
0.12005615234375,26.0704929341783,3.223876953125E-05
0.1201171875,26.0804929341531,3.223876953125E-05
0.120086669921875,26.0904929341278,3.223876953125E-05
0.1201171875,26.1004929341026,3.2208251953125E-05
0.120086669921875,26.1104929340773,3.2232666015625E-05
0.1201171875,26.1204929340521,3.2208251953125E-05
0.120147705078125,26.1304929340268,3.2196044921875E-05
0.1201171875,26.1404929340016,3.22052001953125E-05
0.120086669921875,26.1504929339764,3.2171630859375E-05
0.12005615234375,26.1604929339511,3.2208251953125E-05
0.1199951171875,26.1704929339259,3.21807861328125E-05
0.120147705078125,26.1804929339006,3.21807861328125E-05
0.1199951171875,26.1904929338754,3.21868896484375E-05
0.1201171875,26.2004929338501,3.2159423828125E-05
0.120086669921875,26.2104929338249,3.21807861328125E-05
0.12005615234375,26.2204929337996,3.2147216796875E-05
0.120147705078125,26.2304929337744,3.2147216796875E-05
0.1201171875,26.2404929337491,3.216552734375E-05
0.120086669921875,26.2504929337239,3.21319580078125E-05
0.120147705078125,26.2604929336986,3.21533203125E-05
0.12005615234375,26.2704929336734,3.21197509765625E-05
0.120147705078125,26.2804929336481,3.2135009765625E-05
0.120147705078125,26.2904929336229,3.21319580078125E-05
0.120147705078125,26.3004929335976,3.21044921875E-05
0.1201171875,26.3104929335724,3.212890625E-05
0.120086669921875,26.3204929335471,3.2098388671875E-05
0.12005615234375,26.3304929335219,3.21075439453125E-05
0.1201171875,26.3404929334966,3.21044921875E-05
0.120147705078125,26.3504929334714,3.20770263671875E-05
0.1201171875,26.3604929334462,3.21044921875E-05
0.120025634765625,26.3704929334209,3.2073974609375E-05
0.120147705078125,26.3804929333957,3.2073974609375E-05
0.12005615234375,26.3904929333704,3.2080078125E-05
0.120086669921875,26.4004929333452,3.2049560546875E-05
0.12005615234375,26.4104929333199,3.2073974609375E-05
0.120086669921875,26.4204929332947,3.20526123046875E-05
0.120086669921875,26.4304929332694,3.204345703125E-05
0.12005615234375,26.4404929332442,3.2049560546875E-05
0.1201171875,26.4504929332189,3.20220947265625E-05
0.120086669921875,26.4604929331937,3.2049560546875E-05
0.1199951171875,26.4704929331684,3.201904296875E-05
0.120086669921875,26.4804929331432,3.2025146484375E-05
0.120025634765625,26.4904929331179,3.20220947265625E-05
0.120147705078125,26.5004929330927,3.2000732421875E-05
0.120147705078125,26.5104929330674,3.20220947265625E-05
0.12005615234375,26.5204929330422,3.20068359375E-05
0.120086669921875,26.5304929330169,3.19976806640625E-05
0.1201171875,26.5404929329917,3.20098876953125E-05
0.120086669921875,26.5504929329664,3.19732666015625E-05
0.1199951171875,26.5604929329412,3.19976806640625E-05
0.1201171875,26.570492932916,3.1976318359375E-05
0.120086669921875,26.5804929328907,3.19793701171875E-05
0.1201171875,26.5904929328655,3.1976318359375E-05
0.12005615234375,26.6004929328402,3.19427490234375E-05
0.120025634765625,26.610492932815,3.19671630859375E-05
0.120025634765625,26.6204929327897,3.1951904296875E-05
0.1201171875,26.6304929327645,3.19488525390625E-05
0.1201171875,26.6404929327392,3.194580078125E-05
0.120086669921875,26.650492932714,3.192138671875E-05
0.120086669921875,26.6604929326887,3.1939697265625E-05
0.12005615234375,26.6704929326635,3.1915283203125E-05
0.1201171875,26.6804929326382,3.19244384765625E-05
0.120086669921875,26.690492932613,3.19183349609375E-05
0.120086669921875,26.7004929325877,3.1890869140625E-05
0.1201171875,26.7104929325625,3.19244384765625E-05
0.12005615234375,26.7204929325372,3.189697265625E-05
0.12005615234375,26.730492932512,3.19000244140625E-05
0.120086669921875,26.7404929324867,3.19000244140625E-05
0.12005615234375,26.7504929324615,3.1866455078125E-05
0.1201171875,26.7604929324363,3.19000244140625E-05
0.120086669921875,26.770492932411,3.18695068359375E-05
0.120086669921875,26.7804929323858,3.18695068359375E-05
0.1201171875,26.7904929323605,3.187255859375E-05
0.120086669921875,26.8004929323353,3.18572998046875E-05
0.1201171875,26.81049293231,3.18817138671875E-05
0.120086669921875,26.8204929322848,3.18511962890625E-05
0.120086669921875,26.8304929322595,3.184814453125E-05
0.12005615234375,26.8404929322343,3.184814453125E-05
0.120086669921875,26.850492932209,3.18206787109375E-05
0.120086669921875,26.8604929321838,3.18572998046875E-05
0.12005615234375,26.8704929321585,3.18206787109375E-05
0.120147705078125,26.8804929321333,3.1829833984375E-05
0.120086669921875,26.890492932108,3.18389892578125E-05
0.120086669921875,26.9004929320828,3.17962646484375E-05
0.1201171875,26.9104929320575,3.18206787109375E-05
0.120086669921875,26.9204929320323,3.1805419921875E-05
0.120147705078125,26.930492932007,3.179931640625E-05
0.1201171875,26.9404929319818,3.18023681640625E-05
0.120086669921875,26.9504929319565,3.17779541015625E-05
0.120086669921875,26.9604929319313,3.179931640625E-05
0.1201171875,26.9704929319061,3.1768798828125E-05
0.120086669921875,26.9804929318808,3.177490234375E-05
0.12005615234375,26.9904929318556,3.1768798828125E-05
0.12005615234375,27.0004929318303,3.17474365234375E-05
0.1201171875,27.0104929318051,3.1768798828125E-05
0.12005615234375,27.0204929317798,3.175048828125E-05
0.120086669921875,27.0304929317546,3.175048828125E-05
0.12005615234375,27.0404929317293,3.17535400390625E-05
0.120025634765625,27.0504929317041,3.1719970703125E-05
0.120086669921875,27.0604929316788,3.17474365234375E-05
0.12005615234375,27.0704929316536,3.17138671875E-05
0.120025634765625,27.0804929316283,3.1707763671875E-05
0.1201171875,27.0904929316031,3.17230224609375E-05
0.120086669921875,27.1004929315778,3.1695556640625E-05
0.120086669921875,27.1104929315526,3.1719970703125E-05
0.12005615234375,27.1204929315273,3.1695556640625E-05
0.1201171875,27.1304929315021,3.1695556640625E-05
0.12005615234375,27.1404929314768,3.1695556640625E-05
0.1201171875,27.1504929314516,3.16741943359375E-05
0.12005615234375,27.1604929314263,3.1689453125E-05
0.12005615234375,27.1704929314011,3.1671142578125E-05
0.120086669921875,27.1804929313759,3.16650390625E-05
0.120086669921875,27.1904929313506,3.167724609375E-05
0.12005615234375,27.2004929313254,3.16558837890625E-05
0.120025634765625,27.2104929313001,3.1671142578125E-05
0.120086669921875,27.2204929312749,3.1646728515625E-05
0.1201171875,27.2304929312496,3.165283203125E-05
0.1201171875,27.2404929312244,3.1658935546875E-05
0.12005615234375,27.2504929311991,3.1622314453125E-05
0.12005615234375,27.2604929311739,3.1640625E-05
0.120025634765625,27.2704929311486,3.16131591796875E-05
0.120025634765625,27.2804929311234,3.16253662109375E-05
0.120086669921875,27.2904929310981,3.16375732421875E-05
0.12005615234375,27.3004929310729,3.160400390625E-05
0.120147705078125,27.3104929310476,3.16314697265625E-05
0.12005615234375,27.3204929310224,3.16009521484375E-05
0.120086669921875,27.3304929309971,3.15948486328125E-05
0.120086669921875,27.3404929309719,3.160400390625E-05
0.1201171875,27.3504929309466,3.157958984375E-05
0.12005615234375,27.3604929309214,3.16070556640625E-05
0.12005615234375,27.3704929308961,3.15826416015625E-05
0.12005615234375,27.3804929308709,3.1573486328125E-05
0.12005615234375,27.3904929308457,3.157958984375E-05
0.120086669921875,27.4004929308204,3.155517578125E-05
0.120147705078125,27.4104929307952,3.15887451171875E-05
0.12005615234375,27.4204929307699,3.1549072265625E-05
0.120147705078125,27.4304929307447,3.155517578125E-05
0.120086669921875,27.4404929307194,3.1561279296875E-05
0.120025634765625,27.4504929306942,3.15338134765625E-05
0.120086669921875,27.4604929306689,3.1561279296875E-05
0.12005615234375,27.4704929306437,3.1536865234375E-05
0.120086669921875,27.4804929306184,3.15338134765625E-05
0.120086669921875,27.4904929305932,3.15338134765625E-05
0.120086669921875,27.5004929305679,3.15185546875E-05
0.12005615234375,27.5104929305427,3.15399169921875E-05
0.1199951171875,27.5204929305174,3.15032958984375E-05
0.12005615234375,27.5304929304922,3.15032958984375E-05
0.120086669921875,27.5404929304669,3.1512451171875E-05
0.12005615234375,27.5504929304417,3.14971923828125E-05
0.12005615234375,27.5604929304164,3.15185546875E-05
0.120025634765625,27.5704929303912,3.1488037109375E-05
0.12005615234375,27.5804929303659,3.14849853515625E-05
0.120086669921875,27.5904929303407,3.1488037109375E-05
0.120086669921875,27.6004929303155,3.145751953125E-05
0.120147705078125,27.6104929302902,3.14849853515625E-05
0.120086669921875,27.620492930265,3.14544677734375E-05
0.120086669921875,27.6304929302397,3.14544677734375E-05
0.120086669921875,27.6404929302145,3.14666748046875E-05
0.12005615234375,27.6504929301892,3.14422607421875E-05
0.12017822265625,27.660492930164,3.14727783203125E-05
0.12005615234375,27.6704929301387,3.1439208984375E-05
0.120025634765625,27.6804929301135,3.14483642578125E-05
0.1201171875,27.6904929300882,3.14422607421875E-05
0.1201171875,27.700492930063,3.14178466796875E-05
0.120147705078125,27.7104929300377,3.14422607421875E-05
0.120086669921875,27.7204929300125,3.14117431640625E-05
0.120147705078125,27.7304929299872,3.14117431640625E-05
0.120086669921875,27.740492929962,3.14178466796875E-05
0.1201171875,27.7504929299367,3.1396484375E-05
0.120147705078125,27.7604929299115,3.14208984375E-05
0.12005615234375,27.7704929298862,3.1396484375E-05
0.1201171875,27.780492929861,3.13934326171875E-05
0.1201171875,27.7904929298358,3.14056396484375E-05
0.120086669921875,27.8004929298105,3.13720703125E-05
0.12017822265625,27.8104929297853,3.1402587890625E-05
0.1201171875,27.82049292976,3.13720703125E-05
0.120025634765625,27.8304929297348,3.13720703125E-05
0.120086669921875,27.8404929297095,3.13751220703125E-05
0.1201171875,27.8504929296843,3.1353759765625E-05
0.1201171875,27.860492929659,3.13720703125E-05
0.12005615234375,27.8704929296338,3.134765625E-05
0.120147705078125,27.8804929296085,3.1353759765625E-05
0.120086669921875,27.8904929295833,3.135986328125E-05
0.1201171875,27.900492929558,3.1329345703125E-05
0.120086669921875,27.9104929295328,3.13568115234375E-05
0.120086669921875,27.9204929295075,3.13232421875E-05
0.1201171875,27.9304929294823,3.13323974609375E-05
0.120086669921875,27.940492929457,3.13385009765625E-05
0.12005615234375,27.9504929294318,3.1304931640625E-05
0.120025634765625,27.9604929294065,3.13262939453125E-05
0.120025634765625,27.9704929293813,3.13018798828125E-05
0.1201171875,27.980492929356,3.13018798828125E-05
0.1201171875,27.9904929293308,3.13140869140625E-05
0.1201171875,28.0004929293056,3.12835693359375E-05
0.120147705078125,28.0104929292803,3.131103515625E-05
0.120086669921875,28.0204929292551,3.12835693359375E-05
0.120086669921875,28.0304929292298,3.12774658203125E-05
0.1201171875,28.0404929292046,3.12835693359375E-05
0.12017822265625,28.0504929291793,3.126220703125E-05
0.120086669921875,28.0604929291541,3.12774658203125E-05
0.120086669921875,28.0704929291288,3.12591552734375E-05
0.120086669921875,28.0804929291036,3.12530517578125E-05
0.1201171875,28.0904929290783,3.126220703125E-05
0.120147705078125,28.1004929290531,3.123779296875E-05
0.1201171875,28.1104929290278,3.12591552734375E-05
0.120086669921875,28.1204929290026,3.123779296875E-05
0.120147705078125,28.1304929289773,3.1243896484375E-05
0.120147705078125,28.1404929289521,3.125E-05
0.1201171875,28.1504929289268,3.12164306640625E-05
0.120086669921875,28.1604929289016,3.12408447265625E-05
0.12005615234375,28.1704929288763,3.1219482421875E-05
0.120086669921875,28.1804929288511,3.12103271484375E-05
0.1201171875,28.1904929288258,3.1231689453125E-05
0.120086669921875,28.2004929288006,3.11981201171875E-05
0.1201171875,28.2104929287754,3.12225341796875E-05
0.1201171875,28.2204929287501,3.1201171875E-05
0.120086669921875,28.2304929287249,3.11920166015625E-05
0.1201171875,28.2404929286996,3.11981201171875E-05
0.12005615234375,28.2504929286744,3.11767578125E-05
0.120025634765625,28.2604929286491,3.1201171875E-05
0.12005615234375,28.2704929286239,3.11798095703125E-05
0.120025634765625,28.2804929285986,3.11798095703125E-05
0.12005615234375,28.2904929285734,3.118896484375E-05
0.1199951171875,28.3004929285481,3.115234375E-05
0.1201171875,28.3104929285229,3.11676025390625E-05
0.120086669921875,28.3204929284976,3.11431884765625E-05
0.120025634765625,28.3304929284724,3.1146240234375E-05
0.1201171875,28.3404929284471,3.11553955078125E-05
0.120025634765625,28.3504929284219,3.11309814453125E-05
0.1201171875,28.3604929283966,3.11492919921875E-05
0.120086669921875,28.3704929283714,3.11309814453125E-05
0.12005615234375,28.3804929283461,3.11370849609375E-05
0.1201171875,28.3904929283209,3.11370849609375E-05
0.120025634765625,28.4004929282956,3.1109619140625E-05
0.120086669921875,28.4104929282704,3.11370849609375E-05
0.120147705078125,28.4204929282452,3.11065673828125E-05
0.1201171875,28.4304929282199,3.11004638671875E-05
0.120086669921875,28.4404929281947,3.11126708984375E-05
0.1201171875,28.4504929281694,3.1085205078125E-05
0.1201171875,28.4604929281442,3.1103515625E-05
0.1199951171875,28.4704929281189,3.10791015625E-05
0.1201171875,28.4804929280937,3.1085205078125E-05
0.1199951171875,28.4904929280684,3.109130859375E-05
0.1201171875,28.5004929280432,3.10699462890625E-05
0.120025634765625,28.5104929280179,3.1085205078125E-05
0.120086669921875,28.5204929279927,3.10638427734375E-05
0.120086669921875,28.5304929279674,3.10760498046875E-05
0.1201171875,28.5404929279422,3.1072998046875E-05
0.1201171875,28.5504929279169,3.1048583984375E-05
0.12017822265625,28.5604929278917,3.106689453125E-05
0.12005615234375,28.5704929278664,3.1036376953125E-05
0.120086669921875,28.5804929278412,3.10394287109375E-05
0.120025634765625,28.5904929278159,3.10394287109375E-05
0.120086669921875,28.6004929277907,3.101806640625E-05
0.120086669921875,28.6104929277654,3.10455322265625E-05
0.120025634765625,28.6204929277402,3.101806640625E-05
0.120086669921875,28.630492927715,3.10150146484375E-05
0.120086669921875,28.6404929276897,3.10272216796875E-05
0.1201171875,28.6504929276645,3.1005859375E-05
0.12005615234375,28.6604929276392,3.1024169921875E-05
0.1199951171875,28.670492927614,3.0999755859375E-05
0.1201171875,28.6804929275887,3.0987548828125E-05
0.120086669921875,28.6904929275635,3.1005859375E-05
0.120086669921875,28.7004929275382,3.0975341796875E-05
0.120025634765625,28.710492927513,3.1005859375E-05
0.120086669921875,28.7204929274877,3.0975341796875E-05
0.120025634765625,28.7304929274625,3.0975341796875E-05
0.12005615234375,28.7404929274372,3.099365234375E-05
0.12005615234375,28.750492927412,3.095703125E-05
0.12005615234375,28.7604929273867,3.09783935546875E-05
0.12005615234375,28.7704929273615,3.095703125E-05
0.1201171875,28.7804929273362,3.09539794921875E-05
0.120025634765625,28.790492927311,3.09600830078125E-05
0.12005615234375,28.8004929272857,3.0938720703125E-05
0.120086669921875,28.8104929272605,3.09600830078125E-05
0.1201171875,28.8204929272353,3.09356689453125E-05
0.1201171875,28.83049292721,3.09356689453125E-05
0.120086669921875,28.8404929271848,3.094482421875E-05
0.120025634765625,28.8504929271595,3.0908203125E-05
0.120086669921875,28.8604929271343,3.0938720703125E-05
0.12005615234375,28.870492927109,3.09112548828125E-05
0.120086669921875,28.8804929270838,3.0902099609375E-05
0.120086669921875,28.8904929270585,3.09234619140625E-05
0.12005615234375,28.9004929270333,3.089599609375E-05
0.12005615234375,28.910492927008,3.092041015625E-05
0.1199951171875,28.9204929269828,3.0889892578125E-05
0.1201171875,28.9304929269575,3.089599609375E-05
0.12005615234375,28.9404929269323,3.089599609375E-05
0.120086669921875,28.950492926907,3.0877685546875E-05
0.120025634765625,28.9604929268818,3.0902099609375E-05
0.120025634765625,28.9704929268565,3.08746337890625E-05
0.12005615234375,28.9804929268313,3.0877685546875E-05
0.120086669921875,28.990492926806,3.08746337890625E-05
0.1199951171875,29.0004929267808,3.0853271484375E-05
0.12005615234375,29.0104929267555,3.08807373046875E-05
0.12005615234375,29.0204929267303,3.084716796875E-05
0.120086669921875,29.0304929267051,3.08502197265625E-05
0.120086669921875,29.0404929266798,3.08685302734375E-05
0.12005615234375,29.0504929266546,3.08380126953125E-05
0.120086669921875,29.0604929266293,3.08624267578125E-05
0.120025634765625,29.0704929266041,3.08380126953125E-05
0.120025634765625,29.0804929265788,3.08349609375E-05
0.120025634765625,29.0904929265536,3.08380126953125E-05
0.1201171875,29.1004929265283,3.0816650390625E-05
0.120086669921875,29.1104929265031,3.08349609375E-05
0.12005615234375,29.1204929264778,3.08197021484375E-05
0.12005615234375,29.1304929264526,3.08135986328125E-05
0.12005615234375,29.1404929264273,3.082275390625E-05
0.120086669921875,29.1504929264021,3.07952880859375E-05
0.120086669921875,29.1604929263768,3.08258056640625E-05
0.1199951171875,29.1704929263516,3.08013916015625E-05
0.12017822265625,29.1804929263263,3.07861328125E-05
0.12005615234375,29.1904929263011,3.08013916015625E-05
0.120086669921875,29.2004929262758,3.077392578125E-05
0.1201171875,29.2104929262506,3.08013916015625E-05
0.1199951171875,29.2204929262253,3.0780029296875E-05
0.120025634765625,29.2304929262001,3.0767822265625E-05
0.12005615234375,29.2404929261749,3.07952880859375E-05
0.120147705078125,29.2504929261496,3.0755615234375E-05
0.1199951171875,29.2604929261244,3.07861328125E-05
0.120086669921875,29.2704929260991,3.07525634765625E-05
0.120086669921875,29.2804929260739,3.0755615234375E-05
0.120025634765625,29.2904929260486,3.07647705078125E-05
0.120086669921875,29.3004929260234,3.07373046875E-05
0.12005615234375,29.3104929259981,3.07647705078125E-05
0.120025634765625,29.3204929259729,3.07373046875E-05
0.1201171875,29.3304929259476,3.0743408203125E-05
0.120086669921875,29.3404929259224,3.07525634765625E-05
0.12005615234375,29.3504929258971,3.0712890625E-05
0.120025634765625,29.3604929258719,3.07464599609375E-05
0.120086669921875,29.3704929258466,3.0718994140625E-05
0.120086669921875,29.3804929258214,3.07220458984375E-05
0.120086669921875,29.3904929257961,3.07281494140625E-05
0.1201171875,29.4004929257709,3.0712890625E-05
0.120025634765625,29.4104929257456,3.0718994140625E-05
0.1201171875,29.4204929257204,3.06976318359375E-05
0.120147705078125,29.4304929256951,3.0694580078125E-05
0.1201171875,29.4404929256699,3.0712890625E-05
0.120147705078125,29.4504929256447,3.0682373046875E-05
0.120025634765625,29.4604929256194,3.0694580078125E-05
0.120025634765625,29.4704929255942,3.06793212890625E-05
0.12005615234375,29.4804929255689,3.067626953125E-05
0.120086669921875,29.4904929255437,3.0682373046875E-05
0.120086669921875,29.5004929255184,3.06549072265625E-05
0.120086669921875,29.5104929254932,3.06793212890625E-05
0.120086669921875,29.5204929254679,3.065185546875E-05
0.12017822265625,29.5304929254427,3.065185546875E-05
0.12005615234375,29.5404929254174,3.06610107421875E-05
0.12005615234375,29.5504929253922,3.062744140625E-05
0.12005615234375,29.5604929253669,3.06640625E-05
0.12005615234375,29.5704929253417,3.0633544921875E-05
0.12005615234375,29.5804929253164,3.06365966796875E-05
0.120086669921875,29.5904929252912,3.06396484375E-05
0.120147705078125,29.6004929252659,3.06121826171875E-05
0.120086669921875,29.6104929252407,3.06396484375E-05
0.12005615234375,29.6204929252154,3.0621337890625E-05
0.1199951171875,29.6304929251902,3.06243896484375E-05
0.120086669921875,29.6404929251649,3.06304931640625E-05
0.12005615234375,29.6504929251397,3.06060791015625E-05
0.120086669921875,29.6604929251145,3.062744140625E-05
0.120147705078125,29.6704929250892,3.05938720703125E-05
0.120086669921875,29.680492925064,3.05999755859375E-05
0.1201171875,29.6904929250387,3.060302734375E-05
0.120086669921875,29.7004929250135,3.05755615234375E-05
0.119964599609375,29.7104929249882,3.0615234375E-05
0.1199951171875,29.720492924963,3.05816650390625E-05
0.120086669921875,29.7304929249377,3.05908203125E-05
0.1201171875,29.7404929249125,3.0584716796875E-05
0.12005615234375,29.7504929248872,3.0560302734375E-05
0.120025634765625,29.760492924862,3.05877685546875E-05
0.12005615234375,29.7704929248367,3.055419921875E-05
0.120025634765625,29.7804929248115,3.0560302734375E-05
0.120086669921875,29.7904929247862,3.05633544921875E-05
0.1201171875,29.800492924761,3.05450439453125E-05
0.120086669921875,29.8104929247357,3.05694580078125E-05
0.120086669921875,29.8204929247105,3.05419921875E-05
0.1201171875,29.8304929246852,3.055419921875E-05
0.120025634765625,29.84049292466,3.05450439453125E-05
0.120025634765625,29.8504929246348,3.05267333984375E-05
0.120086669921875,29.8604929246095,3.05511474609375E-05
0.1201171875,29.8704929245843,3.052978515625E-05
0.120086669921875,29.880492924559,3.05267333984375E-05
0.120086669921875,29.8904929245338,3.05389404296875E-05
0.12005615234375,29.9004929245085,3.050537109375E-05
0.12005615234375,29.9104929244833,3.05267333984375E-05
0.12005615234375,29.920492924458,3.050537109375E-05
0.120025634765625,29.9304929244328,3.05023193359375E-05
0.120086669921875,29.9404929244075,3.05206298828125E-05
0.120086669921875,29.9504929243823,3.0499267578125E-05
0.120086669921875,29.960492924357,3.05206298828125E-05
0.120086669921875,29.9704929243318,3.04901123046875E-05
0.120086669921875,29.9804929243065,3.04901123046875E-05
0.120147705078125,29.9904929242813,3.0499267578125E-05
0.1201171875,30.000492924256,3.0474853515625E-05
0.120025634765625,30.0104929242308,3.05023193359375E-05
0.120086669921875,30.0204929242055,3.04779052734375E-05
0.1201171875,30.0304929241803,3.04718017578125E-05
0.12005615234375,30.040492924155,3.04779052734375E-05
0.12005615234375,30.0504929241298,3.04473876953125E-05
0.12005615234375,30.0604929241046,3.04840087890625E-05
0.1201171875,30.0704929240793,3.04443359375E-05
0.120086669921875,30.0804929240541,3.0450439453125E-05
0.120086669921875,30.0904929240288,3.04656982421875E-05
0.1201171875,30.1004929240036,3.04290771484375E-05
0.12005615234375,30.1104929239783,3.04534912109375E-05
0.1201171875,30.1204929239531,3.04229736328125E-05
0.120147705078125,30.1304929239278,3.043212890625E-05
0.12005615234375,30.1404929239026,3.04443359375E-05
0.12005615234375,30.1504929238773,3.04107666015625E-05
0.1201171875,30.1604929238521,3.04443359375E-05
0.120025634765625,30.1704929238268,3.04168701171875E-05
0.12005615234375,30.1804929238016,3.0419921875E-05
0.12005615234375,30.1904929237763,3.04168701171875E-05
0.1201171875,30.2004929237511,3.0401611328125E-05
0.120147705078125,30.2104929237258,3.04168701171875E-05
0.1201171875,30.2204929237006,3.03955078125E-05
0.120086669921875,30.2304929236753,3.0401611328125E-05
0.120086669921875,30.2404929236501,3.03955078125E-05
0.120086669921875,30.2504929236248,3.038330078125E-05
0.1201171875,30.2604929235996,3.040771484375E-05
0.1201171875,30.2704929235744,3.0389404296875E-05
0.120025634765625,30.2804929235491,3.038330078125E-05
0.120025634765625,30.2904929235239,3.0389404296875E-05
0.120086669921875,30.3004929234986,3.0364990234375E-05
0.12005615234375,30.3104929234734,3.03802490234375E-05
0.12017822265625,30.3204929234481,3.0352783203125E-05
0.120147705078125,30.3304929234229,3.0364990234375E-05
0.120086669921875,30.3404929233976,3.03619384765625E-05
0.120086669921875,30.3504929233724,3.03466796875E-05
0.120086669921875,30.3604929233471,3.03741455078125E-05
0.120147705078125,30.3704929233219,3.0352783203125E-05
0.1201171875,30.3804929232966,3.03466796875E-05
0.1201171875,30.3904929232714,3.035888671875E-05
0.120086669921875,30.4004929232461,3.033447265625E-05
0.120086669921875,30.4104929232209,3.0352783203125E-05
0.120147705078125,30.4204929231956,3.03192138671875E-05
0.1201171875,30.4304929231704,3.0328369140625E-05
0.120086669921875,30.4404929231451,3.03436279296875E-05
0.120147705078125,30.4504929231199,3.03070068359375E-05
0.120086669921875,30.4604929230946,3.033447265625E-05
0.1201171875,30.4704929230694,3.03009033203125E-05
0.120086669921875,30.4804929230442,3.03070068359375E-05
0.120086669921875,30.4904929230189,3.031005859375E-05
0.120025634765625,30.5004929229937,3.0291748046875E-05
0.120025634765625,30.5104929229684,3.0303955078125E-05
0.12005615234375,30.5204929229432,3.0291748046875E-05
0.120086669921875,30.5304929229179,3.02978515625E-05
0.120086669921875,30.5404929228927,3.02978515625E-05
0.1199951171875,30.5504929228674,3.02642822265625E-05
0.120025634765625,30.5604929228422,3.0291748046875E-05
0.120086669921875,30.5704929228169,3.0267333984375E-05
0.12005615234375,30.5804929227917,3.0267333984375E-05
0.120086669921875,30.5904929227664,3.02764892578125E-05
0.120086669921875,30.6004929227412,3.02459716796875E-05
0.120086669921875,30.6104929227159,3.0279541015625E-05
0.120086669921875,30.6204929226907,3.02490234375E-05
0.12005615234375,30.6304929226654,3.0255126953125E-05
0.120086669921875,30.6404929226402,3.026123046875E-05
0.12005615234375,30.6504929226149,3.02276611328125E-05
0.1199951171875,30.6604929225897,3.02581787109375E-05
0.120147705078125,30.6704929225644,3.02337646484375E-05
0.120086669921875,30.6804929225392,3.0230712890625E-05
0.1201171875,30.690492922514,3.023681640625E-05
0.1201171875,30.7004929224887,3.0218505859375E-05
0.1201171875,30.7104929224635,3.0242919921875E-05
0.120086669921875,30.7204929224382,3.021240234375E-05
0.120086669921875,30.730492922413,3.02154541015625E-05
0.12005615234375,30.7404929223877,3.0224609375E-05
0.120086669921875,30.7504929223625,3.02032470703125E-05
0.120025634765625,30.7604929223372,3.02276611328125E-05
0.120086669921875,30.770492922312,3.02001953125E-05
0.12017822265625,30.7804929222867,3.02032470703125E-05
0.12005615234375,30.7904929222615,3.0206298828125E-05
0.120086669921875,30.8004929222362,3.0181884765625E-05
0.11993408203125,30.810492922211,3.02032470703125E-05
0.120086669921875,30.8204929221857,3.017578125E-05
0.12005615234375,30.8304929221605,3.018798828125E-05
0.120086669921875,30.8404929221352,3.0194091796875E-05
0.12005615234375,30.85049292211,3.01788330078125E-05
0.120025634765625,30.8604929220847,3.0194091796875E-05
0.120025634765625,30.8704929220595,3.01666259765625E-05
0.120025634765625,30.8804929220343,3.01605224609375E-05
0.120086669921875,30.890492922009,3.01849365234375E-05
0.12005615234375,30.9004929219838,3.01483154296875E-05
0.12005615234375,30.9104929219585,3.017578125E-05
0.120086669921875,30.9204929219333,3.01483154296875E-05
0.120086669921875,30.930492921908,3.0157470703125E-05
0.1199951171875,30.9404929218828,3.01666259765625E-05
0.120025634765625,30.9504929218575,3.01361083984375E-05
0.120025634765625,30.9604929218323,3.01544189453125E-05
0.12005615234375,30.970492921807,3.0133056640625E-05
0.1201171875,30.9804929217818,3.01300048828125E-05
0.120025634765625,30.9904929217565,3.01300048828125E-05
0.120086669921875,31.0004929217313,3.01055908203125E-05
0.12005615234375,31.010492921706,3.0145263671875E-05
0.120086669921875,31.0204929216808,3.01116943359375E-05
0.1201171875,31.0304929216555,3.01116943359375E-05
0.120147705078125,31.0404929216303,3.01239013671875E-05
0.120086669921875,31.050492921605,3.00933837890625E-05
0.1199951171875,31.0604929215798,3.0120849609375E-05
0.12005615234375,31.0704929215545,3.00933837890625E-05
0.12005615234375,31.0804929215293,3.01055908203125E-05
0.120086669921875,31.0904929215041,3.01116943359375E-05
0.12005615234375,31.1004929214788,3.0084228515625E-05
0.120025634765625,31.1104929214536,3.011474609375E-05
0.120086669921875,31.1204929214283,3.00750732421875E-05
0.12005615234375,31.1304929214031,3.009033203125E-05
0.120147705078125,31.1404929213778,3.009033203125E-05
0.120147705078125,31.1504929213526,3.00628662109375E-05
0.120086669921875,31.1604929213273,3.00872802734375E-05
0.120147705078125,31.1704929213021,3.00689697265625E-05
0.12005615234375,31.1804929212768,3.006591796875E-05
0.12005615234375,31.1904929212516,3.00750732421875E-05
0.12005615234375,31.2004929212263,3.00445556640625E-05
0.12005615234375,31.2104929212011,3.0072021484375E-05
0.12005615234375,31.2204929211758,3.004150390625E-05
0.120086669921875,31.2304929211506,3.00506591796875E-05
0.12005615234375,31.2404929211253,3.00537109375E-05
0.120086669921875,31.2504929211001,3.00323486328125E-05
0.1199951171875,31.2604929210748,3.0059814453125E-05
0.1201171875,31.2704929210496,3.0029296875E-05
0.120147705078125,31.2804929210243,3.0035400390625E-05
0.1201171875,31.2904929209991,3.004150390625E-05
0.120086669921875,31.3004929209739,3.0010986328125E-05
0.120147705078125,31.3104929209486,3.004150390625E-05
0.1201171875,31.3204929209234,3.00048828125E-05
0.1201171875,31.3304929208981,3.001708984375E-05
0.120086669921875,31.3404929208729,3.00323486328125E-05
0.120086669921875,31.3504929208476,3.00018310546875E-05
0.1201171875,31.3604929208224,3.0023193359375E-05
0.1201171875,31.3704929207971,2.9986572265625E-05
0.1201171875,31.3804929207719,3.00018310546875E-05
0.12005615234375,31.3904929207466,3.00048828125E-05
0.120086669921875,31.4004929207214,2.99774169921875E-05
0.1199951171875,31.4104929206961,3.00079345703125E-05
0.1201171875,31.4204929206709,2.99774169921875E-05
0.120086669921875,31.4304929206456,2.998046875E-05
0.1201171875,31.4404929206204,2.99896240234375E-05
0.12005615234375,31.4504929205951,2.99713134765625E-05
0.1201171875,31.4604929205699,2.999267578125E-05
0.12005615234375,31.4704929205446,2.99591064453125E-05
0.120086669921875,31.4804929205194,2.99713134765625E-05
0.12005615234375,31.4904929204941,2.9974365234375E-05
0.1201171875,31.5004929204689,2.994384765625E-05
0.12005615234375,31.5104929204437,2.996826171875E-05
0.120086669921875,31.5204929204184,2.994384765625E-05
0.1201171875,31.5304929203932,2.99530029296875E-05
0.120147705078125,31.5404929203679,2.99530029296875E-05
0.120025634765625,31.5504929203427,2.99407958984375E-05
0.120025634765625,31.5604929203174,2.99591064453125E-05
0.1201171875,31.5704929202922,2.9925537109375E-05
0.1201171875,31.5804929202669,2.9937744140625E-05
0.120025634765625,31.5904929202417,2.994384765625E-05
0.120086669921875,31.6004929202164,2.99072265625E-05
0.12005615234375,31.6104929201912,2.99530029296875E-05
0.12005615234375,31.6204929201659,2.99102783203125E-05
0.1201171875,31.6304929201407,2.9913330078125E-05
0.120086669921875,31.6404929201154,2.99224853515625E-05
0.120025634765625,31.6504929200902,2.98980712890625E-05
0.1199951171875,31.6604929200649,2.99346923828125E-05
0.120147705078125,31.6704929200397,2.989501953125E-05
0.1201171875,31.6804929200144,2.9901123046875E-05
0.120147705078125,31.6904929199892,2.9901123046875E-05
0.120025634765625,31.7004929199639,2.9888916015625E-05
0.12005615234375,31.7104929199387,2.99072265625E-05
0.120147705078125,31.7204929199135,2.98736572265625E-05
0.1201171875,31.7304929198882,2.98858642578125E-05
0.1199951171875,31.740492919863,2.98919677734375E-05
0.12005615234375,31.7504929198377,2.987060546875E-05
0.120147705078125,31.7604929198125,2.989501953125E-05
0.120086669921875,31.7704929197872,2.98614501953125E-05
0.1201171875,31.780492919762,2.98675537109375E-05
0.1199951171875,31.7904929197367,2.98828125E-05
0.120025634765625,31.8004929197115,2.98583984375E-05
0.120147705078125,31.8104929196862,2.9876708984375E-05
0.120086669921875,31.820492919661,2.984619140625E-05
0.120025634765625,31.8304929196357,2.98553466796875E-05
0.12005615234375,31.8404929196105,2.98614501953125E-05
0.120086669921875,31.8504929195852,2.9840087890625E-05
0.12005615234375,31.86049291956,2.98583984375E-05
0.120086669921875,31.8704929195347,2.98309326171875E-05
0.1201171875,31.8804929195095,2.984619140625E-05
0.120086669921875,31.8904929194842,2.9852294921875E-05
0.120086669921875,31.900492919459,2.982177734375E-05
0.1201171875,31.9104929194338,2.984619140625E-05
0.12005615234375,31.9204929194085,2.98248291015625E-05
0.120086669921875,31.9304929193833,2.9827880859375E-05
0.120086669921875,31.940492919358,2.98309326171875E-05
0.120086669921875,31.9504929193328,2.9803466796875E-05
0.120086669921875,31.9604929193075,2.9827880859375E-05
0.1201171875,31.9704929192823,2.979736328125E-05
0.1201171875,31.980492919257,2.98095703125E-05
0.12005615234375,31.9904929192318,2.98187255859375E-05
0.12005615234375,32.0004929192065,2.978515625E-05
0.120086669921875,32.0104929191813,2.98095703125E-05
0.120086669921875,32.020492919156,2.97882080078125E-05
0.120086669921875,32.0304929191308,2.9791259765625E-05
0.1201171875,32.0404929191055,2.98004150390625E-05
0.12017822265625,32.0504929190803,2.97760009765625E-05
0.12005615234375,32.060492919055,2.9791259765625E-05
0.120147705078125,32.0704929190298,2.97698974609375E-05
0.12005615234375,32.0804929190045,2.977294921875E-05
0.12005615234375,32.0904929189793,2.978515625E-05
0.120147705078125,32.100492918954,2.97576904296875E-05
0.12005615234375,32.1104929189288,2.97821044921875E-05
0.120025634765625,32.1204929189036,2.974853515625E-05
0.12005615234375,32.1304929188783,2.97637939453125E-05
0.120086669921875,32.1404929188531,2.97698974609375E-05
0.120025634765625,32.1504929188278,2.9742431640625E-05
0.120025634765625,32.1604929188026,2.97698974609375E-05
0.120086669921875,32.1704929187773,2.97454833984375E-05
0.1201171875,32.1804929187521,2.97393798828125E-05
0.120086669921875,32.1904929187268,2.974853515625E-05
0.120147705078125,32.2004929187016,2.9730224609375E-05
0.120025634765625,32.2104929186763,2.97576904296875E-05
0.120086669921875,32.2204929186511,2.9730224609375E-05
0.12005615234375,32.2304929186258,2.9730224609375E-05
0.120086669921875,32.2404929186006,2.9730224609375E-05
0.120086669921875,32.2504929185753,2.97210693359375E-05
0.1199951171875,32.2604929185501,2.9736328125E-05
0.1201171875,32.2704929185248,2.97088623046875E-05
0.12005615234375,32.2804929184996,2.97149658203125E-05
0.120086669921875,32.2904929184743,2.972412109375E-05
0.12005615234375,32.3004929184491,2.9705810546875E-05
0.1201171875,32.3104929184238,2.972412109375E-05
0.1201171875,32.3204929183986,2.96905517578125E-05
0.1201171875,32.3304929183734,2.9693603515625E-05
0.120086669921875,32.3404929183481,2.97149658203125E-05
0.1201171875,32.3504929183229,2.9681396484375E-05
0.1201171875,32.3604929182976,2.9705810546875E-05
0.120086669921875,32.3704929182724,2.96783447265625E-05
0.120208740234375,32.3804929182471,2.96875E-05
0.12005615234375,32.3904929182219,2.96905517578125E-05
0.120086669921875,32.4004929181966,2.9669189453125E-05
0.1199951171875,32.4104929181714,2.9693603515625E-05
0.120086669921875,32.4204929181461,2.96600341796875E-05
0.120086669921875,32.4304929181209,2.9669189453125E-05
0.120025634765625,32.4404929180956,2.96783447265625E-05
0.120025634765625,32.4504929180704,2.9656982421875E-05
0.120086669921875,32.4604929180451,2.96722412109375E-05
0.1201171875,32.4704929180199,2.9656982421875E-05
0.12005615234375,32.4804929179946,2.9656982421875E-05
0.1201171875,32.4904929179694,2.96630859375E-05
0.120086669921875,32.5004929179441,2.96478271484375E-05
0.120086669921875,32.5104929179189,2.9669189453125E-05
0.120147705078125,32.5204929178936,2.96417236328125E-05
0.120086669921875,32.5304929178684,2.96417236328125E-05
0.12005615234375,32.5404929178432,2.965087890625E-05
0.12005615234375,32.5504929178179,2.96295166015625E-05
0.119964599609375,32.5604929177927,2.9644775390625E-05
0.1201171875,32.5704929177674,2.96173095703125E-05
0.12005615234375,32.5804929177422,2.9638671875E-05
0.120086669921875,32.5904929177169,2.9638671875E-05
0.1201171875,32.6004929176917,2.96112060546875E-05
0.12005615234375,32.6104929176664,2.9638671875E-05
0.12005615234375,32.6204929176412,2.960205078125E-05
0.120086669921875,32.6304929176159,2.96142578125E-05
0.12005615234375,32.6404929175907,2.96173095703125E-05
0.1201171875,32.6504929175654,2.9595947265625E-05
0.12005615234375,32.6604929175402,2.962646484375E-05
0.120025634765625,32.6704929175149,2.95928955078125E-05
0.120086669921875,32.6804929174897,2.960205078125E-05
0.1201171875,32.6904929174644,2.96112060546875E-05
0.12005615234375,32.7004929174392,2.9583740234375E-05
0.12005615234375,32.7104929174139,2.96112060546875E-05
0.120147705078125,32.7204929173887,2.95745849609375E-05
0.12005615234375,32.7304929173634,2.95806884765625E-05
0.120025634765625,32.7404929173382,2.958984375E-05
0.120086669921875,32.750492917313,2.95654296875E-05
0.120086669921875,32.7604929172877,2.95928955078125E-05
0.120086669921875,32.7704929172625,2.95654296875E-05
0.12005615234375,32.7804929172372,2.9571533203125E-05
0.120086669921875,32.790492917212,2.95745849609375E-05
0.12005615234375,32.8004929171867,2.955322265625E-05
0.120025634765625,32.8104929171615,2.95867919921875E-05
0.120147705078125,32.8204929171362,2.9559326171875E-05
0.120025634765625,32.830492917111,2.95562744140625E-05
0.120086669921875,32.8404929170857,2.95623779296875E-05
0.1201171875,32.8504929170605,2.95501708984375E-05
0.12005615234375,32.8604929170352,2.9559326171875E-05
0.1201171875,32.87049291701,2.952880859375E-05
0.1199951171875,32.8804929169847,2.95440673828125E-05
0.120025634765625,32.8904929169595,2.9547119140625E-05
0.120086669921875,32.9004929169342,2.9510498046875E-05
0.120086669921875,32.910492916909,2.95501708984375E-05
0.120086669921875,32.9204929168837,2.95196533203125E-05
0.120086669921875,32.9304929168585,2.952880859375E-05
0.1201171875,32.9404929168333,2.95379638671875E-05
0.12005615234375,32.950492916808,2.9510498046875E-05
0.120086669921875,32.9604929167828,2.952880859375E-05
0.120086669921875,32.9704929167575,2.95013427734375E-05
0.120086669921875,32.9804929167323,2.95135498046875E-05
0.120086669921875,32.990492916707,2.9522705078125E-05
0.120086669921875,33.0004929166818,2.94952392578125E-05
0.12005615234375,33.0104929166565,2.9522705078125E-05
0.120147705078125,33.0204929166313,2.9486083984375E-05
0.12005615234375,33.030492916606,2.9498291015625E-05
0.12005615234375,33.0404929165808,2.95074462890625E-05
0.120086669921875,33.0504929165555,2.94708251953125E-05
0.12005615234375,33.0604929165303,2.950439453125E-05
0.1201171875,33.070492916505,2.94769287109375E-05
0.1201171875,33.0804929164798,2.9486083984375E-05
0.1199951171875,33.0904929164545,2.94830322265625E-05
0.120025634765625,33.1004929164293,2.94708251953125E-05
0.12005615234375,33.110492916404,2.94891357421875E-05
0.120086669921875,33.1204929163788,2.9449462890625E-05
0.12005615234375,33.1304929163535,2.94647216796875E-05
0.1201171875,33.1404929163283,2.94708251953125E-05
0.12005615234375,33.1504929163031,2.9443359375E-05
0.1201171875,33.1604929162778,2.9473876953125E-05
0.120086669921875,33.1704929162526,2.9449462890625E-05
0.120086669921875,33.1804929162273,2.945556640625E-05
0.120086669921875,33.1904929162021,2.94647216796875E-05
0.120025634765625,33.2004929161768,2.94342041015625E-05
0.120086669921875,33.2104929161516,2.94586181640625E-05
0.1201171875,33.2204929161263,2.94281005859375E-05
0.1201171875,33.2304929161011,2.94403076171875E-05
0.12005615234375,33.2404929160758,2.94342041015625E-05
0.120025634765625,33.2504929160506,2.94189453125E-05
0.12005615234375,33.2604929160253,2.9443359375E-05
0.1201171875,33.2704929160001,2.94158935546875E-05
0.1201171875,33.2804929159748,2.94189453125E-05
0.12005615234375,33.2904929159496,2.943115234375E-05
0.120147705078125,33.3004929159243,2.94097900390625E-05
0.1201171875,33.3104929158991,2.943115234375E-05
0.120086669921875,33.3204929158738,2.940673828125E-05
0.12005615234375,33.3304929158486,2.940673828125E-05
0.120086669921875,33.3404929158233,2.9425048828125E-05
0.120147705078125,33.3504929157981,2.93975830078125E-05
0.1201171875,33.3604929157729,2.94158935546875E-05
0.120147705078125,33.3704929157476,2.938232421875E-05
0.120025634765625,33.3804929157224,2.9388427734375E-05
0.12005615234375,33.3904929156971,2.94036865234375E-05
0.1201171875,33.4004929156719,2.938232421875E-05
0.120086669921875,33.4104929156466,2.94097900390625E-05
0.120025634765625,33.4204929156214,2.93792724609375E-05
0.120086669921875,33.4304929155961,2.93853759765625E-05
0.12005615234375,33.4404929155709,2.94036865234375E-05
0.1201171875,33.4504929155456,2.9376220703125E-05
0.120025634765625,33.4604929155204,2.93975830078125E-05
0.1201171875,33.4704929154951,2.93670654296875E-05
0.1201171875,33.4804929154699,2.938232421875E-05
0.1201171875,33.4904929154446,2.9376220703125E-05
0.120025634765625,33.5004929154194,2.93548583984375E-05
0.12005615234375,33.5104929153941,2.93731689453125E-05
0.1201171875,33.5204929153689,2.9345703125E-05
0.1201171875,33.5304929153436,2.93609619140625E-05
0.120147705078125,33.5404929153184,2.93609619140625E-05
0.1199951171875,33.5504929152931,2.9339599609375E-05
0.12005615234375,33.5604929152679,2.93701171875E-05
0.12017822265625,33.5704929152427,2.9339599609375E-05
0.1201171875,33.5804929152174,2.93548583984375E-05
0.120086669921875,33.5904929151922,2.93487548828125E-05
0.120086669921875,33.6004929151669,2.93304443359375E-05
0.12005615234375,33.6104929151417,2.9351806640625E-05
0.120086669921875,33.6204929151164,2.93243408203125E-05
0.1201171875,33.6304929150912,2.93304443359375E-05
0.120086669921875,33.6404929150659,2.93426513671875E-05
0.120025634765625,33.6504929150407,2.930908203125E-05
0.120025634765625,33.6604929150154,2.93487548828125E-05
0.1201171875,33.6704929149902,2.930908203125E-05
0.1201171875,33.6804929149649,2.93121337890625E-05
0.1201171875,33.6904929149397,2.9315185546875E-05
0.120025634765625,33.7004929149144,2.9296875E-05
0.12005615234375,33.7104929148892,2.93243408203125E-05
0.1201171875,33.7204929148639,2.9302978515625E-05
0.12005615234375,33.7304929148387,2.93060302734375E-05
0.120147705078125,33.7404929148134,2.93060302734375E-05
0.12005615234375,33.7504929147882,2.9290771484375E-05
0.12005615234375,33.7604929147629,2.9315185546875E-05
0.120147705078125,33.7704929147377,2.9290771484375E-05
0.12005615234375,33.7804929147125,2.9290771484375E-05
0.1201171875,33.7904929146872,2.9302978515625E-05
0.120086669921875,33.800492914662,2.9278564453125E-05
0.120086669921875,33.8104929146367,2.9302978515625E-05
0.12005615234375,33.8204929146115,2.92816162109375E-05
0.12005615234375,33.8304929145862,2.928466796875E-05
0.119964599609375,33.840492914561,2.92938232421875E-05
0.120025634765625,33.8504929145357,2.92633056640625E-05
0.120086669921875,33.8604929145105,2.928466796875E-05
0.1201171875,33.8704929144852,2.9254150390625E-05
0.12005615234375,33.88049291446,2.92510986328125E-05
0.1201171875,33.8904929144347,2.9254150390625E-05
0.120086669921875,33.9004929144095,2.92388916015625E-05
0.120086669921875,33.9104929143842,2.926025390625E-05
0.12005615234375,33.920492914359,2.92449951171875E-05
0.120086669921875,33.9304929143337,2.9254150390625E-05
0.12005615234375,33.9404929143085,2.92694091796875E-05
0.120086669921875,33.9504929142832,2.9229736328125E-05
0.120086669921875,33.960492914258,2.92633056640625E-05
0.120025634765625,33.9704929142328,2.92266845703125E-05
0.120086669921875,33.9804929142075,2.9241943359375E-05
0.12005615234375,33.9904929141823,2.92449951171875E-05
0.120025634765625,34.000492914157,2.92144775390625E-05
0.120086669921875,34.0104929141318,2.92449951171875E-05
0.120086669921875,34.0204929141065,2.92144775390625E-05
0.12005615234375,34.0304929140813,2.92236328125E-05
0.120086669921875,34.040492914056,2.923583984375E-05
0.1199951171875,34.0504929140308,2.92083740234375E-05
0.120025634765625,34.0604929140055,2.92327880859375E-05
0.1201171875,34.0704929139803,2.92022705078125E-05
0.1201171875,34.080492913955,2.9217529296875E-05
0.12005615234375,34.0904929139298,2.92266845703125E-05
0.120025634765625,34.1004929139045,2.919921875E-05
0.1201171875,34.1104929138793,2.92327880859375E-05
0.120086669921875,34.120492913854,2.919921875E-05
0.1201171875,34.1304929138288,2.92083740234375E-05
0.120025634765625,34.1404929138035,2.92083740234375E-05
0.120147705078125,34.1504929137783,2.91839599609375E-05
0.12005615234375,34.160492913753,2.921142578125E-05
0.120086669921875,34.1704929137278,2.9180908203125E-05
0.120086669921875,34.1804929137026,2.91900634765625E-05
0.120086669921875,34.1904929136773,2.91900634765625E-05
0.120025634765625,34.2004929136521,2.91656494140625E-05
0.120147705078125,34.2104929136268,2.919921875E-05
0.1201171875,34.2204929136016,2.91717529296875E-05
0.12005615234375,34.2304929135763,2.91839599609375E-05
0.12005615234375,34.2404929135511,2.91778564453125E-05
0.1199951171875,34.2504929135258,2.916259765625E-05
0.1201171875,34.2604929135006,2.918701171875E-05
0.1201171875,34.2704929134753,2.9150390625E-05
0.120086669921875,34.2804929134501,2.91595458984375E-05
0.12005615234375,34.2904929134248,2.91778564453125E-05
0.120025634765625,34.3004929133996,2.91473388671875E-05
0.120086669921875,34.3104929133743,2.9168701171875E-05
0.120086669921875,34.3204929133491,2.913818359375E-05
0.120025634765625,34.3304929133238,2.91473388671875E-05
0.120086669921875,34.3404929132986,2.9156494140625E-05
0.1201171875,34.3504929132733,2.91290283203125E-05
0.120086669921875,34.3604929132481,2.91595458984375E-05
0.12005615234375,34.3704929132228,2.91229248046875E-05
0.1201171875,34.3804929131976,2.91290283203125E-05
0.12005615234375,34.3904929131724,2.91351318359375E-05
0.12005615234375,34.4004929131471,2.91229248046875E-05
0.120086669921875,34.4104929131219,2.91412353515625E-05
0.1201171875,34.4204929130966,2.911376953125E-05
0.12005615234375,34.4304929130714,2.91290283203125E-05
0.12005615234375,34.4404929130461,2.9132080078125E-05
0.12005615234375,34.4504929130209,2.911376953125E-05
0.120086669921875,34.4604929129956,2.9132080078125E-05
0.120025634765625,34.4704929129704,2.9095458984375E-05
0.120086669921875,34.4804929129451,2.91046142578125E-05
0.120147705078125,34.4904929129199,2.91168212890625E-05
0.1199951171875,34.5004929128946,2.90924072265625E-05
0.12005615234375,34.5104929128694,2.9119873046875E-05
0.12005615234375,34.5204929128441,2.9095458984375E-05
0.12005615234375,34.5304929128189,2.91107177734375E-05
0.1201171875,34.5404929127936,2.9107666015625E-05
0.120086669921875,34.5504929127684,2.9083251953125E-05
0.120147705078125,34.5604929127431,2.91046142578125E-05
0.1201171875,34.5704929127179,2.90771484375E-05
0.12005615234375,34.5804929126926,2.908935546875E-05
0.1201171875,34.5904929126674,2.908935546875E-05
0.1201171875,34.6004929126422,2.906494140625E-05
0.1201171875,34.6104929126169,2.9095458984375E-05
0.120086669921875,34.6204929125917,2.9071044921875E-05
0.120147705078125,34.6304929125664,2.90802001953125E-05
0.120086669921875,34.6404929125412,2.90771484375E-05
0.12005615234375,34.6504929125159,2.90496826171875E-05
0.120086669921875,34.6604929124907,2.90802001953125E-05
0.12005615234375,34.6704929124654,2.9046630859375E-05
0.120086669921875,34.6804929124402,2.9058837890625E-05
0.1201171875,34.6904929124149,2.90618896484375E-05
0.120086669921875,34.7004929123897,2.90496826171875E-05
0.12005615234375,34.7104929123644,2.90771484375E-05
0.120147705078125,34.7204929123392,2.90435791015625E-05
0.1201171875,34.7304929123139,2.90557861328125E-05
0.120025634765625,34.7404929122887,2.904052734375E-05
0.12005615234375,34.7504929122634,2.90313720703125E-05
0.120147705078125,34.7604929122382,2.9058837890625E-05
0.12005615234375,34.7704929122129,2.90252685546875E-05
0.120086669921875,34.7804929121877,2.9034423828125E-05
0.12005615234375,34.7904929121624,2.90496826171875E-05
0.120025634765625,34.8004929121372,2.901611328125E-05
0.120086669921875,34.810492912112,2.9046630859375E-05
0.120147705078125,34.8204929120867,2.90191650390625E-05
0.120086669921875,34.8304929120615,2.90252685546875E-05
0.12005615234375,34.8404929120362,2.90313720703125E-05
0.1199951171875,34.850492912011,2.90069580078125E-05
0.120086669921875,34.8604929119857,2.90283203125E-05
0.1201171875,34.8704929119605,2.90008544921875E-05
0.120086669921875,34.8804929119352,2.90130615234375E-05
0.120086669921875,34.89049291191,2.9022216796875E-05
0.120147705078125,34.9004929118847,2.89886474609375E-05
0.12005615234375,34.9104929118595,2.901611328125E-05
0.12005615234375,34.9204929118342,2.89825439453125E-05
0.1201171875,34.930492911809,2.90008544921875E-05
0.120025634765625,34.9404929117837,2.90069580078125E-05
0.12005615234375,34.9504929117585,2.89825439453125E-05
0.120086669921875,34.9604929117332,2.9010009765625E-05
0.12005615234375,34.970492911708,2.8985595703125E-05
0.12005615234375,34.9804929116827,2.89947509765625E-05
0.12005615234375,34.9904929116575,2.899169921875E-05
0.12005615234375,35.0004929116323,2.8973388671875E-05
0.1199951171875,35.010492911607,2.899169921875E-05
0.1201171875,35.0204929115818,2.8955078125E-05
0.120086669921875,35.0304929115565,2.89764404296875E-05
0.120086669921875,35.0404929115313,2.8985595703125E-05
0.120025634765625,35.050492911506,2.89642333984375E-05
0.120086669921875,35.0604929114808,2.89947509765625E-05
0.1201171875,35.0704929114555,2.8961181640625E-05
0.12005615234375,35.0804929114303,2.89794921875E-05
0.120025634765625,35.090492911405,2.89794921875E-05
0.1201171875,35.1004929113798,2.8948974609375E-05
0.1201171875,35.1104929113545,2.8973388671875E-05
0.1201171875,35.1204929113293,2.89276123046875E-05
0.12005615234375,35.130492911304,2.89398193359375E-05
0.120086669921875,35.1404929112788,2.8955078125E-05
0.12005615234375,35.1504929112535,2.89337158203125E-05
0.120086669921875,35.1604929112283,2.896728515625E-05
0.1199951171875,35.170492911203,2.89398193359375E-05
0.120086669921875,35.1804929111778,2.8961181640625E-05
0.120086669921875,35.1904929111525,2.89581298828125E-05
0.120025634765625,35.2004929111273,2.89337158203125E-05
0.120147705078125,35.2104929111021,2.8948974609375E-05
0.120147705078125,35.2204929110768,2.89215087890625E-05
0.1201171875,35.2304929110516,2.891845703125E-05
0.120025634765625,35.2404929110263,2.89306640625E-05
0.120086669921875,35.2504929110011,2.89154052734375E-05
0.120025634765625,35.2604929109758,2.89459228515625E-05
0.1201171875,35.2704929109506,2.89154052734375E-05
0.1201171875,35.2804929109253,2.89215087890625E-05
0.120025634765625,35.2904929109001,2.89276123046875E-05
0.12005615234375,35.3004929108748,2.89031982421875E-05
0.12005615234375,35.3104929108496,2.89337158203125E-05
0.12005615234375,35.3204929108243,2.89031982421875E-05
0.120086669921875,35.3304929107991,2.891845703125E-05
0.12005615234375,35.3404929107738,2.89215087890625E-05
0.12005615234375,35.3504929107486,2.8887939453125E-05
0.120147705078125,35.3604929107233,2.890625E-05
0.120086669921875,35.3704929106981,2.88818359375E-05
0.1201171875,35.3804929106728,2.8887939453125E-05
0.12005615234375,35.3904929106476,2.889404296875E-05
0.1199951171875,35.4004929106223,2.8875732421875E-05
0.120147705078125,35.4104929105971,2.89093017578125E-05
0.120025634765625,35.4204929105719,2.8887939453125E-05
0.120025634765625,35.4304929105466,2.88970947265625E-05
0.120086669921875,35.4404929105214,2.8900146484375E-05
0.1199951171875,35.4504929104961,2.8875732421875E-05
0.1201171875,35.4604929104709,2.88970947265625E-05
0.12005615234375,35.4704929104456,2.88665771484375E-05
0.12005615234375,35.4804929104204,2.8863525390625E-05
0.120147705078125,35.4904929103951,2.886962890625E-05
0.120086669921875,35.5004929103699,2.8857421875E-05
0.120025634765625,35.5104929103446,2.88848876953125E-05
0.120086669921875,35.5204929103194,2.88543701171875E-05
0.120025634765625,35.5304929102941,2.886962890625E-05
0.120086669921875,35.5404929102689,2.88726806640625E-05
0.12005615234375,35.5504929102436,2.8839111328125E-05
0.120086669921875,35.5604929102184,2.886962890625E-05
0.1201171875,35.5704929101931,2.88421630859375E-05
0.12005615234375,35.5804929101679,2.88482666015625E-05
0.120086669921875,35.5904929101426,2.88543701171875E-05
0.120025634765625,35.6004929101174,2.8839111328125E-05
0.120025634765625,35.6104929100921,2.8851318359375E-05
0.12005615234375,35.6204929100669,2.8826904296875E-05
0.12005615234375,35.6304929100417,2.88360595703125E-05
0.12005615234375,35.6404929100164,2.884521484375E-05
0.12005615234375,35.6504929099912,2.88238525390625E-05
0.1201171875,35.6604929099659,2.88482666015625E-05
0.120086669921875,35.6704929099407,2.88177490234375E-05
0.12005615234375,35.6804929099154,2.8826904296875E-05
0.1201171875,35.6904929098902,2.88330078125E-05
0.12017822265625,35.7004929098649,2.880859375E-05
0.120025634765625,35.7104929098397,2.88299560546875E-05
0.120025634765625,35.7204929098144,2.88055419921875E-05
0.120086669921875,35.7304929097892,2.8814697265625E-05
0.1201171875,35.7404929097639,2.8826904296875E-05
0.120086669921875,35.7504929097387,2.87994384765625E-05
0.120025634765625,35.7604929097134,2.882080078125E-05
0.12005615234375,35.7704929096882,2.87933349609375E-05
0.12005615234375,35.7804929096629,2.87933349609375E-05
0.120086669921875,35.7904929096377,2.88055419921875E-05
0.12005615234375,35.8004929096124,2.87841796875E-05
0.12005615234375,35.8104929095872,2.880859375E-05
