WE(1).Potential (V),Time (s),WE(1).Current (A)
0.080657958984375,5.85950098520618,1E-05
0.080657958984375,5.86950098518093,0.0001
0.0799560546875,5.87950098515569,0.000230133056640625
0.079986572265625,5.88950098513044,0.000219970703125
0.079925537109375,5.89950098510519,0.00021142578125
0.080078125,5.90950098507994,0.000204345703125
0.080047607421875,5.9195009850547,0.000198211669921875
0.079986572265625,5.92950098502945,0.000192657470703125
0.08001708984375,5.9395009850042,0.0001876220703125
0.079986572265625,5.94950098497895,0.000183258056640625
0.079986572265625,5.95950098495371,0.0001790771484375
0.08001708984375,5.96950098492846,0.000175445556640625
0.0799560546875,5.97950098490321,0.00017193603515625
0.08001708984375,5.98950098487796,0.000168731689453125
0.08001708984375,5.99950098485272,0.000165679931640625
0.079986572265625,6.00950098482747,0.000162811279296875
0.08001708984375,6.01950098480222,0.000160064697265625
0.08001708984375,6.02950098477697,0.000157684326171875
0.079986572265625,6.03950098475173,0.000155242919921875
0.080047607421875,6.04950098472648,0.000153045654296875
0.079986572265625,6.05950098470123,0.00015087890625
0.079986572265625,6.06950098467598,0.000148773193359375
0.079925537109375,6.07950098465074,0.000146759033203125
0.07989501953125,6.08950098462549,0.000144989013671875
0.079925537109375,6.09950098460024,0.0001431884765625
0.08001708984375,6.10950098457499,0.00014141845703125
0.080047607421875,6.11950098454975,0.000139862060546875
0.079986572265625,6.1295009845245,0.000138397216796875
0.0799560546875,6.13950098449925,0.000136749267578125
0.0799560546875,6.149500984474,0.000135284423828125
0.080047607421875,6.15950098444875,0.0001337890625
0.080047607421875,6.16950098442351,0.000132476806640625
0.08001708984375,6.17950098439826,0.000131195068359375
0.079986572265625,6.18950098437301,0.0001298828125
0.0799560546875,6.19950098434776,0.000128570556640625
0.079925537109375,6.20950098432252,0.00012738037109375
0.079925537109375,6.21950098429727,0.000126312255859375
0.080047607421875,6.22950098427202,0.0001251220703125
0.0799560546875,6.23950098424677,0.000123931884765625
0.0799560546875,6.24950098422153,0.00012298583984375
0.0799560546875,6.25950098419628,0.000121856689453125
0.08001708984375,6.26950098417103,0.000120849609375
0.08001708984375,6.27950098414578,0.000119842529296875
0.080047607421875,6.28950098412054,0.000118896484375
0.079986572265625,6.29950098409529,0.00011798095703125
0.079925537109375,6.30950098407004,0.00011700439453125
0.079986572265625,6.31950098404479,0.000116180419921875
0.0799560546875,6.32950098401955,0.0001153564453125
0.07989501953125,6.3395009839943,0.00011444091796875
0.079925537109375,6.34950098396905,0.00011370849609375
0.079986572265625,6.3595009839438,0.000112823486328125
0.0799560546875,6.36950098391856,0.000112060546875
0.079986572265625,6.37950098389331,0.000111175537109375
0.0799560546875,6.38950098386806,0.000110565185546875
0.079925537109375,6.39950098384281,0.000109771728515625
0.079986572265625,6.40950098381757,0.000109039306640625
0.079925537109375,6.41950098379232,0.000108306884765625
0.079925537109375,6.42950098376707,0.000107666015625
0.07989501953125,6.43950098374182,0.000107025146484375
0.0799560546875,6.44950098371658,0.0001063232421875
0.07989501953125,6.45950098369133,0.000105682373046875
0.079986572265625,6.46950098366608,0.00010504150390625
0.0799560546875,6.47950098364083,0.000104339599609375
0.0799560546875,6.48950098361559,0.000103668212890625
0.079925537109375,6.49950098359034,0.0001031494140625
0.0799560546875,6.50950098356509,0.000102447509765625
0.079986572265625,6.51950098353984,0.0001019287109375
0.0799560546875,6.52950098351459,0.00010137939453125
0.079986572265625,6.53950098348935,0.000100921630859375
0.079925537109375,6.5495009834641,0.00010028076171875
0.08001708984375,6.55950098343885,9.979248046875E-05
0.079925537109375,6.5695009834136,9.9212646484375E-05
0.079986572265625,6.57950098338836,9.869384765625E-05
0.0799560546875,6.58950098336311,9.8052978515625E-05
0.0799560546875,6.59950098333786,9.765625E-05
0.079925537109375,6.60950098331261,9.7137451171875E-05
0.0799560546875,6.61950098328737,9.6649169921875E-05
0.0799560546875,6.62950098326212,9.613037109375E-05
0.0799560546875,6.63950098323687,9.5794677734375E-05
0.0799560546875,6.64950098321162,9.521484375E-05
0.07989501953125,6.65950098318638,9.47265625E-05
0.07989501953125,6.66950098316113,9.429931640625E-05
0.079925537109375,6.67950098313588,9.38720703125E-05
0.079986572265625,6.68950098311063,9.33837890625E-05
0.0799560546875,6.69950098308539,9.28955078125E-05
0.079925537109375,6.70950098306014,9.2498779296875E-05
0.079925537109375,6.71950098303489,9.2193603515625E-05
0.0799560546875,6.72950098300964,9.1705322265625E-05
0.07989501953125,6.7395009829844,9.1278076171875E-05
0.0799560546875,6.74950098295915,9.0972900390625E-05
0.079986572265625,6.7595009829339,9.063720703125E-05
0.079986572265625,6.76950098290865,9.0087890625E-05
0.079925537109375,6.77950098288341,8.97216796875E-05
0.079925537109375,6.78950098285816,8.9385986328125E-05
0.0799560546875,6.79950098283291,8.892822265625E-05
0.0799560546875,6.80950098280766,8.8623046875E-05
0.079925537109375,6.81950098278242,8.8226318359375E-05
0.0799560546875,6.82950098275717,8.782958984375E-05
0.07989501953125,6.83950098273192,8.758544921875E-05
0.0799560546875,6.84950098270667,8.7127685546875E-05
0.079925537109375,6.85950098268142,8.697509765625E-05
0.079925537109375,6.86950098265618,8.65478515625E-05
0.0799560546875,6.87950098263093,8.6090087890625E-05
0.0799560546875,6.88950098260568,8.5906982421875E-05
0.07989501953125,6.89950098258043,8.5540771484375E-05
0.079925537109375,6.90950098255519,8.5235595703125E-05
0.079925537109375,6.91950098252994,8.4869384765625E-05
0.0799560546875,6.92950098250469,8.441162109375E-05
0.0799560546875,6.93950098247944,8.4228515625E-05
0.0799560546875,6.9495009824542,8.38623046875E-05
0.0799560546875,6.95950098242895,8.36181640625E-05
0.079925537109375,6.9695009824037,8.3251953125E-05
0.0799560546875,6.97950098237845,8.2855224609375E-05
0.07989501953125,6.98950098235321,8.270263671875E-05
0.0799560546875,6.99950098232796,8.2366943359375E-05
0.079986572265625,7.00950098230271,8.2000732421875E-05
0.079925537109375,7.01950098227746,8.1695556640625E-05
0.07989501953125,7.02950098225222,8.154296875E-05
0.07989501953125,7.03950098222697,8.1268310546875E-05
0.079986572265625,7.04950098220172,8.0902099609375E-05
0.079986572265625,7.05950098217647,8.0596923828125E-05
0.0799560546875,7.06950098215123,8.0352783203125E-05
0.079864501953125,7.07950098212598,8.013916015625E-05
0.079864501953125,7.08950098210073,7.9803466796875E-05
0.07989501953125,7.09950098207548,7.9498291015625E-05
0.07989501953125,7.10950098205024,7.9254150390625E-05
0.0799560546875,7.11950098202499,7.904052734375E-05
0.079925537109375,7.12950098199974,7.87353515625E-05
0.079864501953125,7.13950098197449,7.84912109375E-05
0.079925537109375,7.14950098194925,7.818603515625E-05
0.079986572265625,7.159500981924,7.80029296875E-05
0.079925537109375,7.16950098189875,7.7728271484375E-05
0.07989501953125,7.1795009818735,7.7606201171875E-05
0.079864501953125,7.18950098184825,7.733154296875E-05
0.079864501953125,7.19950098182301,7.708740234375E-05
0.079925537109375,7.20950098179776,7.684326171875E-05
0.07989501953125,7.21950098177251,7.6568603515625E-05
0.0799560546875,7.22950098174726,7.6324462890625E-05
0.07989501953125,7.23950098172202,7.6202392578125E-05
0.079986572265625,7.24950098169677,7.586669921875E-05
0.079925537109375,7.25950098167152,7.568359375E-05
0.079925537109375,7.26950098164627,7.5531005859375E-05
0.0799560546875,7.27950098162103,7.513427734375E-05
0.079925537109375,7.28950098159578,7.501220703125E-05
0.0799560546875,7.29950098157053,7.470703125E-05
0.079925537109375,7.30950098154528,7.4615478515625E-05
0.07989501953125,7.31950098152004,7.440185546875E-05
0.079925537109375,7.32950098149479,7.40966796875E-05
0.079925537109375,7.33950098146954,7.3944091796875E-05
0.0799560546875,7.34950098144429,7.3699951171875E-05
0.079925537109375,7.35950098141905,7.3516845703125E-05
0.079925537109375,7.3695009813938,7.318115234375E-05
0.07989501953125,7.37950098136855,7.3089599609375E-05
0.079925537109375,7.3895009813433,7.293701171875E-05
0.079925537109375,7.39950098131806,7.2662353515625E-05
0.0799560546875,7.40950098129281,7.244873046875E-05
0.079925537109375,7.41950098126756,7.2296142578125E-05
0.07989501953125,7.42950098124231,7.2174072265625E-05
0.079925537109375,7.43950098121707,7.1929931640625E-05
0.0799560546875,7.44950098119182,7.1685791015625E-05
0.07989501953125,7.45950098116657,7.1533203125E-05
0.079986572265625,7.46950098114132,7.1380615234375E-05
0.079986572265625,7.47950098111608,7.1136474609375E-05
0.079925537109375,7.48950098109083,7.098388671875E-05
0.079986572265625,7.49950098106558,7.0709228515625E-05
0.079864501953125,7.50950098104033,7.0648193359375E-05
0.079986572265625,7.51950098101509,7.0465087890625E-05
0.07989501953125,7.52950098098984,7.03125E-05
0.079864501953125,7.53950098096459,7.0098876953125E-05
0.079925537109375,7.54950098093934,6.9915771484375E-05
0.079986572265625,7.55950098091409,6.982421875E-05
0.07989501953125,7.56950098088885,6.9549560546875E-05
0.07989501953125,7.5795009808636,6.93359375E-05
0.079925537109375,7.58950098083835,6.9091796875E-05
0.079925537109375,7.5995009808131,6.903076171875E-05
0.0799560546875,7.60950098078786,6.8878173828125E-05
0.0799560546875,7.61950098076261,6.8695068359375E-05
0.079864501953125,7.62950098073736,6.854248046875E-05
0.0799560546875,7.63950098071211,6.842041015625E-05
0.079986572265625,7.64950098068687,6.817626953125E-05
0.079864501953125,7.65950098066162,6.8145751953125E-05
0.079925537109375,7.66950098063637,6.7779541015625E-05
0.07989501953125,7.67950098061112,6.7779541015625E-05
0.079864501953125,7.68950098058588,6.7535400390625E-05
0.07989501953125,7.69950098056063,6.7352294921875E-05
0.07989501953125,7.70950098053538,6.7352294921875E-05
0.079925537109375,7.71950098051013,6.7138671875E-05
0.0799560546875,7.72950098048489,6.6864013671875E-05
0.079864501953125,7.73950098045964,6.67724609375E-05
0.079925537109375,7.74950098043439,6.6741943359375E-05
0.079925537109375,7.75950098040914,6.6436767578125E-05
0.0799560546875,7.7695009803839,6.6314697265625E-05
0.079925537109375,7.77950098035865,6.6192626953125E-05
0.079986572265625,7.7895009803334,6.610107421875E-05
0.0799560546875,7.79950098030815,6.5948486328125E-05
0.079925537109375,7.80950098028291,6.573486328125E-05
0.079833984375,7.81950098025766,6.5704345703125E-05
0.07989501953125,7.82950098023241,6.54296875E-05
0.079925537109375,7.83950098020716,6.53076171875E-05
0.079925537109375,7.84950098018192,6.5216064453125E-05
0.07989501953125,7.85950098015667,6.5032958984375E-05
0.079925537109375,7.86950098013142,6.494140625E-05
0.079986572265625,7.87950098010617,6.488037109375E-05
0.0799560546875,7.88950098008092,6.4697265625E-05
0.0799560546875,7.89950098005568,6.4453125E-05
0.079833984375,7.90950098003043,6.4300537109375E-05
0.0799560546875,7.91950098000518,6.43310546875E-05
0.079986572265625,7.92950097997993,6.4117431640625E-05
0.07989501953125,7.93950097995469,6.390380859375E-05
0.079925537109375,7.94950097992944,6.378173828125E-05
0.07989501953125,7.95950097990419,6.378173828125E-05
0.079986572265625,7.96950097987894,6.35986328125E-05
0.07989501953125,7.9795009798537,6.3323974609375E-05
0.079925537109375,7.98950097982845,6.3385009765625E-05
0.07989501953125,7.9995009798032,6.3232421875E-05
0.07989501953125,8.00950097977795,6.3018798828125E-05
0.079986572265625,8.01950097975271,6.304931640625E-05
0.079986572265625,8.02950097972746,6.280517578125E-05
0.079925537109375,8.03950097970221,6.2744140625E-05
0.079864501953125,8.04950097967696,6.2591552734375E-05
0.0799560546875,8.05950097965172,6.2469482421875E-05
0.079925537109375,8.06950097962647,6.2347412109375E-05
0.079925537109375,8.07950097960122,6.2164306640625E-05
0.07989501953125,8.08950097957597,6.2103271484375E-05
0.079986572265625,8.09950097955073,6.1920166015625E-05
0.079925537109375,8.10950097952548,6.1767578125E-05
0.079925537109375,8.11950097950023,6.170654296875E-05
0.07989501953125,8.12950097947498,6.1614990234375E-05
0.07989501953125,8.13950097944974,6.1492919921875E-05
0.07989501953125,8.14950097942449,6.1370849609375E-05
0.079925537109375,8.15950097939924,6.1309814453125E-05
0.079925537109375,8.16950097937399,6.11572265625E-05
0.079925537109375,8.17950097934875,6.097412109375E-05
0.0799560546875,8.1895009793235,6.09130859375E-05
0.079864501953125,8.19950097929825,6.085205078125E-05
0.0799560546875,8.209500979273,6.0791015625E-05
0.079864501953125,8.21950097924775,6.0546875E-05
0.079925537109375,8.22950097922251,6.0394287109375E-05
0.079925537109375,8.23950097919726,6.036376953125E-05
0.07989501953125,8.24950097917201,6.0211181640625E-05
0.07989501953125,8.25950097914676,6.011962890625E-05
0.079986572265625,8.26950097912152,6.0089111328125E-05
0.079925537109375,8.27950097909627,5.99365234375E-05
0.0799560546875,8.28950097907102,5.99365234375E-05
0.079925537109375,8.29950097904577,5.9783935546875E-05
0.079925537109375,8.30950097902053,5.9600830078125E-05
0.079925537109375,8.31950097899528,5.9478759765625E-05
0.079803466796875,8.32950097897003,5.9356689453125E-05
0.079925537109375,8.33950097894478,5.9356689453125E-05
0.079864501953125,8.34950097891954,5.9173583984375E-05
0.0799560546875,8.35950097889429,5.9051513671875E-05
0.079833984375,8.36950097886904,5.9051513671875E-05
0.079925537109375,8.37950097884379,5.889892578125E-05
0.079864501953125,8.38950097881855,5.8685302734375E-05
0.079925537109375,8.3995009787933,5.865478515625E-05
0.079833984375,8.40950097876805,5.8563232421875E-05
0.07989501953125,8.4195009787428,5.84716796875E-05
0.079925537109375,8.42950097871756,5.8319091796875E-05
0.07989501953125,8.43950097869231,5.8319091796875E-05
0.0799560546875,8.44950097866706,5.8074951171875E-05
0.0799560546875,8.45950097864181,5.816650390625E-05
0.079864501953125,8.46950097861657,5.7891845703125E-05
0.0799560546875,8.47950097859132,5.7830810546875E-05
0.079864501953125,8.48950097856607,5.7830810546875E-05
0.079925537109375,8.49950097854082,5.767822265625E-05
0.079986572265625,8.50950097851558,5.755615234375E-05
0.079925537109375,8.51950097849033,5.7464599609375E-05
0.07989501953125,8.52950097846508,5.7373046875E-05
0.079925537109375,8.53950097843983,5.7373046875E-05
0.079864501953125,8.54950097841459,5.731201171875E-05
0.0799560546875,8.55950097838934,5.7098388671875E-05
0.07989501953125,8.56950097836409,5.70068359375E-05
0.07989501953125,8.57950097833884,5.6976318359375E-05
0.0799560546875,8.58950097831359,5.6884765625E-05
0.0799560546875,8.59950097828835,5.682373046875E-05
0.0799560546875,8.6095009782631,5.6640625E-05
0.079864501953125,8.61950097823785,5.65185546875E-05
0.07989501953125,8.6295009782126,5.6488037109375E-05
0.079925537109375,8.63950097818736,5.65185546875E-05
0.079864501953125,8.64950097816211,5.6365966796875E-05
0.07989501953125,8.65950097813686,5.621337890625E-05
0.07989501953125,8.66950097811161,5.615234375E-05
0.07989501953125,8.67950097808637,5.6060791015625E-05
0.079925537109375,8.68950097806112,5.5877685546875E-05
0.079925537109375,8.69950097803587,5.5877685546875E-05
0.079925537109375,8.70950097801062,5.584716796875E-05
0.079986572265625,8.71950097798538,5.5755615234375E-05
0.0799560546875,8.72950097796013,5.5572509765625E-05
0.079925537109375,8.73950097793488,5.560302734375E-05
0.07989501953125,8.74950097790963,5.548095703125E-05
0.079925537109375,8.75950097788439,5.5389404296875E-05
0.07989501953125,8.76950097785914,5.535888671875E-05
0.07989501953125,8.77950097783389,5.5267333984375E-05
0.079925537109375,8.78950097780864,5.5145263671875E-05
0.079833984375,8.7995009777834,5.50537109375E-05
0.079803466796875,8.80950097775815,5.4962158203125E-05
0.079925537109375,8.8195009777329,5.4840087890625E-05
0.07989501953125,8.82950097770765,5.4779052734375E-05
0.079986572265625,8.83950097768241,5.46875E-05
0.079864501953125,8.84950097765716,5.462646484375E-05
0.07989501953125,8.85950097763191,5.4534912109375E-05
0.0799560546875,8.86950097760666,5.4595947265625E-05
0.07989501953125,8.87950097758142,5.438232421875E-05
0.079925537109375,8.88950097755617,5.438232421875E-05
0.0799560546875,8.89950097753092,5.4229736328125E-05
0.079925537109375,8.90950097750567,5.4229736328125E-05
0.07989501953125,8.91950097748042,5.40771484375E-05
0.079864501953125,8.92950097745518,5.389404296875E-05
0.0799560546875,8.93950097742993,5.401611328125E-05
0.079864501953125,8.94950097740468,5.3863525390625E-05
0.07989501953125,8.95950097737943,5.377197265625E-05
0.079925537109375,8.96950097735419,5.37109375E-05
0.079925537109375,8.97950097732894,5.3619384765625E-05
0.08001708984375,8.98950097730369,5.3558349609375E-05
0.079925537109375,8.99950097727844,5.352783203125E-05
0.079925537109375,9.0095009772532,5.340576171875E-05
0.079925537109375,9.01950097722795,5.340576171875E-05
0.079833984375,9.0295009772027,5.3253173828125E-05
0.0799560546875,9.03950097717745,5.3192138671875E-05
0.079864501953125,9.04950097715221,5.3070068359375E-05
0.07989501953125,9.05950097712696,5.31005859375E-05
0.079925537109375,9.06950097710171,5.3009033203125E-05
0.0799560546875,9.07950097707646,5.28564453125E-05
0.07989501953125,9.08950097705122,5.2825927734375E-05
0.0799560546875,9.09950097702597,5.279541015625E-05
0.079925537109375,9.10950097700072,5.2642822265625E-05
0.079986572265625,9.11950097697547,5.255126953125E-05
0.07989501953125,9.12950097695023,5.2520751953125E-05
0.07989501953125,9.13950097692498,5.255126953125E-05
0.079925537109375,9.14950097689973,5.242919921875E-05
0.07989501953125,9.15950097687448,5.2276611328125E-05
0.079925537109375,9.16950097684924,5.230712890625E-05
0.07989501953125,9.17950097682399,5.2154541015625E-05
0.079986572265625,9.18950097679874,5.2215576171875E-05
0.079925537109375,9.19950097677349,5.2032470703125E-05
0.07989501953125,9.20950097674825,5.2032470703125E-05
0.079925537109375,9.219500976723,5.194091796875E-05
0.07989501953125,9.22950097669775,5.181884765625E-05
0.079864501953125,9.2395009766725,5.1910400390625E-05
0.079925537109375,9.24950097664725,5.1788330078125E-05
0.079925537109375,9.25950097662201,5.169677734375E-05
0.0799560546875,9.26950097659676,5.1605224609375E-05
0.079833984375,9.27950097657151,5.157470703125E-05
0.079986572265625,9.28950097654626,5.157470703125E-05
0.079864501953125,9.29950097652102,5.1361083984375E-05
0.079925537109375,9.30950097649577,5.133056640625E-05
0.079925537109375,9.31950097647052,5.133056640625E-05
0.07989501953125,9.32950097644527,5.11474609375E-05
0.079925537109375,9.33950097642003,5.126953125E-05
0.079925537109375,9.34950097639478,5.0994873046875E-05
0.079986572265625,9.35950097636953,5.0994873046875E-05
0.079986572265625,9.36950097634428,5.1025390625E-05
0.079925537109375,9.37950097631904,5.0872802734375E-05
0.079925537109375,9.38950097629379,5.09033203125E-05
0.079864501953125,9.39950097626854,5.072021484375E-05
0.0799560546875,9.40950097624329,5.0689697265625E-05
0.079833984375,9.41950097621805,5.06591796875E-05
0.07989501953125,9.4295009761928,5.04150390625E-05
0.0799560546875,9.43950097616755,5.0567626953125E-05
0.0799560546875,9.4495009761423,5.047607421875E-05
0.07989501953125,9.45950097611706,5.0323486328125E-05
0.079986572265625,9.46950097609181,5.029296875E-05
0.079925537109375,9.47950097606656,5.0262451171875E-05
0.07989501953125,9.48950097604131,5.023193359375E-05
0.07989501953125,9.49950097601607,5.023193359375E-05
0.07989501953125,9.50950097599082,5.0048828125E-05
0.079864501953125,9.51950097596557,5.0079345703125E-05
0.0799560546875,9.52950097594032,5.0018310546875E-05
0.079864501953125,9.53950097591508,4.986572265625E-05
0.079864501953125,9.54950097588983,4.986572265625E-05
0.079925537109375,9.55950097586458,4.9774169921875E-05
0.079986572265625,9.56950097583933,4.9713134765625E-05
0.07989501953125,9.57950097581408,4.9652099609375E-05
0.08026123046875,9.58950097578884,4.967041015625E-05
0.080169677734375,9.59950097576359,4.95880126953125E-05
0.08026123046875,9.60950097573834,4.9554443359375E-05
0.0802001953125,9.61950097571309,4.95025634765625E-05
0.080291748046875,9.62950097568785,4.942626953125E-05
0.080230712890625,9.6395009756626,4.93988037109375E-05
0.08026123046875,9.64950097563735,4.9310302734375E-05
0.0802001953125,9.6595009756121,4.9273681640625E-05
0.080230712890625,9.66950097558686,4.92095947265625E-05
0.08026123046875,9.67950097556161,4.91424560546875E-05
0.080230712890625,9.68950097553636,4.910888671875E-05
0.0802001953125,9.69950097551111,4.901123046875E-05
0.08013916015625,9.70950097548587,4.89837646484375E-05
0.08026123046875,9.71950097546062,4.89227294921875E-05
0.080169677734375,9.72950097543537,4.88616943359375E-05
0.0802001953125,9.73950097541012,4.8828125E-05
0.080291748046875,9.74950097538488,4.8748779296875E-05
0.080169677734375,9.75950097535963,4.8712158203125E-05
0.080230712890625,9.76950097533438,4.86724853515625E-05
0.080230712890625,9.77950097530913,4.85870361328125E-05
0.080291748046875,9.78950097528389,4.8565673828125E-05
0.080291748046875,9.79950097525864,4.847412109375E-05
0.08026123046875,9.80950097523339,4.84405517578125E-05
0.0802001953125,9.81950097520814,4.8388671875E-05
0.0802001953125,9.8295009751829,4.83245849609375E-05
0.080230712890625,9.83950097515765,4.82940673828125E-05
0.0802001953125,9.8495009751324,4.8211669921875E-05
0.0802001953125,9.85950097510715,4.8175048828125E-05
0.0802001953125,9.86950097508191,4.813232421875E-05
0.080230712890625,9.87950097505666,4.80499267578125E-05
0.080230712890625,9.88950097503141,4.80255126953125E-05
0.080230712890625,9.89950097500616,4.7955322265625E-05
0.080230712890625,9.90950097498092,4.7918701171875E-05
0.080291748046875,9.91950097495567,4.786376953125E-05
0.0802001953125,9.92950097493042,4.7784423828125E-05
0.080230712890625,9.93950097490517,4.776611328125E-05
0.080291748046875,9.94950097487992,4.76959228515625E-05
0.080230712890625,9.95950097485468,4.76654052734375E-05
0.080230712890625,9.96950097482943,4.76043701171875E-05
0.080230712890625,9.97950097480418,4.7540283203125E-05
0.0802001953125,9.98950097477893,4.7515869140625E-05
0.080291748046875,9.99950097475369,4.74395751953125E-05
0.080291748046875,10.0095009747284,4.7412109375E-05
0.08013916015625,10.0195009747032,4.736328125E-05
0.080169677734375,10.0295009746779,4.72930908203125E-05
0.080230712890625,10.0395009746527,4.72564697265625E-05
0.080169677734375,10.0495009746274,4.71893310546875E-05
0.080230712890625,10.0595009746022,4.716796875E-05
0.0802001953125,10.069500974577,4.7119140625E-05
0.0802001953125,10.0795009745517,4.70611572265625E-05
0.0802001953125,10.0895009745265,4.7021484375E-05
0.08026123046875,10.0995009745012,4.69390869140625E-05
0.08013916015625,10.109500974476,4.6917724609375E-05
0.080169677734375,10.1195009744507,4.68719482421875E-05
0.080230712890625,10.1295009744255,4.6807861328125E-05
0.080230712890625,10.1395009744002,4.6783447265625E-05
0.08013916015625,10.149500974375,4.6710205078125E-05
0.080230712890625,10.1595009743497,4.66827392578125E-05
0.080230712890625,10.1695009743245,4.66217041015625E-05
0.080230712890625,10.1795009742992,4.65728759765625E-05
0.0802001953125,10.189500974274,4.65484619140625E-05
0.0802001953125,10.1995009742487,4.6466064453125E-05
0.080230712890625,10.2095009742235,4.6435546875E-05
0.080169677734375,10.2195009741982,4.63958740234375E-05
0.080108642578125,10.229500974173,4.63348388671875E-05
0.080230712890625,10.2395009741477,4.6319580078125E-05
0.080230712890625,10.2495009741225,4.62493896484375E-05
0.08026123046875,10.2595009740973,4.62158203125E-05
0.080230712890625,10.269500974072,4.6173095703125E-05
0.080230712890625,10.2795009740468,4.6112060546875E-05
0.080230712890625,10.2895009740215,4.6087646484375E-05
0.0802001953125,10.2995009739963,4.6014404296875E-05
0.080169677734375,10.309500973971,4.598388671875E-05
0.080230712890625,10.3195009739458,4.59503173828125E-05
0.080230712890625,10.3295009739205,4.588623046875E-05
0.08013916015625,10.3395009738953,4.5867919921875E-05
0.080230712890625,10.34950097387,4.5782470703125E-05
0.080230712890625,10.3595009738448,4.5758056640625E-05
0.080230712890625,10.3695009738195,4.57275390625E-05
0.080230712890625,10.3795009737943,4.566650390625E-05
0.08026123046875,10.389500973769,4.56512451171875E-05
0.0802001953125,10.3995009737438,4.556884765625E-05
0.080169677734375,10.4095009737185,4.5550537109375E-05
0.0802001953125,10.4195009736933,4.54986572265625E-05
0.080169677734375,10.429500973668,4.54376220703125E-05
0.0802001953125,10.4395009736428,4.54345703125E-05
0.0802001953125,10.4495009736175,4.53643798828125E-05
0.080169677734375,10.4595009735923,4.53216552734375E-05
0.08026123046875,10.4695009735671,4.5281982421875E-05
0.08026123046875,10.4795009735418,4.5233154296875E-05
0.08026123046875,10.4895009735166,4.52178955078125E-05
0.080169677734375,10.4995009734913,4.51446533203125E-05
0.080230712890625,10.5095009734661,4.51263427734375E-05
0.0802001953125,10.5195009734408,4.50775146484375E-05
0.0802001953125,10.5295009734156,4.50103759765625E-05
0.080108642578125,10.5395009733903,4.500732421875E-05
0.080230712890625,10.5495009733651,4.4921875E-05
0.0802001953125,10.5595009733398,4.4915771484375E-05
0.0802001953125,10.5695009733146,4.4866943359375E-05
0.080230712890625,10.5795009732893,4.48150634765625E-05
0.080230712890625,10.5895009732641,4.47967529296875E-05
0.0802001953125,10.5995009732388,4.4720458984375E-05
0.0802001953125,10.6095009732136,4.4708251953125E-05
0.080230712890625,10.6195009731883,4.4659423828125E-05
0.080291748046875,10.6295009731631,4.46136474609375E-05
0.0802001953125,10.6395009731378,4.45831298828125E-05
0.080169677734375,10.6495009731126,4.45281982421875E-05
0.080230712890625,10.6595009730873,4.44976806640625E-05
0.08013916015625,10.6695009730621,4.4476318359375E-05
0.08026123046875,10.6795009730369,4.44091796875E-05
0.08026123046875,10.6895009730116,4.4390869140625E-05
0.08026123046875,10.6995009729864,4.43206787109375E-05
0.0802001953125,10.7095009729611,4.4305419921875E-05
0.0802001953125,10.7195009729359,4.42657470703125E-05
0.0802001953125,10.7295009729106,4.4207763671875E-05
0.080230712890625,10.7395009728854,4.41925048828125E-05
0.080169677734375,10.7495009728601,4.41192626953125E-05
0.080169677734375,10.7595009728349,4.41070556640625E-05
0.080230712890625,10.7695009728096,4.40704345703125E-05
0.080230712890625,10.7795009727844,4.4012451171875E-05
0.080169677734375,10.7895009727591,4.40032958984375E-05
0.080230712890625,10.7995009727339,4.3939208984375E-05
0.0802001953125,10.8095009727086,4.3914794921875E-05
0.080291748046875,10.8195009726834,4.38751220703125E-05
0.080169677734375,10.8295009726581,4.38232421875E-05
0.080230712890625,10.8395009726329,4.38079833984375E-05
0.080230712890625,10.8495009726076,4.37408447265625E-05
0.08026123046875,10.8595009725824,4.3719482421875E-05
0.080169677734375,10.8695009725571,4.36798095703125E-05
0.080230712890625,10.8795009725319,4.36248779296875E-05
0.0802001953125,10.8895009725067,4.361572265625E-05
0.080169677734375,10.8995009724814,4.35455322265625E-05
0.080230712890625,10.9095009724562,4.35272216796875E-05
0.08013916015625,10.9195009724309,4.3499755859375E-05
0.08013916015625,10.9295009724057,4.34417724609375E-05
0.08013916015625,10.9395009723804,4.34326171875E-05
0.080169677734375,10.9495009723552,4.33624267578125E-05
0.080108642578125,10.9595009723299,4.33441162109375E-05
0.080108642578125,10.9695009723047,4.3310546875E-05
0.080169677734375,10.9795009722794,4.32647705078125E-05
0.080169677734375,10.9895009722542,4.324951171875E-05
0.080169677734375,10.9995009722289,4.31732177734375E-05
0.080169677734375,11.0095009722037,4.31671142578125E-05
0.0802001953125,11.0195009721784,4.31304931640625E-05
0.0802001953125,11.0295009721532,4.3084716796875E-05
0.0802001953125,11.0395009721279,4.30633544921875E-05
0.0802001953125,11.0495009721027,4.30023193359375E-05
0.080169677734375,11.0595009720774,4.29840087890625E-05
0.080169677734375,11.0695009720522,4.295654296875E-05
0.08026123046875,11.0795009720269,4.28924560546875E-05
0.080169677734375,11.0895009720017,4.28924560546875E-05
0.0802001953125,11.0995009719765,4.28314208984375E-05
0.080169677734375,11.1095009719512,4.281005859375E-05
0.0802001953125,11.119500971926,4.2779541015625E-05
0.080230712890625,11.1295009719007,4.271240234375E-05
0.08026123046875,11.1395009718755,4.27215576171875E-05
0.08013916015625,11.1495009718502,4.26544189453125E-05
0.0802001953125,11.159500971825,4.263916015625E-05
0.08013916015625,11.1695009717997,4.26025390625E-05
0.0802001953125,11.1795009717745,4.2547607421875E-05
0.0802001953125,11.1895009717492,4.25323486328125E-05
0.0802001953125,11.199500971724,4.24713134765625E-05
0.080169677734375,11.2095009716987,4.24591064453125E-05
0.080169677734375,11.2195009716735,4.24224853515625E-05
0.080230712890625,11.2295009716482,4.237060546875E-05
0.0802001953125,11.239500971623,4.23553466796875E-05
0.08013916015625,11.2495009715977,4.229736328125E-05
0.0802001953125,11.2595009715725,4.22882080078125E-05
0.080169677734375,11.2695009715472,4.22576904296875E-05
0.0802001953125,11.279500971522,4.21966552734375E-05
0.080169677734375,11.2895009714968,4.21966552734375E-05
0.08026123046875,11.2995009714715,4.21234130859375E-05
0.080169677734375,11.3095009714463,4.2108154296875E-05
0.08013916015625,11.319500971421,4.20806884765625E-05
0.08026123046875,11.3295009713958,4.20379638671875E-05
0.08013916015625,11.3395009713705,4.202880859375E-05
0.080230712890625,11.3495009713453,4.19677734375E-05
0.080108642578125,11.35950097132,4.19464111328125E-05
0.080230712890625,11.3695009712948,4.19189453125E-05
0.08013916015625,11.3795009712695,4.18701171875E-05
0.080169677734375,11.3895009712443,4.18548583984375E-05
0.080108642578125,11.399500971219,4.17999267578125E-05
0.080169677734375,11.4095009711938,4.17938232421875E-05
0.080169677734375,11.4195009711685,4.17572021484375E-05
0.08013916015625,11.4295009711433,4.171142578125E-05
0.0802001953125,11.439500971118,4.1693115234375E-05
0.080108642578125,11.4495009710928,4.1644287109375E-05
0.08013916015625,11.4595009710675,4.16290283203125E-05
0.080169677734375,11.4695009710423,4.15985107421875E-05
0.08013916015625,11.479500971017,4.1546630859375E-05
0.0802001953125,11.4895009709918,4.154052734375E-05
0.080169677734375,11.4995009709666,4.1485595703125E-05
0.0802001953125,11.5095009709413,4.1473388671875E-05
0.0802001953125,11.5195009709161,4.14459228515625E-05
0.080230712890625,11.5295009708908,4.13970947265625E-05
0.08013916015625,11.5395009708656,4.13848876953125E-05
0.080169677734375,11.5495009708403,4.1326904296875E-05
0.080169677734375,11.5595009708151,4.132080078125E-05
0.080169677734375,11.5695009707898,4.12750244140625E-05
0.0802001953125,11.5795009707646,4.12322998046875E-05
0.08013916015625,11.5895009707393,4.122314453125E-05
0.08013916015625,11.5995009707141,4.1168212890625E-05
0.08013916015625,11.6095009706888,4.11590576171875E-05
0.08013916015625,11.6195009706636,4.11163330078125E-05
0.0802001953125,11.6295009706383,4.107666015625E-05
0.080169677734375,11.6395009706131,4.107666015625E-05
0.080108642578125,11.6495009705878,4.100341796875E-05
0.080230712890625,11.6595009705626,4.09942626953125E-05
0.08013916015625,11.6695009705373,4.09698486328125E-05
0.08013916015625,11.6795009705121,4.0924072265625E-05
0.080169677734375,11.6895009704868,4.0924072265625E-05
0.080169677734375,11.6995009704616,4.08660888671875E-05
0.08013916015625,11.7095009704364,4.08538818359375E-05
0.080169677734375,11.7195009704111,4.0814208984375E-05
0.080108642578125,11.7295009703859,4.0777587890625E-05
0.080230712890625,11.7395009703606,4.0765380859375E-05
0.08013916015625,11.7495009703354,4.07135009765625E-05
0.0802001953125,11.7595009703101,4.06951904296875E-05
0.080169677734375,11.7695009702849,4.0667724609375E-05
0.08013916015625,11.7795009702596,4.0625E-05
0.08013916015625,11.7895009702344,4.0631103515625E-05
0.0802001953125,11.7995009702091,4.0570068359375E-05
0.0802001953125,11.8095009701839,4.05609130859375E-05
0.080169677734375,11.8195009701586,4.05181884765625E-05
0.080169677734375,11.8295009701334,4.0484619140625E-05
0.080169677734375,11.8395009701081,4.04754638671875E-05
0.08013916015625,11.8495009700829,4.04144287109375E-05
0.08013916015625,11.8595009700576,4.04083251953125E-05
0.080169677734375,11.8695009700324,4.03839111328125E-05
0.08013916015625,11.8795009700071,4.03350830078125E-05
0.0802001953125,11.8895009699819,4.03228759765625E-05
0.080108642578125,11.8995009699566,4.02679443359375E-05
0.0802001953125,11.9095009699314,4.02679443359375E-05
0.080169677734375,11.9195009699062,4.02374267578125E-05
0.0802001953125,11.9295009698809,4.01885986328125E-05
0.080108642578125,11.9395009698557,4.01885986328125E-05
0.080169677734375,11.9495009698304,4.012451171875E-05
0.080169677734375,11.9595009698052,4.012451171875E-05
0.080108642578125,11.9695009697799,4.00970458984375E-05
0.080169677734375,11.9795009697547,4.00543212890625E-05
0.08026123046875,11.9895009697294,4.0045166015625E-05
0.08013916015625,11.9995009697042,3.99871826171875E-05
0.08013916015625,12.0095009696789,3.9984130859375E-05
0.0802001953125,12.0195009696537,3.99566650390625E-05
0.080230712890625,12.0295009696284,3.9910888671875E-05
0.0802001953125,12.0395009696032,3.99169921875E-05
0.080108642578125,12.0495009695779,3.98468017578125E-05
0.0802001953125,12.0595009695527,3.984375E-05
0.0802001953125,12.0695009695274,3.98162841796875E-05
0.08013916015625,12.0795009695022,3.97705078125E-05
0.0802001953125,12.0895009694769,3.97613525390625E-05
0.0802001953125,12.0995009694517,3.97125244140625E-05
0.080169677734375,12.1095009694264,3.96942138671875E-05
0.08013916015625,12.1195009694012,3.96820068359375E-05
0.08013916015625,12.129500969376,3.9630126953125E-05
0.08013916015625,12.1395009693507,3.96240234375E-05
0.080108642578125,12.1495009693255,3.9581298828125E-05
0.08013916015625,12.1595009693002,3.95721435546875E-05
0.0802001953125,12.169500969275,3.953857421875E-05
0.080169677734375,12.1795009692497,3.94927978515625E-05
0.080108642578125,12.1895009692245,3.9495849609375E-05
0.08013916015625,12.1995009691992,3.94287109375E-05
0.080169677734375,12.209500969174,3.94439697265625E-05
0.08013916015625,12.2195009691487,3.94073486328125E-05
0.0802001953125,12.2295009691235,3.936767578125E-05
0.080108642578125,12.2395009690982,3.936767578125E-05
0.080078125,12.249500969073,3.92974853515625E-05
0.080169677734375,12.2595009690477,3.92913818359375E-05
0.0802001953125,12.2695009690225,3.9263916015625E-05
0.08013916015625,12.2795009689972,3.92333984375E-05
0.080169677734375,12.289500968972,3.9227294921875E-05
0.08013916015625,12.2995009689467,3.91571044921875E-05
0.080230712890625,12.3095009689215,3.917236328125E-05
0.080169677734375,12.3195009688963,3.91357421875E-05
0.080169677734375,12.329500968871,3.91082763671875E-05
0.08013916015625,12.3395009688458,3.91082763671875E-05
0.08013916015625,12.3495009688205,3.90594482421875E-05
0.080230712890625,12.3595009687953,3.90472412109375E-05
0.080169677734375,12.36950096877,3.9019775390625E-05
0.08013916015625,12.3795009687448,3.89739990234375E-05
0.08013916015625,12.3895009687195,3.89801025390625E-05
0.0802001953125,12.3995009686943,3.892822265625E-05
0.080169677734375,12.409500968669,3.89190673828125E-05
0.080108642578125,12.4195009686438,3.88885498046875E-05
0.080169677734375,12.4295009686185,3.885498046875E-05
0.080108642578125,12.4395009685933,3.885498046875E-05
0.08013916015625,12.449500968568,3.8800048828125E-05
0.080230712890625,12.4595009685428,3.87908935546875E-05
0.080169677734375,12.4695009685175,3.876953125E-05
0.080078125,12.4795009684923,3.87176513671875E-05
0.080230712890625,12.489500968467,3.873291015625E-05
0.08013916015625,12.4995009684418,3.8671875E-05
0.080169677734375,12.5095009684165,3.86688232421875E-05
0.08013916015625,12.5195009683913,3.86505126953125E-05
0.080169677734375,12.5295009683661,3.85955810546875E-05
0.08013916015625,12.5395009683408,3.85894775390625E-05
0.0802001953125,12.5495009683156,3.85467529296875E-05
0.080230712890625,12.5595009682903,3.85406494140625E-05
0.080078125,12.5695009682651,3.8525390625E-05
0.080078125,12.5795009682398,3.84796142578125E-05
0.08013916015625,12.5895009682146,3.84796142578125E-05
0.08026123046875,12.5995009681893,3.8421630859375E-05
0.08013916015625,12.6095009681641,3.84185791015625E-05
0.0802001953125,12.6195009681388,3.84002685546875E-05
0.080108642578125,12.6295009681136,3.83575439453125E-05
0.08013916015625,12.6395009680883,3.83575439453125E-05
0.08013916015625,12.6495009680631,3.83087158203125E-05
0.0802001953125,12.6595009680378,3.82904052734375E-05
0.080108642578125,12.6695009680126,3.8275146484375E-05
0.080230712890625,12.6795009679873,3.82354736328125E-05
0.08013916015625,12.6895009679621,3.82415771484375E-05
0.080169677734375,12.6995009679368,3.8189697265625E-05
0.080108642578125,12.7095009679116,3.818359375E-05
0.080169677734375,12.7195009678863,3.81683349609375E-05
0.0802001953125,12.7295009678611,3.81256103515625E-05
0.08013916015625,12.7395009678359,3.81195068359375E-05
0.08013916015625,12.7495009678106,3.8067626953125E-05
0.080169677734375,12.7595009677854,3.804931640625E-05
0.080169677734375,12.7695009677601,3.80401611328125E-05
0.080169677734375,12.7795009677349,3.800048828125E-05
0.080169677734375,12.7895009677096,3.79913330078125E-05
0.080169677734375,12.7995009676844,3.7945556640625E-05
0.080108642578125,12.8095009676591,3.7945556640625E-05
0.08013916015625,12.8195009676339,3.79180908203125E-05
0.0802001953125,12.8295009676086,3.7884521484375E-05
0.0802001953125,12.8395009675834,3.7884521484375E-05
0.080169677734375,12.8495009675581,3.7835693359375E-05
0.080169677734375,12.8595009675329,3.782958984375E-05
0.08013916015625,12.8695009675076,3.78143310546875E-05
0.080169677734375,12.8795009674824,3.77716064453125E-05
0.080169677734375,12.8895009674571,3.77777099609375E-05
0.080108642578125,12.8995009674319,3.77349853515625E-05
0.080108642578125,12.9095009674066,3.77197265625E-05
0.080169677734375,12.9195009673814,3.76983642578125E-05
0.0802001953125,12.9295009673561,3.76495361328125E-05
0.080108642578125,12.9395009673309,3.7652587890625E-05
0.080108642578125,12.9495009673057,3.76068115234375E-05
0.08013916015625,12.9595009672804,3.76007080078125E-05
0.080108642578125,12.9695009672552,3.7579345703125E-05
0.080169677734375,12.9795009672299,3.75518798828125E-05
0.080169677734375,12.9895009672047,3.753662109375E-05
0.08013916015625,12.9995009671794,3.75030517578125E-05
0.080108642578125,13.0095009671542,3.74908447265625E-05
0.080108642578125,13.0195009671289,3.74664306640625E-05
0.08013916015625,13.0295009671037,3.74359130859375E-05
0.08013916015625,13.0395009670784,3.7445068359375E-05
0.08013916015625,13.0495009670532,3.7384033203125E-05
0.080169677734375,13.0595009670279,3.73779296875E-05
0.080108642578125,13.0695009670027,3.736572265625E-05
0.080108642578125,13.0795009669774,3.73138427734375E-05
0.080169677734375,13.0895009669522,3.731689453125E-05
0.08013916015625,13.0995009669269,3.726806640625E-05
0.080108642578125,13.1095009669017,3.72802734375E-05
0.08013916015625,13.1195009668764,3.72528076171875E-05
0.0802001953125,13.1295009668512,3.720703125E-05
0.080169677734375,13.1395009668259,3.720703125E-05
0.080108642578125,13.1495009668007,3.717041015625E-05
0.080169677734375,13.1595009667755,3.71673583984375E-05
0.08013916015625,13.1695009667502,3.7152099609375E-05
0.080108642578125,13.179500966725,3.71002197265625E-05
0.08013916015625,13.1895009666997,3.709716796875E-05
0.080169677734375,13.1995009666745,3.70635986328125E-05
0.08013916015625,13.2095009666492,3.70574951171875E-05
0.08013916015625,13.219500966624,3.7030029296875E-05
0.080108642578125,13.2295009665987,3.6993408203125E-05
0.08001708984375,13.2395009665735,3.69964599609375E-05
0.08013916015625,13.2495009665482,3.6956787109375E-05
0.080108642578125,13.259500966523,3.6944580078125E-05
0.08013916015625,13.2695009664977,3.69354248046875E-05
0.08013916015625,13.2795009664725,3.68927001953125E-05
0.080108642578125,13.2895009664472,3.68988037109375E-05
0.080108642578125,13.299500966422,3.68499755859375E-05
0.080169677734375,13.3095009663967,3.68438720703125E-05
0.0802001953125,13.3195009663715,3.68194580078125E-05
0.08013916015625,13.3295009663462,3.67919921875E-05
0.08013916015625,13.339500966321,3.680419921875E-05
0.080108642578125,13.3495009662958,3.67431640625E-05
0.080108642578125,13.3595009662705,3.67401123046875E-05
0.080169677734375,13.3695009662453,3.67218017578125E-05
0.080108642578125,13.37950096622,3.6676025390625E-05
0.08013916015625,13.3895009661948,3.66912841796875E-05
0.080108642578125,13.3995009661695,3.6639404296875E-05
0.08013916015625,13.4095009661443,3.66241455078125E-05
0.080169677734375,13.419500966119,3.6614990234375E-05
0.080169677734375,13.4295009660938,3.65814208984375E-05
0.080108642578125,13.4395009660685,3.6578369140625E-05
0.080169677734375,13.4495009660433,3.6529541015625E-05
0.08013916015625,13.459500966018,3.6529541015625E-05
0.080108642578125,13.4695009659928,3.65081787109375E-05
0.0802001953125,13.4795009659675,3.64837646484375E-05
0.0802001953125,13.4895009659423,3.6474609375E-05
0.080108642578125,13.499500965917,3.643798828125E-05
0.0802001953125,13.5095009658918,3.64349365234375E-05
0.08013916015625,13.5195009658665,3.64166259765625E-05
0.08013916015625,13.5295009658413,3.63800048828125E-05
0.080230712890625,13.539500965816,3.63800048828125E-05
0.08013916015625,13.5495009657908,3.634033203125E-05
0.0802001953125,13.5595009657656,3.6334228515625E-05
0.080108642578125,13.5695009657403,3.63189697265625E-05
0.080108642578125,13.5795009657151,3.62762451171875E-05
0.080169677734375,13.5895009656898,3.62823486328125E-05
0.080108642578125,13.5995009656646,3.6236572265625E-05
0.080108642578125,13.6095009656393,3.623046875E-05
0.080108642578125,13.6195009656141,3.62091064453125E-05
0.080169677734375,13.6295009655888,3.61846923828125E-05
0.080108642578125,13.6395009655636,3.6187744140625E-05
0.080078125,13.6495009655383,3.614501953125E-05
0.08013916015625,13.6595009655131,3.61358642578125E-05
0.080108642578125,13.6695009654878,3.6114501953125E-05
0.080169677734375,13.6795009654626,3.6077880859375E-05
0.08013916015625,13.6895009654373,3.60809326171875E-05
0.08013916015625,13.6995009654121,3.603515625E-05
0.080169677734375,13.7095009653868,3.60382080078125E-05
0.08013916015625,13.7195009653616,3.602294921875E-05
0.080169677734375,13.7295009653363,3.60015869140625E-05
0.08013916015625,13.7395009653111,3.59893798828125E-05
0.080108642578125,13.7495009652858,3.59466552734375E-05
0.080108642578125,13.7595009652606,3.5931396484375E-05
0.08013916015625,13.7695009652354,3.592529296875E-05
0.080169677734375,13.7795009652101,3.5882568359375E-05
0.080078125,13.7895009651849,3.5894775390625E-05
0.08013916015625,13.7995009651596,3.58551025390625E-05
0.080078125,13.8095009651344,3.583984375E-05
0.0802001953125,13.8195009651091,3.5833740234375E-05
0.080078125,13.8295009650839,3.5797119140625E-05
0.080108642578125,13.8395009650586,3.580322265625E-05
0.080169677734375,13.8495009650334,3.57574462890625E-05
0.080169677734375,13.8595009650081,3.5760498046875E-05
0.080078125,13.8695009649829,3.5736083984375E-05
0.08013916015625,13.8795009649576,3.56903076171875E-05
0.080078125,13.8895009649324,3.5699462890625E-05
0.08013916015625,13.8995009649071,3.56597900390625E-05
0.080078125,13.9095009648819,3.56536865234375E-05
0.080108642578125,13.9195009648566,3.56414794921875E-05
0.08013916015625,13.9295009648314,3.560791015625E-05
0.080169677734375,13.9395009648061,3.56109619140625E-05
0.080169677734375,13.9495009647809,3.55682373046875E-05
0.080078125,13.9595009647556,3.555908203125E-05
0.080108642578125,13.9695009647304,3.5546875E-05
0.08013916015625,13.9795009647052,3.55133056640625E-05
0.080108642578125,13.9895009646799,3.55133056640625E-05
0.080169677734375,13.9995009646547,3.5479736328125E-05
0.080169677734375,14.0095009646294,3.54705810546875E-05
0.080169677734375,14.0195009646042,3.5467529296875E-05
0.08013916015625,14.0295009645789,3.54248046875E-05
0.080230712890625,14.0395009645537,3.543701171875E-05
0.08013916015625,14.0495009645284,3.53851318359375E-05
0.080108642578125,14.0595009645032,3.53759765625E-05
0.08013916015625,14.0695009644779,3.5369873046875E-05
0.080078125,14.0795009644527,3.53240966796875E-05
0.080108642578125,14.0895009644274,3.53424072265625E-05
0.08013916015625,14.0995009644022,3.52813720703125E-05
0.080047607421875,14.1095009643769,3.52813720703125E-05
0.080169677734375,14.1195009643517,3.52752685546875E-05
0.08013916015625,14.1295009643264,3.52447509765625E-05
0.08013916015625,14.1395009643012,3.5247802734375E-05
0.080169677734375,14.1495009642759,3.5205078125E-05
0.08013916015625,14.1595009642507,3.5198974609375E-05
0.080108642578125,14.1695009642254,3.51959228515625E-05
0.08013916015625,14.1795009642002,3.51409912109375E-05
0.080108642578125,14.189500964175,3.51470947265625E-05
0.080078125,14.1995009641497,3.51226806640625E-05
0.080108642578125,14.2095009641245,3.511962890625E-05
0.08013916015625,14.2195009640992,3.509521484375E-05
0.080108642578125,14.229500964074,3.50616455078125E-05
0.080169677734375,14.2395009640487,3.50799560546875E-05
0.08013916015625,14.2495009640235,3.5028076171875E-05
0.080169677734375,14.2595009639982,3.50250244140625E-05
0.080108642578125,14.269500963973,3.50189208984375E-05
0.08001708984375,14.2795009639477,3.497314453125E-05
0.080108642578125,14.2895009639225,3.49853515625E-05
0.08013916015625,14.2995009638972,3.49395751953125E-05
0.08013916015625,14.309500963872,3.49334716796875E-05
0.080108642578125,14.3195009638467,3.4942626953125E-05
0.08013916015625,14.3295009638215,3.4893798828125E-05
0.080230712890625,14.3395009637962,3.49029541015625E-05
0.080108642578125,14.349500963771,3.486328125E-05
0.080169677734375,14.3595009637457,3.48480224609375E-05
0.08013916015625,14.3695009637205,3.48358154296875E-05
0.080169677734375,14.3795009636952,3.4808349609375E-05
0.08013916015625,14.38950096367,3.48175048828125E-05
0.0802001953125,14.3995009636448,3.47747802734375E-05
0.080169677734375,14.4095009636195,3.47564697265625E-05
0.080108642578125,14.4195009635943,3.4759521484375E-05
0.080108642578125,14.429500963569,3.47259521484375E-05
0.080047607421875,14.4395009635438,3.47320556640625E-05
0.080169677734375,14.4495009635185,3.4686279296875E-05
0.080108642578125,14.4595009634933,3.46893310546875E-05
0.080169677734375,14.469500963468,3.46771240234375E-05
0.080078125,14.4795009634428,3.46405029296875E-05
0.08013916015625,14.4895009634175,3.46527099609375E-05
0.080169677734375,14.4995009633923,3.460693359375E-05
0.080169677734375,14.509500963367,3.45977783203125E-05
0.08013916015625,14.5195009633418,3.45855712890625E-05
0.08013916015625,14.5295009633165,3.45489501953125E-05
0.080108642578125,14.5395009632913,3.4564208984375E-05
0.0802001953125,14.549500963266,3.45245361328125E-05
0.080169677734375,14.5595009632408,3.45062255859375E-05
0.080108642578125,14.5695009632155,3.45001220703125E-05
0.08013916015625,14.5795009631903,3.44696044921875E-05
0.080108642578125,14.5895009631651,3.4478759765625E-05
0.080047607421875,14.5995009631398,3.44268798828125E-05
0.08013916015625,14.6095009631146,3.4442138671875E-05
0.08013916015625,14.6195009630893,3.443603515625E-05
0.080169677734375,14.6295009630641,3.4393310546875E-05
0.080169677734375,14.6395009630388,3.43994140625E-05
0.080169677734375,14.6495009630136,3.43597412109375E-05
0.080108642578125,14.6595009629883,3.43475341796875E-05
0.08013916015625,14.6695009629631,3.43414306640625E-05
0.08013916015625,14.6795009629378,3.43017578125E-05
0.080169677734375,14.6895009629126,3.43231201171875E-05
0.080169677734375,14.6995009628873,3.427734375E-05
0.080108642578125,14.7095009628621,3.4271240234375E-05
0.080047607421875,14.7195009628368,3.426513671875E-05
0.0802001953125,14.7295009628116,3.42193603515625E-05
0.080169677734375,14.7395009627863,3.424072265625E-05
0.080078125,14.7495009627611,3.42010498046875E-05
0.08013916015625,14.7595009627358,3.419189453125E-05
0.080078125,14.7695009627106,3.41827392578125E-05
0.08013916015625,14.7795009626853,3.41552734375E-05
0.08013916015625,14.7895009626601,3.41644287109375E-05
0.08013916015625,14.7995009626349,3.41278076171875E-05
0.080108642578125,14.8095009626096,3.4112548828125E-05
0.080108642578125,14.8195009625844,3.4112548828125E-05
0.080108642578125,14.8295009625591,3.40667724609375E-05
0.080108642578125,14.8395009625339,3.4075927734375E-05
0.080169677734375,14.8495009625086,3.40423583984375E-05
0.080108642578125,14.8595009624834,3.4039306640625E-05
0.08013916015625,14.8695009624581,3.40301513671875E-05
0.08013916015625,14.8795009624329,3.3984375E-05
0.080078125,14.8895009624076,3.4002685546875E-05
0.080169677734375,14.8995009623824,3.39691162109375E-05
0.080108642578125,14.9095009623571,3.39599609375E-05
0.080047607421875,14.9195009623319,3.39630126953125E-05
0.080108642578125,14.9295009623066,3.39202880859375E-05
0.080078125,14.9395009622814,3.39324951171875E-05
0.080047607421875,14.9495009622561,3.3892822265625E-05
0.080108642578125,14.9595009622309,3.3892822265625E-05
0.080169677734375,14.9695009622056,3.38836669921875E-05
0.080078125,14.9795009621804,3.3837890625E-05
0.080108642578125,14.9895009621551,3.3856201171875E-05
0.080108642578125,14.9995009621299,3.38226318359375E-05
0.0802001953125,15.0095009621047,3.38043212890625E-05
0.080108642578125,15.0195009620794,3.37982177734375E-05
0.080108642578125,15.0295009620542,3.3770751953125E-05
0.080108642578125,15.0395009620289,3.37799072265625E-05
0.080108642578125,15.0495009620037,3.3734130859375E-05
0.080108642578125,15.0595009619784,3.37310791015625E-05
0.080078125,15.0695009619532,3.37249755859375E-05
0.080108642578125,15.0795009619279,3.36822509765625E-05
0.080108642578125,15.0895009619027,3.37005615234375E-05
0.08001708984375,15.0995009618774,3.36578369140625E-05
0.08013916015625,15.1095009618522,3.36517333984375E-05
0.08013916015625,15.1195009618269,3.36456298828125E-05
0.080108642578125,15.1295009618017,3.36151123046875E-05
0.08013916015625,15.1395009617764,3.36181640625E-05
0.080108642578125,15.1495009617512,3.3587646484375E-05
0.080108642578125,15.1595009617259,3.35662841796875E-05
0.08013916015625,15.1695009617007,3.3587646484375E-05
0.080169677734375,15.1795009616754,3.353271484375E-05
0.080108642578125,15.1895009616502,3.35540771484375E-05
0.080078125,15.1995009616249,3.35235595703125E-05
0.08013916015625,15.2095009615997,3.3502197265625E-05
0.080108642578125,15.2195009615745,3.35052490234375E-05
0.08013916015625,15.2295009615492,3.34625244140625E-05
0.080078125,15.239500961524,3.34808349609375E-05
0.080078125,15.2495009614987,3.345947265625E-05
0.080108642578125,15.2595009614735,3.34381103515625E-05
0.080108642578125,15.2695009614482,3.34320068359375E-05
0.08013916015625,15.279500961423,3.3392333984375E-05
0.080108642578125,15.2895009613977,3.34014892578125E-05
0.080078125,15.2995009613725,3.33709716796875E-05
0.080078125,15.3095009613472,3.33587646484375E-05
0.080047607421875,15.319500961322,3.3349609375E-05
0.08013916015625,15.3295009612967,3.33221435546875E-05
0.08013916015625,15.3395009612715,3.3331298828125E-05
0.080108642578125,15.3495009612462,3.3294677734375E-05
0.080108642578125,15.359500961221,3.3282470703125E-05
0.08013916015625,15.3695009611957,3.3282470703125E-05
0.080108642578125,15.3795009611705,3.32489013671875E-05
0.080108642578125,15.3895009611452,3.32611083984375E-05
0.080108642578125,15.39950096112,3.32244873046875E-05
0.08013916015625,15.4095009610947,3.321533203125E-05
0.080047607421875,15.4195009610695,3.32183837890625E-05
0.080108642578125,15.4295009610443,3.31756591796875E-05
0.080169677734375,15.439500961019,3.31756591796875E-05
0.080108642578125,15.4495009609938,3.31573486328125E-05
0.080078125,15.4595009609685,3.31329345703125E-05
0.08013916015625,15.4695009609433,3.314208984375E-05
0.080108642578125,15.479500960918,3.3099365234375E-05
0.080169677734375,15.4895009608928,3.31146240234375E-05
0.080078125,15.4995009608675,3.3074951171875E-05
0.080108642578125,15.5095009608423,3.30780029296875E-05
0.080047607421875,15.519500960817,3.30596923828125E-05
0.080108642578125,15.5295009607918,3.30291748046875E-05
0.080169677734375,15.5395009607665,3.30413818359375E-05
0.08013916015625,15.5495009607413,3.30230712890625E-05
0.080108642578125,15.559500960716,3.299560546875E-05
0.080108642578125,15.5695009606908,3.29925537109375E-05
0.080078125,15.5795009606655,3.29559326171875E-05
0.08013916015625,15.5895009606403,3.2965087890625E-05
0.080108642578125,15.599500960615,3.29376220703125E-05
0.080108642578125,15.6095009605898,3.29315185546875E-05
0.080108642578125,15.6195009605646,3.2928466796875E-05
0.080230712890625,15.6295009605393,3.2891845703125E-05
0.080078125,15.6395009605141,3.29071044921875E-05
0.080108642578125,15.6495009604888,3.28704833984375E-05
0.080108642578125,15.6595009604636,3.2867431640625E-05
0.080108642578125,15.6695009604383,3.28521728515625E-05
0.080169677734375,15.6795009604131,3.282470703125E-05
0.08013916015625,15.6895009603878,3.28399658203125E-05
0.08013916015625,15.6995009603626,3.28033447265625E-05
0.080108642578125,15.7095009603373,3.27972412109375E-05
0.080108642578125,15.7195009603121,3.27911376953125E-05
0.08001708984375,15.7295009602868,3.27545166015625E-05
0.080108642578125,15.7395009602616,3.27667236328125E-05
0.080078125,15.7495009602363,3.2745361328125E-05
0.08013916015625,15.7595009602111,3.2733154296875E-05
0.080108642578125,15.7695009601858,3.27239990234375E-05
0.080078125,15.7795009601606,3.26812744140625E-05
0.080108642578125,15.7895009601353,3.27056884765625E-05
0.080108642578125,15.7995009601101,3.26690673828125E-05
0.080078125,15.8095009600848,3.265380859375E-05
0.080108642578125,15.8195009600596,3.26629638671875E-05
0.08013916015625,15.8295009600344,3.2623291015625E-05
0.08013916015625,15.8395009600091,3.26385498046875E-05
0.08013916015625,15.8495009599839,3.25958251953125E-05
0.080169677734375,15.8595009599586,3.2598876953125E-05
0.080169677734375,15.8695009599334,3.2586669921875E-05
0.08013916015625,15.8795009599081,3.2562255859375E-05
0.080078125,15.8895009598829,3.25775146484375E-05
0.08013916015625,15.8995009598576,3.2550048828125E-05
0.08013916015625,15.9095009598324,3.25164794921875E-05
0.080078125,15.9195009598071,3.2513427734375E-05
0.08001708984375,15.9295009597819,3.24737548828125E-05
0.080108642578125,15.9395009597566,3.25042724609375E-05
0.080108642578125,15.9495009597314,3.24676513671875E-05
0.080169677734375,15.9595009597061,3.24676513671875E-05
0.080108642578125,15.9695009596809,3.24554443359375E-05
0.080047607421875,15.9795009596556,3.24188232421875E-05
0.080169677734375,15.9895009596304,3.2440185546875E-05
0.080108642578125,15.9995009596051,3.24005126953125E-05
0.080078125,16.0095009595799,3.23760986328125E-05
0.080078125,16.0195009595546,3.2379150390625E-05
0.080108642578125,16.0295009595294,3.23577880859375E-05
0.080078125,16.0395009595042,3.23638916015625E-05
0.080078125,16.0495009594789,3.233642578125E-05
0.08013916015625,16.0595009594537,3.2330322265625E-05
0.080169677734375,16.0695009594284,3.232421875E-05
0.08013916015625,16.0795009594032,3.2293701171875E-05
0.080078125,16.0895009593779,3.23150634765625E-05
0.080108642578125,16.0995009593527,3.2269287109375E-05
0.08013916015625,16.1095009593274,3.22662353515625E-05
0.080078125,16.1195009593022,3.22662353515625E-05
0.08013916015625,16.1295009592769,3.22296142578125E-05
0.0802001953125,16.1395009592517,3.22479248046875E-05
0.080108642578125,16.1495009592264,3.2208251953125E-05
0.080108642578125,16.1595009592012,3.22021484375E-05
0.080078125,16.1695009591759,3.22021484375E-05
0.080108642578125,16.1795009591507,3.21502685546875E-05
0.080108642578125,16.1895009591254,3.21685791015625E-05
0.080108642578125,16.1995009591002,3.21319580078125E-05
0.080108642578125,16.2095009590749,3.212890625E-05
0.080078125,16.2195009590497,3.214111328125E-05
0.080108642578125,16.2295009590244,3.2110595703125E-05
0.0802001953125,16.2395009589992,3.2122802734375E-05
0.080047607421875,16.249500958974,3.2086181640625E-05
0.08013916015625,16.2595009589487,3.2073974609375E-05
0.080078125,16.2695009589235,3.20770263671875E-05
0.080169677734375,16.2795009588982,3.20465087890625E-05
0.08013916015625,16.289500958873,3.20587158203125E-05
0.080108642578125,16.2995009588477,3.20281982421875E-05
0.08013916015625,16.3095009588225,3.20159912109375E-05
0.080108642578125,16.3195009587972,3.20220947265625E-05
0.080047607421875,16.329500958772,3.1988525390625E-05
0.080108642578125,16.3395009587467,3.1988525390625E-05
0.080169677734375,16.3495009587215,3.19580078125E-05
0.080078125,16.3595009586962,3.19488525390625E-05
0.08013916015625,16.369500958671,3.19580078125E-05
0.080108642578125,16.3795009586457,3.19091796875E-05
0.08013916015625,16.3895009586205,3.1939697265625E-05
0.080047607421875,16.3995009585952,3.189697265625E-05
0.080108642578125,16.40950095857,3.18817138671875E-05
0.08013916015625,16.4195009585447,3.18878173828125E-05
0.080108642578125,16.4295009585195,3.1854248046875E-05
0.08001708984375,16.4395009584942,3.18695068359375E-05
0.080078125,16.449500958469,3.18328857421875E-05
0.080047607421875,16.4595009584438,3.18267822265625E-05
0.080078125,16.4695009584185,3.18328857421875E-05
0.080078125,16.4795009583933,3.17840576171875E-05
0.080169677734375,16.489500958368,3.1805419921875E-05
0.080108642578125,16.4995009583428,3.17779541015625E-05
0.080108642578125,16.5095009583175,3.17657470703125E-05
0.080169677734375,16.5195009582923,3.17657470703125E-05
0.080078125,16.529500958267,3.17291259765625E-05
0.080108642578125,16.5395009582418,3.17474365234375E-05
0.08013916015625,16.5495009582165,3.17230224609375E-05
0.080078125,16.5595009581913,3.17138671875E-05
0.08013916015625,16.569500958166,3.16986083984375E-05
0.080108642578125,16.5795009581408,3.16650390625E-05
0.080108642578125,16.5895009581155,3.16802978515625E-05
0.080108642578125,16.5995009580903,3.16619873046875E-05
0.08013916015625,16.609500958065,3.16375732421875E-05
0.080108642578125,16.6195009580398,3.16497802734375E-05
0.080108642578125,16.6295009580145,3.1610107421875E-05
0.080108642578125,16.6395009579893,3.16314697265625E-05
0.08013916015625,16.6495009579641,3.16070556640625E-05
0.080108642578125,16.6595009579388,3.1573486328125E-05
0.08013916015625,16.6695009579136,3.1585693359375E-05
0.080078125,16.6795009578883,3.1561279296875E-05
0.080078125,16.6895009578631,3.155517578125E-05
0.08013916015625,16.6995009578378,3.15338134765625E-05
0.080078125,16.7095009578126,3.15277099609375E-05
0.080108642578125,16.7195009577873,3.1524658203125E-05
0.08013916015625,16.7295009577621,3.1488037109375E-05
0.080169677734375,16.7395009577368,3.15032958984375E-05
0.080108642578125,16.7495009577116,3.148193359375E-05
0.08013916015625,16.7595009576863,3.14697265625E-05
0.080169677734375,16.7695009576611,3.14697265625E-05
0.080078125,16.7795009576358,3.14361572265625E-05
0.080108642578125,16.7895009576106,3.1451416015625E-05
0.080108642578125,16.7995009575853,3.14208984375E-05
0.080047607421875,16.8095009575601,3.140869140625E-05
0.080078125,16.8195009575348,3.1414794921875E-05
0.080078125,16.8295009575096,3.13751220703125E-05
0.080169677734375,16.8395009574843,3.1390380859375E-05
0.08013916015625,16.8495009574591,3.13629150390625E-05
0.080108642578125,16.8595009574339,3.13507080078125E-05
0.080108642578125,16.8695009574086,3.13690185546875E-05
0.080078125,16.8795009573834,3.13232421875E-05
0.08013916015625,16.8895009573581,3.1329345703125E-05
0.080108642578125,16.8995009573329,3.131103515625E-05
0.080047607421875,16.9095009573076,3.12896728515625E-05
0.080108642578125,16.9195009572824,3.131103515625E-05
0.080108642578125,16.9295009572571,3.12591552734375E-05
0.080169677734375,16.9395009572319,3.12652587890625E-05
0.080078125,16.9495009572066,3.12591552734375E-05
0.08013916015625,16.9595009571814,3.12408447265625E-05
0.080169677734375,16.9695009571561,3.12469482421875E-05
0.08013916015625,16.9795009571309,3.12103271484375E-05
0.080078125,16.9895009571056,3.12164306640625E-05
0.08013916015625,16.9995009570804,3.11920166015625E-05
0.080108642578125,17.0095009570551,3.1201171875E-05
0.080078125,17.0195009570299,3.118896484375E-05
0.08013916015625,17.0295009570046,3.11553955078125E-05
0.08013916015625,17.0395009569794,3.116455078125E-05
0.080108642578125,17.0495009569541,3.11492919921875E-05
0.080078125,17.0595009569289,3.11309814453125E-05
0.08013916015625,17.0695009569037,3.1134033203125E-05
0.080078125,17.0795009568784,3.1097412109375E-05
0.080078125,17.0895009568532,3.1109619140625E-05
0.080078125,17.0995009568279,3.1085205078125E-05
0.08013916015625,17.1095009568027,3.1085205078125E-05
0.08013916015625,17.1195009567774,3.10882568359375E-05
0.080047607421875,17.1295009567522,3.10394287109375E-05
0.080169677734375,17.1395009567269,3.10516357421875E-05
0.08001708984375,17.1495009567017,3.10302734375E-05
0.080047607421875,17.1595009566764,3.10089111328125E-05
0.080047607421875,17.1695009566512,3.101806640625E-05
0.080078125,17.1795009566259,3.09814453125E-05
0.08001708984375,17.1895009566007,3.099365234375E-05
0.080078125,17.1995009565754,3.0975341796875E-05
0.080108642578125,17.2095009565502,3.09539794921875E-05
0.080108642578125,17.2195009565249,3.096923828125E-05
0.080108642578125,17.2295009564997,3.0926513671875E-05
0.080108642578125,17.2395009564744,3.09478759765625E-05
0.080108642578125,17.2495009564492,3.0914306640625E-05
0.080078125,17.2595009564239,3.089599609375E-05
0.080078125,17.2695009563987,3.0914306640625E-05
0.080078125,17.2795009563735,3.0877685546875E-05
0.080078125,17.2895009563482,3.0889892578125E-05
0.080047607421875,17.299500956323,3.0859375E-05
0.080078125,17.3095009562977,3.0841064453125E-05
0.080078125,17.3195009562725,3.08502197265625E-05
0.080047607421875,17.3295009562472,3.08197021484375E-05
0.080108642578125,17.339500956222,3.0841064453125E-05
0.080108642578125,17.3495009561967,3.0810546875E-05
0.080169677734375,17.3595009561715,3.079833984375E-05
0.080108642578125,17.3695009561462,3.07952880859375E-05
0.080078125,17.379500956121,3.07708740234375E-05
0.080047607421875,17.3895009560957,3.07861328125E-05
0.080078125,17.3995009560705,3.076171875E-05
0.080078125,17.4095009560452,3.07403564453125E-05
0.080047607421875,17.41950095602,3.07525634765625E-05
0.080108642578125,17.4295009559947,3.07098388671875E-05
0.080108642578125,17.4395009559695,3.072509765625E-05
0.080108642578125,17.4495009559442,3.070068359375E-05
0.08013916015625,17.459500955919,3.0682373046875E-05
0.080169677734375,17.4695009558937,3.070068359375E-05
0.080108642578125,17.4795009558685,3.06549072265625E-05
0.080078125,17.4895009558433,3.06732177734375E-05
0.080108642578125,17.499500955818,3.0657958984375E-05
0.080169677734375,17.5095009557928,3.06365966796875E-05
0.08013916015625,17.5195009557675,3.06365966796875E-05
0.08001708984375,17.5295009557423,3.06060791015625E-05
0.08001708984375,17.539500955717,3.0621337890625E-05
0.080108642578125,17.5495009556918,3.0596923828125E-05
0.080078125,17.5595009556665,3.05816650390625E-05
0.080108642578125,17.5695009556413,3.060302734375E-05
0.080108642578125,17.579500955616,3.0560302734375E-05
0.080078125,17.5895009555908,3.05816650390625E-05
0.080078125,17.5995009555655,3.0548095703125E-05
0.08013916015625,17.6095009555403,3.05328369140625E-05
0.08013916015625,17.619500955515,3.05389404296875E-05
0.08013916015625,17.6295009554898,3.04962158203125E-05
0.080108642578125,17.6395009554645,3.0523681640625E-05
0.080108642578125,17.6495009554393,3.04840087890625E-05
0.080078125,17.659500955414,3.0474853515625E-05
0.08013916015625,17.6695009553888,3.0487060546875E-05
0.080078125,17.6795009553636,3.04595947265625E-05
0.080047607421875,17.6895009553383,3.0474853515625E-05
0.080078125,17.6995009553131,3.04351806640625E-05
0.080078125,17.7095009552878,3.0419921875E-05
0.08013916015625,17.7195009552626,3.043212890625E-05
0.079986572265625,17.7295009552373,3.03985595703125E-05
0.080047607421875,17.7395009552121,3.0413818359375E-05
0.080108642578125,17.7495009551868,3.0401611328125E-05
0.080108642578125,17.7595009551616,3.0377197265625E-05
0.080078125,17.7695009551363,3.037109375E-05
0.080078125,17.7795009551111,3.03466796875E-05
0.080108642578125,17.7895009550858,3.03619384765625E-05
0.080078125,17.7995009550606,3.03466796875E-05
0.080078125,17.8095009550353,3.03253173828125E-05
0.080047607421875,17.8195009550101,3.033447265625E-05
0.08013916015625,17.8295009549848,3.0303955078125E-05
0.080047607421875,17.8395009549596,3.0316162109375E-05
0.080047607421875,17.8495009549343,3.02886962890625E-05
0.080108642578125,17.8595009549091,3.02825927734375E-05
0.080047607421875,17.8695009548838,3.028564453125E-05
0.080078125,17.8795009548586,3.02490234375E-05
0.080108642578125,17.8895009548334,3.0267333984375E-05
0.08001708984375,17.8995009548081,3.02490234375E-05
0.080078125,17.9095009547829,3.02215576171875E-05
0.080108642578125,17.9195009547576,3.0242919921875E-05
0.080078125,17.9295009547324,3.0194091796875E-05
0.08013916015625,17.9395009547071,3.0206298828125E-05
0.080047607421875,17.9495009546819,3.02032470703125E-05
0.080108642578125,17.9595009546566,3.01788330078125E-05
0.080047607421875,17.9695009546314,3.02001953125E-05
0.08013916015625,17.9795009546061,3.01605224609375E-05
0.080169677734375,17.9895009545809,3.016357421875E-05
0.080078125,17.9995009545556,3.01544189453125E-05
0.08001708984375,18.0095009545304,3.01300048828125E-05
0.080078125,18.0195009545051,3.01483154296875E-05
0.08013916015625,18.0295009544799,3.01025390625E-05
0.080169677734375,18.0395009544546,3.01239013671875E-05
0.080108642578125,18.0495009544294,3.01025390625E-05
0.080108642578125,18.0595009544041,3.0078125E-05
0.080108642578125,18.0695009543789,3.00933837890625E-05
0.080108642578125,18.0795009543536,3.00567626953125E-05
0.080047607421875,18.0895009543284,3.00689697265625E-05
0.080108642578125,18.0995009543032,3.00567626953125E-05
0.080078125,18.1095009542779,3.00384521484375E-05
0.080108642578125,18.1195009542527,3.0047607421875E-05
0.080108642578125,18.1295009542274,3.0010986328125E-05
0.080169677734375,18.1395009542022,3.00140380859375E-05
0.080108642578125,18.1495009541769,3.00079345703125E-05
0.080078125,18.1595009541517,2.999267578125E-05
0.080078125,18.1695009541264,2.99896240234375E-05
0.080078125,18.1795009541012,2.99560546875E-05
0.080078125,18.1895009540759,2.996826171875E-05
0.080047607421875,18.1995009540507,2.99530029296875E-05
0.080078125,18.2095009540254,2.9937744140625E-05
0.080169677734375,18.2195009540002,2.9949951171875E-05
0.080108642578125,18.2295009539749,2.99072265625E-05
0.080078125,18.2395009539497,2.99285888671875E-05
0.080078125,18.2495009539244,2.99102783203125E-05
0.080108642578125,18.2595009538992,2.98919677734375E-05
0.080108642578125,18.2695009538739,2.99041748046875E-05
0.08001708984375,18.2795009538487,2.98675537109375E-05
0.080078125,18.2895009538234,2.98736572265625E-05
0.080078125,18.2995009537982,2.9864501953125E-05
0.08013916015625,18.309500953773,2.9840087890625E-05
0.080047607421875,18.3195009537477,2.9852294921875E-05
0.08013916015625,18.3295009537225,2.98248291015625E-05
0.080108642578125,18.3395009536972,2.9833984375E-05
0.080078125,18.349500953672,2.9815673828125E-05
0.080108642578125,18.3595009536467,2.9779052734375E-05
0.080169677734375,18.3695009536215,2.98065185546875E-05
0.080078125,18.3795009535962,2.97607421875E-05
0.080078125,18.389500953571,2.97760009765625E-05
0.080078125,18.3995009535457,2.9766845703125E-05
0.08001708984375,18.4095009535205,2.97515869140625E-05
0.080078125,18.4195009534952,2.97698974609375E-05
0.079986572265625,18.42950095347,2.97119140625E-05
0.079986572265625,18.4395009534447,2.97393798828125E-05
0.08001708984375,18.4495009534195,2.97271728515625E-05
0.080047607421875,18.4595009533942,2.97088623046875E-05
0.080078125,18.469500953369,2.97210693359375E-05
0.080078125,18.4795009533437,2.96844482421875E-05
0.080078125,18.4895009533185,2.96966552734375E-05
0.080108642578125,18.4995009532932,2.96722412109375E-05
0.080047607421875,18.509500953268,2.96539306640625E-05
0.080169677734375,18.5195009532428,2.96661376953125E-05
0.080108642578125,18.5295009532175,2.96417236328125E-05
0.080108642578125,18.5395009531923,2.96417236328125E-05
0.080108642578125,18.549500953167,2.9638671875E-05
0.080108642578125,18.5595009531418,2.96173095703125E-05
0.08013916015625,18.5695009531165,2.96356201171875E-05
0.08013916015625,18.5795009530913,2.96051025390625E-05
0.080108642578125,18.589500953066,2.960205078125E-05
0.08013916015625,18.5995009530408,2.95806884765625E-05
0.080078125,18.6095009530155,2.95684814453125E-05
0.080078125,18.6195009529903,2.957763671875E-05
0.08001708984375,18.629500952965,2.9541015625E-05
0.08001708984375,18.6395009529398,2.95440673828125E-05
0.08013916015625,18.6495009529145,2.95440673828125E-05
0.080078125,18.6595009528893,2.95074462890625E-05
0.080078125,18.669500952864,2.9534912109375E-05
0.080108642578125,18.6795009528388,2.950439453125E-05
0.080078125,18.6895009528135,2.950439453125E-05
0.08013916015625,18.6995009527883,2.950439453125E-05
0.080108642578125,18.7095009527631,2.947998046875E-05
0.080078125,18.7195009527378,2.9486083984375E-05
0.080108642578125,18.7295009527126,2.94677734375E-05
0.080108642578125,18.7395009526873,2.94677734375E-05
0.080047607421875,18.7495009526621,2.94464111328125E-05
0.080108642578125,18.7595009526368,2.9437255859375E-05
0.080108642578125,18.7695009526116,2.94464111328125E-05
0.080047607421875,18.7795009525863,2.94158935546875E-05
0.08001708984375,18.7895009525611,2.94097900390625E-05
0.080047607421875,18.7995009525358,2.94036865234375E-05
0.08001708984375,18.8095009525106,2.9376220703125E-05
0.080078125,18.8195009524853,2.940673828125E-05
0.080078125,18.8295009524601,2.93609619140625E-05
0.08001708984375,18.8395009524348,2.93792724609375E-05
0.080108642578125,18.8495009524096,2.9364013671875E-05
0.080108642578125,18.8595009523843,2.93487548828125E-05
0.080108642578125,18.8695009523591,2.93609619140625E-05
0.080047607421875,18.8795009523338,2.9327392578125E-05
0.080047607421875,18.8895009523086,2.933349609375E-05
0.080108642578125,18.8995009522833,2.9327392578125E-05
0.080047607421875,18.9095009522581,2.92938232421875E-05
0.080108642578125,18.9195009522329,2.93182373046875E-05
0.08001708984375,18.9295009522076,2.92755126953125E-05
0.080108642578125,18.9395009521824,2.92877197265625E-05
0.08001708984375,18.9495009521571,2.92816162109375E-05
0.080108642578125,18.9595009521319,2.92572021484375E-05
0.080108642578125,18.9695009521066,2.92694091796875E-05
0.080078125,18.9795009520814,2.92327880859375E-05
0.080078125,18.9895009520561,2.92449951171875E-05
0.080108642578125,18.9995009520309,2.923583984375E-05
0.080047607421875,19.0095009520056,2.921142578125E-05
0.080078125,19.0195009519804,2.92266845703125E-05
0.080108642578125,19.0295009519551,2.918701171875E-05
0.080108642578125,19.0395009519299,2.92083740234375E-05
0.080078125,19.0495009519046,2.9193115234375E-05
0.080108642578125,19.0595009518794,2.91748046875E-05
0.080108642578125,19.0695009518541,2.91748046875E-05
0.080108642578125,19.0795009518289,2.9150390625E-05
0.080108642578125,19.0895009518036,2.916259765625E-05
0.080078125,19.0995009517784,2.91534423828125E-05
0.080108642578125,19.1095009517531,2.91290283203125E-05
0.0799560546875,19.1195009517279,2.91656494140625E-05
0.080108642578125,19.1295009517027,2.911376953125E-05
0.080078125,19.1395009516774,2.9119873046875E-05
0.08013916015625,19.1495009516522,2.91046142578125E-05
0.080108642578125,19.1595009516269,2.90863037109375E-05
0.08001708984375,19.1695009516017,2.91046142578125E-05
0.080047607421875,19.1795009515764,2.90679931640625E-05
0.080108642578125,19.1895009515512,2.9083251953125E-05
0.080108642578125,19.1995009515259,2.90771484375E-05
0.080047607421875,19.2095009515007,2.90557861328125E-05
0.080078125,19.2195009514754,2.90679931640625E-05
0.080108642578125,19.2295009514502,2.90252685546875E-05
0.080078125,19.2395009514249,2.9034423828125E-05
0.080078125,19.2495009513997,2.90191650390625E-05
0.08013916015625,19.2595009513744,2.8997802734375E-05
0.08001708984375,19.2695009513492,2.9022216796875E-05
0.080108642578125,19.2795009513239,2.89886474609375E-05
0.080108642578125,19.2895009512987,2.8985595703125E-05
0.08013916015625,19.2995009512734,2.89947509765625E-05
0.080169677734375,19.3095009512482,2.8961181640625E-05
0.08001708984375,19.3195009512229,2.89764404296875E-05
0.080108642578125,19.3295009511977,2.89398193359375E-05
0.080108642578125,19.3395009511725,2.89581298828125E-05
0.08013916015625,19.3495009511472,2.89398193359375E-05
0.080047607421875,19.359500951122,2.8912353515625E-05
0.080047607421875,19.3695009510967,2.89276123046875E-05
0.080108642578125,19.3795009510715,2.890625E-05
0.08001708984375,19.3895009510462,2.89031982421875E-05
0.08001708984375,19.399500951021,2.88970947265625E-05
0.080078125,19.4095009509957,2.886962890625E-05
0.080078125,19.4195009509705,2.88970947265625E-05
0.080108642578125,19.4295009509452,2.88604736328125E-05
0.08013916015625,19.43950095092,2.8875732421875E-05
0.080169677734375,19.4495009508947,2.8863525390625E-05
0.080078125,19.4595009508695,2.88299560546875E-05
0.08001708984375,19.4695009508442,2.88543701171875E-05
0.080078125,19.479500950819,2.8814697265625E-05
0.08013916015625,19.4895009507937,2.88177490234375E-05
0.080078125,19.4995009507685,2.882080078125E-05
0.080078125,19.5095009507432,2.87933349609375E-05
0.080169677734375,19.519500950718,2.88177490234375E-05
0.080078125,19.5295009506927,2.87811279296875E-05
0.080078125,19.5395009506675,2.87872314453125E-05
0.080047607421875,19.5495009506423,2.87811279296875E-05
0.080108642578125,19.559500950617,2.87689208984375E-05
0.080108642578125,19.5695009505918,2.87750244140625E-05
0.080108642578125,19.5795009505665,2.87353515625E-05
0.080078125,19.5895009505413,2.87445068359375E-05
0.080047607421875,19.599500950516,2.87384033203125E-05
0.080047607421875,19.6095009504908,2.87078857421875E-05
0.080047607421875,19.6195009504655,2.872314453125E-05
0.080078125,19.6295009504403,2.87078857421875E-05
0.080078125,19.639500950415,2.87109375E-05
0.080108642578125,19.6495009503898,2.86956787109375E-05
0.08013916015625,19.6595009503645,2.8668212890625E-05
0.080078125,19.6695009503393,2.86895751953125E-05
0.080047607421875,19.679500950314,2.8668212890625E-05
0.080078125,19.6895009502888,2.86529541015625E-05
0.080078125,19.6995009502635,2.86651611328125E-05
0.080047607421875,19.7095009502383,2.86346435546875E-05
0.08013916015625,19.719500950213,2.86529541015625E-05
0.080047607421875,19.7295009501878,2.8619384765625E-05
0.080108642578125,19.7395009501626,2.862548828125E-05
0.080078125,19.7495009501373,2.862548828125E-05
0.080108642578125,19.7595009501121,2.8594970703125E-05
0.080047607421875,19.7695009500868,2.861328125E-05
0.080108642578125,19.7795009500616,2.85888671875E-05
0.08013916015625,19.7895009500363,2.85858154296875E-05
0.080108642578125,19.7995009500111,2.85858154296875E-05
0.080108642578125,19.8095009499858,2.8570556640625E-05
0.080078125,19.8195009499606,2.8582763671875E-05
0.08001708984375,19.8295009499353,2.8533935546875E-05
0.080108642578125,19.8395009499101,2.85400390625E-05
0.080108642578125,19.8495009498848,2.85308837890625E-05
0.080047607421875,19.8595009498596,2.85064697265625E-05
0.080047607421875,19.8695009498343,2.85308837890625E-05
0.080047607421875,19.8795009498091,2.850341796875E-05
0.080078125,19.8895009497838,2.8509521484375E-05
0.080108642578125,19.8995009497586,2.850341796875E-05
0.080108642578125,19.9095009497333,2.84820556640625E-05
0.08001708984375,19.9195009497081,2.84820556640625E-05
0.080047607421875,19.9295009496828,2.84637451171875E-05
0.080078125,19.9395009496576,2.84698486328125E-05
0.08013916015625,19.9495009496324,2.84637451171875E-05
0.080047607421875,19.9595009496071,2.84454345703125E-05
0.080047607421875,19.9695009495819,2.84576416015625E-05
0.080108642578125,19.9795009495566,2.84271240234375E-05
0.080047607421875,19.9895009495314,2.84454345703125E-05
0.080108642578125,19.9995009495061,2.84332275390625E-05
0.080047607421875,20.0095009494809,2.840576171875E-05
0.080108642578125,20.0195009494556,2.84210205078125E-05
0.080078125,20.0295009494304,2.83905029296875E-05
0.080108642578125,20.0395009494051,2.84027099609375E-05
0.080078125,20.0495009493799,2.83905029296875E-05
0.080078125,20.0595009493546,2.83660888671875E-05
0.080108642578125,20.0695009493294,2.83843994140625E-05
0.080078125,20.0795009493041,2.83447265625E-05
0.080047607421875,20.0895009492789,2.8350830078125E-05
0.079986572265625,20.0995009492536,2.835693359375E-05
0.08001708984375,20.1095009492284,2.8326416015625E-05
0.080078125,20.1195009492031,2.83294677734375E-05
0.08001708984375,20.1295009491779,2.83172607421875E-05
0.080108642578125,20.1395009491526,2.83172607421875E-05
0.080078125,20.1495009491274,2.8326416015625E-05
0.080108642578125,20.1595009491022,2.8289794921875E-05
0.080078125,20.1695009490769,2.83050537109375E-05
0.080169677734375,20.1795009490517,2.82745361328125E-05
0.080108642578125,20.1895009490264,2.82745361328125E-05
0.080078125,20.1995009490012,2.8277587890625E-05
0.080078125,20.2095009489759,2.82501220703125E-05
0.080047607421875,20.2195009489507,2.82745361328125E-05
0.080108642578125,20.2295009489254,2.82379150390625E-05
0.080108642578125,20.2395009489002,2.82379150390625E-05
0.080078125,20.2495009488749,2.82470703125E-05
0.080078125,20.2595009488497,2.8216552734375E-05
0.08001708984375,20.2695009488244,2.823486328125E-05
0.08013916015625,20.2795009487992,2.81951904296875E-05
0.080108642578125,20.2895009487739,2.81982421875E-05
0.080108642578125,20.2995009487487,2.81982421875E-05
0.080108642578125,20.3095009487234,2.81829833984375E-05
0.080108642578125,20.3195009486982,2.81951904296875E-05
0.080108642578125,20.3295009486729,2.81646728515625E-05
0.080078125,20.3395009486477,2.8167724609375E-05
0.080047607421875,20.3495009486224,2.81646728515625E-05
0.080108642578125,20.3595009485972,2.81463623046875E-05
0.08001708984375,20.369500948572,2.8167724609375E-05
0.080108642578125,20.3795009485467,2.81341552734375E-05
0.08001708984375,20.3895009485215,2.81402587890625E-05
0.080078125,20.3995009484962,2.81341552734375E-05
0.080108642578125,20.409500948471,2.81036376953125E-05
0.080078125,20.4195009484457,2.8125E-05
0.080078125,20.4295009484205,2.80853271484375E-05
0.080078125,20.4395009483952,2.8094482421875E-05
0.08001708984375,20.44950094837,2.80975341796875E-05
0.08013916015625,20.4595009483447,2.8076171875E-05
0.080047607421875,20.4695009483195,2.80975341796875E-05
0.080078125,20.4795009482942,2.80609130859375E-05
0.080108642578125,20.489500948269,2.8057861328125E-05
0.080078125,20.4995009482437,2.80548095703125E-05
0.080078125,20.5095009482185,2.80303955078125E-05
0.08001708984375,20.5195009481932,2.80548095703125E-05
0.080108642578125,20.529500948168,2.802734375E-05
0.080078125,20.5395009481427,2.8033447265625E-05
0.080047607421875,20.5495009481175,2.8021240234375E-05
0.080108642578125,20.5595009480922,2.79998779296875E-05
0.080078125,20.569500948067,2.80120849609375E-05
0.080108642578125,20.5795009480418,2.79876708984375E-05
0.08001708984375,20.5895009480165,2.7984619140625E-05
0.080108642578125,20.5995009479913,2.79876708984375E-05
0.080078125,20.609500947966,2.7960205078125E-05
0.080047607421875,20.6195009479408,2.7984619140625E-05
0.080108642578125,20.6295009479155,2.794189453125E-05
0.080108642578125,20.6395009478903,2.79510498046875E-05
0.080078125,20.649500947865,2.79541015625E-05
0.080078125,20.6595009478398,2.79296875E-05
0.080108642578125,20.6695009478145,2.7947998046875E-05
0.080108642578125,20.6795009477893,2.7923583984375E-05
0.080078125,20.689500947764,2.791748046875E-05
0.08001708984375,20.6995009477388,2.79144287109375E-05
0.080078125,20.7095009477135,2.78961181640625E-05
0.080047607421875,20.7195009476883,2.7923583984375E-05
0.080108642578125,20.729500947663,2.78900146484375E-05
0.080047607421875,20.7395009476378,2.78778076171875E-05
0.080047607421875,20.7495009476125,2.78839111328125E-05
0.080108642578125,20.7595009475873,2.7862548828125E-05
0.080047607421875,20.7695009475621,2.78778076171875E-05
0.080108642578125,20.7795009475368,2.78533935546875E-05
0.080047607421875,20.7895009475116,2.78472900390625E-05
0.080047607421875,20.7995009474863,2.78564453125E-05
0.080047607421875,20.8095009474611,2.78350830078125E-05
0.080047607421875,20.8195009474358,2.78472900390625E-05
0.08001708984375,20.8295009474106,2.78167724609375E-05
0.080108642578125,20.8395009473853,2.78045654296875E-05
0.080078125,20.8495009473601,2.78106689453125E-05
0.080078125,20.8595009473348,2.77862548828125E-05
0.080047607421875,20.8695009473096,2.78045654296875E-05
0.080047607421875,20.8795009472843,2.7777099609375E-05
0.080108642578125,20.8895009472591,2.77801513671875E-05
0.080078125,20.8995009472338,2.7783203125E-05
0.08013916015625,20.9095009472086,2.77496337890625E-05
0.080047607421875,20.9195009471833,2.777099609375E-05
0.080108642578125,20.9295009471581,2.7752685546875E-05
0.080078125,20.9395009471328,2.7752685546875E-05
0.080108642578125,20.9495009471076,2.774658203125E-05
0.080047607421875,20.9595009470823,2.77130126953125E-05
0.080047607421875,20.9695009470571,2.7734375E-05
0.080047607421875,20.9795009470319,2.77069091796875E-05
0.080047607421875,20.9895009470066,2.77099609375E-05
0.080047607421875,20.9995009469814,2.7716064453125E-05
0.080169677734375,21.0095009469561,2.7685546875E-05
0.080047607421875,21.0195009469309,2.77130126953125E-05
0.080078125,21.0295009469056,2.76702880859375E-05
0.080169677734375,21.0395009468804,2.76702880859375E-05
0.080078125,21.0495009468551,2.7685546875E-05
0.080078125,21.0595009468299,2.764892578125E-05
0.080047607421875,21.0695009468046,2.767333984375E-05
0.08001708984375,21.0795009467794,2.76458740234375E-05
0.08001708984375,21.0895009467541,2.76519775390625E-05
0.08013916015625,21.0995009467289,2.76458740234375E-05
0.080078125,21.1095009467036,2.7618408203125E-05
0.08013916015625,21.1195009466784,2.7642822265625E-05
0.080078125,21.1295009466531,2.76153564453125E-05
0.080108642578125,21.1395009466279,2.76123046875E-05
0.080108642578125,21.1495009466026,2.7618408203125E-05
0.080078125,21.1595009465774,2.75848388671875E-05
0.080047607421875,21.1695009465521,2.76031494140625E-05
0.080047607421875,21.1795009465269,2.75787353515625E-05
0.080108642578125,21.1895009465017,2.7587890625E-05
0.080108642578125,21.1995009464764,2.75787353515625E-05
0.080078125,21.2095009464512,2.755126953125E-05
0.080078125,21.2195009464259,2.757568359375E-05
0.080108642578125,21.2295009464007,2.75482177734375E-05
0.080078125,21.2395009463754,2.75482177734375E-05
0.080108642578125,21.2495009463502,2.75421142578125E-05
0.080108642578125,21.2595009463249,2.75177001953125E-05
0.080108642578125,21.2695009462997,2.75421142578125E-05
0.08001708984375,21.2795009462744,2.75146484375E-05
0.080078125,21.2895009462492,2.7520751953125E-05
0.079986572265625,21.2995009462239,2.75146484375E-05
0.080108642578125,21.3095009461987,2.74810791015625E-05
0.080047607421875,21.3195009461734,2.750244140625E-05
0.080047607421875,21.3295009461482,2.7471923828125E-05
0.080108642578125,21.3395009461229,2.747802734375E-05
0.080047607421875,21.3495009460977,2.74810791015625E-05
0.080078125,21.3595009460724,2.745361328125E-05
0.080047607421875,21.3695009460472,2.74627685546875E-05
0.080078125,21.3795009460219,2.74566650390625E-05
0.080078125,21.3895009459967,2.744140625E-05
0.080047607421875,21.3995009459715,2.74505615234375E-05
0.08001708984375,21.4095009459462,2.74261474609375E-05
0.08013916015625,21.419500945921,2.744140625E-05
0.080108642578125,21.4295009458957,2.74169921875E-05
0.080169677734375,21.4395009458705,2.7410888671875E-05
0.08001708984375,21.4495009458452,2.74169921875E-05
0.080047607421875,21.45950094582,2.73956298828125E-05
0.080078125,21.4695009457947,2.74078369140625E-05
0.080078125,21.4795009457695,2.73681640625E-05
0.080078125,21.4895009457442,2.73834228515625E-05
0.080108642578125,21.499500945719,2.738037109375E-05
0.080078125,21.5095009456937,2.734375E-05
0.080078125,21.5195009456685,2.73712158203125E-05
0.08001708984375,21.5295009456432,2.73468017578125E-05
0.079986572265625,21.539500945618,2.73406982421875E-05
0.08013916015625,21.5495009455927,2.7349853515625E-05
0.080108642578125,21.5595009455675,2.73162841796875E-05
0.08001708984375,21.5695009455422,2.734375E-05
0.080047607421875,21.579500945517,2.73193359375E-05
0.080047607421875,21.5895009454917,2.7313232421875E-05
0.080047607421875,21.5995009454665,2.73193359375E-05
0.08013916015625,21.6095009454413,2.7288818359375E-05
0.080078125,21.619500945416,2.730712890625E-05
0.080047607421875,21.6295009453908,2.7288818359375E-05
0.080047607421875,21.6395009453655,2.72796630859375E-05
0.080078125,21.6495009453403,2.728271484375E-05
0.08013916015625,21.659500945315,2.7264404296875E-05
0.080108642578125,21.6695009452898,2.7276611328125E-05
0.079986572265625,21.6795009452645,2.72430419921875E-05
0.080047607421875,21.6895009452393,2.72491455078125E-05
0.080078125,21.699500945214,2.72552490234375E-05
0.080047607421875,21.7095009451888,2.72186279296875E-05
0.080047607421875,21.7195009451635,2.72430419921875E-05
0.080078125,21.7295009451383,2.72216796875E-05
0.08001708984375,21.739500945113,2.7215576171875E-05
0.080047607421875,21.7495009450878,2.72308349609375E-05
0.080047607421875,21.7595009450625,2.7197265625E-05
0.080108642578125,21.7695009450373,2.72216796875E-05
0.080108642578125,21.779500945012,2.7191162109375E-05
0.080078125,21.7895009449868,2.7178955078125E-05
0.080078125,21.7995009449616,2.7203369140625E-05
0.080169677734375,21.8095009449363,2.7166748046875E-05
0.08001708984375,21.8195009449111,2.7191162109375E-05
0.080047607421875,21.8295009448858,2.716064453125E-05
0.080047607421875,21.8395009448606,2.716064453125E-05
0.08013916015625,21.8495009448353,2.71575927734375E-05
0.080047607421875,21.8595009448101,2.7142333984375E-05
0.080047607421875,21.8695009447848,2.7154541015625E-05
0.080078125,21.8795009447596,2.7130126953125E-05
0.080108642578125,21.8895009447343,2.7130126953125E-05
0.080108642578125,21.8995009447091,2.71270751953125E-05
0.080047607421875,21.9095009446838,2.7105712890625E-05
0.08001708984375,21.9195009446586,2.7130126953125E-05
0.080047607421875,21.9295009446333,2.7105712890625E-05
0.080047607421875,21.9395009446081,2.70965576171875E-05
0.080108642578125,21.9495009445828,2.71087646484375E-05
0.080047607421875,21.9595009445576,2.70721435546875E-05
0.08013916015625,21.9695009445323,2.7099609375E-05
0.080078125,21.9795009445071,2.7069091796875E-05
0.080047607421875,21.9895009444818,2.706298828125E-05
0.080078125,21.9995009444566,2.7069091796875E-05
0.080078125,22.0095009444314,2.7044677734375E-05
0.080108642578125,22.0195009444061,2.70721435546875E-05
0.080108642578125,22.0295009443809,2.70355224609375E-05
0.080047607421875,22.0395009443556,2.703857421875E-05
0.08001708984375,22.0495009443304,2.70477294921875E-05
0.080078125,22.0595009443051,2.70172119140625E-05
0.080108642578125,22.0695009442799,2.70416259765625E-05
0.080078125,22.0795009442546,2.7008056640625E-05
0.080047607421875,22.0895009442294,2.70050048828125E-05
0.080078125,22.0995009442041,2.70172119140625E-05
0.080108642578125,22.1095009441789,2.6983642578125E-05
0.079986572265625,22.1195009441536,2.7008056640625E-05
0.080169677734375,22.1295009441284,2.69805908203125E-05
0.080078125,22.1395009441031,2.6971435546875E-05
0.080078125,22.1495009440779,2.69744873046875E-05
0.08001708984375,22.1595009440526,2.69561767578125E-05
0.08013916015625,22.1695009440274,2.69805908203125E-05
0.08001708984375,22.1795009440021,2.69500732421875E-05
0.079986572265625,22.1895009439769,2.6953125E-05
0.080047607421875,22.1995009439516,2.69500732421875E-05
0.080078125,22.2095009439264,2.6922607421875E-05
0.080108642578125,22.2195009439012,2.69439697265625E-05
0.080108642578125,22.2295009438759,2.69195556640625E-05
0.080108642578125,22.2395009438507,2.69134521484375E-05
0.08001708984375,22.2495009438254,2.69195556640625E-05
0.080108642578125,22.2595009438002,2.6885986328125E-05
0.080078125,22.2695009437749,2.69195556640625E-05
0.080047607421875,22.2795009437497,2.68829345703125E-05
0.080078125,22.2895009437244,2.6885986328125E-05
0.080078125,22.2995009436992,2.68829345703125E-05
0.080078125,22.3095009436739,2.6849365234375E-05
0.080047607421875,22.3195009436487,2.68798828125E-05
0.080078125,22.3295009436234,2.6849365234375E-05
0.080108642578125,22.3395009435982,2.68524169921875E-05
0.080047607421875,22.3495009435729,2.68524169921875E-05
0.080047607421875,22.3595009435477,2.68310546875E-05
0.080108642578125,22.3695009435224,2.685546875E-05
0.080047607421875,22.3795009434972,2.6824951171875E-05
0.080108642578125,22.3895009434719,2.68157958984375E-05
0.080047607421875,22.3995009434467,2.68280029296875E-05
0.08001708984375,22.4095009434214,2.67974853515625E-05
0.080047607421875,22.4195009433962,2.68280029296875E-05
0.080047607421875,22.429500943371,2.6806640625E-05
0.080078125,22.4395009433457,2.67852783203125E-05
0.080108642578125,22.4495009433205,2.68035888671875E-05
0.080047607421875,22.4595009432952,2.6763916015625E-05
0.08001708984375,22.46950094327,2.67974853515625E-05
0.080108642578125,22.4795009432447,2.6763916015625E-05
0.08013916015625,22.4895009432195,2.677001953125E-05
0.080047607421875,22.4995009431942,2.6763916015625E-05
0.080047607421875,22.509500943169,2.67486572265625E-05
0.080078125,22.5195009431437,2.67669677734375E-05
0.080078125,22.5295009431185,2.67364501953125E-05
0.080108642578125,22.5395009430932,2.6739501953125E-05
0.08001708984375,22.549500943068,2.67486572265625E-05
0.080078125,22.5595009430427,2.67120361328125E-05
0.080078125,22.5695009430175,2.67364501953125E-05
0.080047607421875,22.5795009429922,2.67120361328125E-05
0.080047607421875,22.589500942967,2.672119140625E-05
0.080108642578125,22.5995009429417,2.67242431640625E-05
0.080047607421875,22.6095009429165,2.66876220703125E-05
0.080047607421875,22.6195009428912,2.67059326171875E-05
0.079986572265625,22.629500942866,2.66845703125E-05
0.080078125,22.6395009428408,2.66693115234375E-05
0.080169677734375,22.6495009428155,2.66815185546875E-05
0.08001708984375,22.6595009427903,2.66448974609375E-05
0.080078125,22.669500942765,2.667236328125E-05
0.080108642578125,22.6795009427398,2.6654052734375E-05
0.080047607421875,22.6895009427145,2.66510009765625E-05
0.080108642578125,22.6995009426893,2.66693115234375E-05
0.080078125,22.709500942664,2.66326904296875E-05
0.080169677734375,22.7195009426388,2.66510009765625E-05
0.080078125,22.7295009426135,2.6629638671875E-05
0.080108642578125,22.7395009425883,2.6611328125E-05
0.080047607421875,22.749500942563,2.66265869140625E-05
0.080047607421875,22.7595009425378,2.659912109375E-05
0.080169677734375,22.7695009425125,2.662353515625E-05
0.080078125,22.7795009424873,2.659912109375E-05
0.080047607421875,22.789500942462,2.6593017578125E-05
0.080078125,22.7995009424368,2.66082763671875E-05
0.080047607421875,22.8095009424115,2.6568603515625E-05
0.080108642578125,22.8195009423863,2.65838623046875E-05
0.080047607421875,22.8295009423611,2.65594482421875E-05
0.079986572265625,22.8395009423358,2.65594482421875E-05
0.080078125,22.8495009423106,2.657470703125E-05
0.080078125,22.8595009422853,2.655029296875E-05
0.080078125,22.8695009422601,2.65716552734375E-05
0.080078125,22.8795009422348,2.65472412109375E-05
0.080108642578125,22.8895009422096,2.6531982421875E-05
0.080078125,22.8995009421843,2.65533447265625E-05
0.080078125,22.9095009421591,2.65167236328125E-05
0.080047607421875,22.9195009421338,2.652587890625E-05
0.080047607421875,22.9295009421086,2.65106201171875E-05
0.080047607421875,22.9395009420833,2.65045166015625E-05
0.080078125,22.9495009420581,2.65106201171875E-05
0.080047607421875,22.9595009420328,2.647705078125E-05
0.080047607421875,22.9695009420076,2.6507568359375E-05
0.08001708984375,22.9795009419823,2.64923095703125E-05
0.08013916015625,22.9895009419571,2.64801025390625E-05
0.08013916015625,22.9995009419318,2.64984130859375E-05
0.080108642578125,23.0095009419066,2.6458740234375E-05
0.080108642578125,23.0195009418813,2.64739990234375E-05
0.079986572265625,23.0295009418561,2.6458740234375E-05
0.080078125,23.0395009418309,2.6458740234375E-05
0.080078125,23.0495009418056,2.646484375E-05
0.080078125,23.0595009417804,2.64404296875E-05
0.080078125,23.0695009417551,2.6458740234375E-05
0.080078125,23.0795009417299,2.64312744140625E-05
0.080078125,23.0895009417046,2.64312744140625E-05
0.080108642578125,23.0995009416794,2.64434814453125E-05
0.080078125,23.1095009416541,2.6416015625E-05
0.080078125,23.1195009416289,2.64251708984375E-05
0.080078125,23.1295009416036,2.6409912109375E-05
0.080047607421875,23.1395009415784,2.64068603515625E-05
0.08001708984375,23.1495009415531,2.6416015625E-05
0.080078125,23.1595009415279,2.63885498046875E-05
0.080108642578125,23.1695009415026,2.63946533203125E-05
0.080047607421875,23.1795009414774,2.6385498046875E-05
0.080108642578125,23.1895009414521,2.63671875E-05
0.080078125,23.1995009414269,2.63885498046875E-05
0.080078125,23.2095009414016,2.635498046875E-05
0.080078125,23.2195009413764,2.63702392578125E-05
0.080078125,23.2295009413511,2.6361083984375E-05
0.080047607421875,23.2395009413259,2.63427734375E-05
0.080078125,23.2495009413007,2.63580322265625E-05
0.080047607421875,23.2595009412754,2.633056640625E-05
0.080108642578125,23.2695009412502,2.63519287109375E-05
0.080047607421875,23.2795009412249,2.633056640625E-05
0.080108642578125,23.2895009411997,2.63153076171875E-05
0.080078125,23.2995009411744,2.6336669921875E-05
0.080047607421875,23.3095009411492,2.6300048828125E-05
0.080078125,23.3195009411239,2.6318359375E-05
0.080047607421875,23.3295009410987,2.6300048828125E-05
0.080047607421875,23.3395009410734,2.62847900390625E-05
0.080047607421875,23.3495009410482,2.6300048828125E-05
0.080078125,23.3595009410229,2.62664794921875E-05
0.080047607421875,23.3695009409977,2.62908935546875E-05
0.080047607421875,23.3795009409724,2.6263427734375E-05
0.080047607421875,23.3895009409472,2.62542724609375E-05
0.080108642578125,23.3995009409219,2.62725830078125E-05
0.08001708984375,23.4095009408967,2.6251220703125E-05
0.080047607421875,23.4195009408714,2.626953125E-05
0.080078125,23.4295009408462,2.62451171875E-05
0.080047607421875,23.4395009408209,2.62359619140625E-05
0.080078125,23.4495009407957,2.62481689453125E-05
0.08001708984375,23.4595009407705,2.6226806640625E-05
0.080047607421875,23.4695009407452,2.6239013671875E-05
0.080078125,23.47950094072,2.6214599609375E-05
0.080047607421875,23.4895009406947,2.62054443359375E-05
0.080078125,23.4995009406695,2.6220703125E-05
0.080108642578125,23.5095009406442,2.61871337890625E-05
0.080108642578125,23.519500940619,2.620849609375E-05
0.080108642578125,23.5295009405937,2.61871337890625E-05
0.080047607421875,23.5395009405685,2.618408203125E-05
0.08013916015625,23.5495009405432,2.61993408203125E-05
0.080078125,23.559500940518,2.6165771484375E-05
0.080047607421875,23.5695009404927,2.61871337890625E-05
0.080047607421875,23.5795009404675,2.61749267578125E-05
0.080047607421875,23.5895009404422,2.61688232421875E-05
0.080047607421875,23.599500940417,2.6171875E-05
0.080078125,23.6095009403917,2.61474609375E-05
0.079986572265625,23.6195009403665,2.61566162109375E-05
0.080078125,23.6295009403412,2.61444091796875E-05
0.08001708984375,23.639500940316,2.61444091796875E-05
0.080078125,23.6495009402907,2.6153564453125E-05
0.079986572265625,23.6595009402655,2.611083984375E-05
0.080047607421875,23.6695009402403,2.613525390625E-05
0.08001708984375,23.679500940215,2.61199951171875E-05
0.080078125,23.6895009401898,2.6104736328125E-05
0.080078125,23.6995009401645,2.6116943359375E-05
0.080047607421875,23.7095009401393,2.608642578125E-05
0.08001708984375,23.719500940114,2.61077880859375E-05
0.080108642578125,23.7295009400888,2.60986328125E-05
0.08013916015625,23.7395009400635,2.608642578125E-05
0.080108642578125,23.7495009400383,2.60986328125E-05
0.080108642578125,23.759500940013,2.606201171875E-05
0.080108642578125,23.7695009399878,2.608642578125E-05
0.080078125,23.7795009399625,2.60650634765625E-05
0.08001708984375,23.7895009399373,2.60467529296875E-05
0.080047607421875,23.799500939912,2.60650634765625E-05
0.080078125,23.8095009398868,2.6031494140625E-05
0.079986572265625,23.8195009398615,2.606201171875E-05
0.079986572265625,23.8295009398363,2.603759765625E-05
0.08001708984375,23.839500939811,2.60284423828125E-05
0.080108642578125,23.8495009397858,2.60467529296875E-05
0.080047607421875,23.8595009397606,2.6007080078125E-05
0.080108642578125,23.8695009397353,2.60345458984375E-05
0.080047607421875,23.8795009397101,2.6019287109375E-05
0.080078125,23.8895009396848,2.59979248046875E-05
0.080108642578125,23.8995009396596,2.6019287109375E-05
0.080047607421875,23.9095009396343,2.598876953125E-05
0.080078125,23.9195009396091,2.60040283203125E-05
0.080047607421875,23.9295009395838,2.59857177734375E-05
0.080047607421875,23.9395009395586,2.5982666015625E-05
0.080047607421875,23.9495009395333,2.5994873046875E-05
0.080108642578125,23.9595009395081,2.5958251953125E-05
0.079986572265625,23.9695009394828,2.59796142578125E-05
0.080047607421875,23.9795009394576,2.59674072265625E-05
0.080078125,23.9895009394323,2.59521484375E-05
0.080047607421875,23.9995009394071,2.59674072265625E-05
0.080078125,24.0095009393818,2.59429931640625E-05
0.080047607421875,24.0195009393566,2.59521484375E-05
0.080047607421875,24.0295009393313,2.5946044921875E-05
0.08001708984375,24.0395009393061,2.5927734375E-05
0.080047607421875,24.0495009392808,2.5946044921875E-05
0.080047607421875,24.0595009392556,2.59063720703125E-05
0.08013916015625,24.0695009392304,2.59368896484375E-05
0.080108642578125,24.0795009392051,2.59185791015625E-05
0.080108642578125,24.0895009391799,2.5897216796875E-05
0.080047607421875,24.0995009391546,2.59124755859375E-05
0.080078125,24.1095009391294,2.58758544921875E-05
0.080078125,24.1195009391041,2.5897216796875E-05
0.08001708984375,24.1295009390789,2.58880615234375E-05
0.080108642578125,24.1395009390536,2.587890625E-05
0.080078125,24.1495009390284,2.589111328125E-05
0.080108642578125,24.1595009390031,2.586669921875E-05
0.08001708984375,24.1695009389779,2.58758544921875E-05
0.080047607421875,24.1795009389526,2.5872802734375E-05
0.080078125,24.1895009389274,2.58514404296875E-05
0.080078125,24.1995009389021,2.58636474609375E-05
0.080078125,24.2095009388769,2.58270263671875E-05
0.080047607421875,24.2195009388516,2.58453369140625E-05
0.080108642578125,24.2295009388264,2.58453369140625E-05
0.08001708984375,24.2395009388011,2.5823974609375E-05
0.080078125,24.2495009387759,2.58392333984375E-05
0.080047607421875,24.2595009387506,2.58148193359375E-05
0.08013916015625,24.2695009387254,2.5836181640625E-05
0.080108642578125,24.2795009387002,2.5830078125E-05
0.080047607421875,24.2895009386749,2.58056640625E-05
0.080047607421875,24.2995009386497,2.58148193359375E-05
0.080078125,24.3095009386244,2.57843017578125E-05
0.080078125,24.3195009385992,2.5799560546875E-05
0.080047607421875,24.3295009385739,2.58026123046875E-05
0.080047607421875,24.3395009385487,2.57904052734375E-05
0.080047607421875,24.3495009385234,2.579345703125E-05
0.08013916015625,24.3595009384982,2.576904296875E-05
0.080078125,24.3695009384729,2.5787353515625E-05
0.080047607421875,24.3795009384477,2.576904296875E-05
0.08001708984375,24.3895009384224,2.57537841796875E-05
0.08001708984375,24.3995009383972,2.57720947265625E-05
0.08001708984375,24.4095009383719,2.57415771484375E-05
0.080078125,24.4195009383467,2.5762939453125E-05
0.080108642578125,24.4295009383214,2.57598876953125E-05
0.08001708984375,24.4395009382962,2.57476806640625E-05
0.080047607421875,24.4495009382709,2.57537841796875E-05
0.080078125,24.4595009382457,2.572021484375E-05
0.080108642578125,24.4695009382204,2.574462890625E-05
0.080078125,24.4795009381952,2.5732421875E-05
0.080047607421875,24.48950093817,2.57171630859375E-05
0.080108642578125,24.4995009381447,2.5732421875E-05
0.080047607421875,24.5095009381195,2.56988525390625E-05
0.080078125,24.5195009380942,2.57049560546875E-05
0.080047607421875,24.529500938069,2.57110595703125E-05
0.080047607421875,24.5395009380437,2.568359375E-05
0.080078125,24.5495009380185,2.57080078125E-05
0.080047607421875,24.5595009379932,2.56744384765625E-05
0.08001708984375,24.569500937968,2.56988525390625E-05
0.080078125,24.5795009379427,2.5689697265625E-05
0.080047607421875,24.5895009379175,2.567138671875E-05
0.080108642578125,24.5995009378922,2.56866455078125E-05
0.08001708984375,24.609500937867,2.5653076171875E-05
0.080047607421875,24.6195009378417,2.567138671875E-05
0.080108642578125,24.6295009378165,2.567138671875E-05
0.080078125,24.6395009377912,2.564697265625E-05
0.080047607421875,24.649500937766,2.567138671875E-05
0.080047607421875,24.6595009377407,2.5640869140625E-05
0.080078125,24.6695009377155,2.56439208984375E-05
0.080078125,24.6795009376902,2.5634765625E-05
0.08013916015625,24.689500937665,2.562255859375E-05
0.080078125,24.6995009376398,2.5634765625E-05
0.080047607421875,24.7095009376145,2.559814453125E-05
0.08013916015625,24.7195009375893,2.56195068359375E-05
0.080108642578125,24.729500937564,2.56134033203125E-05
0.080078125,24.7395009375388,2.56011962890625E-05
0.08001708984375,24.7495009375135,2.562255859375E-05
0.08001708984375,24.7595009374883,2.5579833984375E-05
0.0799560546875,24.769500937463,2.5592041015625E-05
0.080047607421875,24.7795009374378,2.55950927734375E-05
0.080047607421875,24.7895009374125,2.55767822265625E-05
0.080047607421875,24.7995009373873,2.5592041015625E-05
0.080108642578125,24.809500937362,2.55706787109375E-05
0.079986572265625,24.8195009373368,2.55828857421875E-05
0.080047607421875,24.8295009373115,2.557373046875E-05
0.080108642578125,24.8395009372863,2.55645751953125E-05
0.080108642578125,24.849500937261,2.55645751953125E-05
0.080108642578125,24.8595009372358,2.55279541015625E-05
0.080078125,24.8695009372105,2.554931640625E-05
0.080047607421875,24.8795009371853,2.55401611328125E-05
0.079986572265625,24.8895009371601,2.5537109375E-05
0.080047607421875,24.8995009371348,2.55462646484375E-05
0.08001708984375,24.9095009371096,2.55218505859375E-05
0.080047607421875,24.9195009370843,2.5531005859375E-05
0.080108642578125,24.9295009370591,2.55279541015625E-05
0.080047607421875,24.9395009370338,2.55035400390625E-05
0.080108642578125,24.9495009370086,2.552490234375E-05
0.080078125,24.9595009369833,2.54913330078125E-05
0.080047607421875,24.9695009369581,2.5494384765625E-05
0.080078125,24.9795009369328,2.550048828125E-05
0.080047607421875,24.9895009369076,2.54791259765625E-05
0.080078125,24.9995009368823,2.5494384765625E-05
0.080047607421875,25.0095009368571,2.54638671875E-05
0.080078125,25.0195009368318,2.54791259765625E-05
0.080047607421875,25.0295009368066,2.548828125E-05
0.080047607421875,25.0395009367813,2.5457763671875E-05
0.080047607421875,25.0495009367561,2.54791259765625E-05
0.08001708984375,25.0595009367308,2.5445556640625E-05
0.080078125,25.0695009367056,2.54638671875E-05
0.080047607421875,25.0795009366803,2.54608154296875E-05
0.080078125,25.0895009366551,2.54364013671875E-05
0.08001708984375,25.0995009366299,2.54608154296875E-05
0.08001708984375,25.1095009366046,2.54241943359375E-05
0.080078125,25.1195009365794,2.5439453125E-05
0.08001708984375,25.1295009365541,2.54364013671875E-05
0.080047607421875,25.1395009365289,2.54150390625E-05
0.080047607421875,25.1495009365036,2.5439453125E-05
0.080078125,25.1595009364784,2.53997802734375E-05
0.080078125,25.1695009364531,2.54180908203125E-05
0.080047607421875,25.1795009364279,2.53997802734375E-05
0.080108642578125,25.1895009364026,2.5390625E-05
0.08001708984375,25.1995009363774,2.5408935546875E-05
0.080078125,25.2095009363521,2.53753662109375E-05
0.079986572265625,25.2195009363269,2.53875732421875E-05
0.080078125,25.2295009363016,2.5384521484375E-05
0.080078125,25.2395009362764,2.53662109375E-05
0.080047607421875,25.2495009362511,2.5390625E-05
0.080078125,25.2595009362259,2.5347900390625E-05
0.08001708984375,25.2695009362006,2.5360107421875E-05
0.08001708984375,25.2795009361754,2.5360107421875E-05
0.080047607421875,25.2895009361501,2.5341796875E-05
0.080108642578125,25.2995009361249,2.53692626953125E-05
0.080078125,25.3095009360997,2.53326416015625E-05
0.080108642578125,25.3195009360744,2.53448486328125E-05
0.079986572265625,25.3295009360492,2.5341796875E-05
0.08013916015625,25.3395009360239,2.5323486328125E-05
0.08001708984375,25.3495009359987,2.53570556640625E-05
0.080169677734375,25.3595009359734,2.53173828125E-05
0.080047607421875,25.3695009359482,2.53387451171875E-05
0.08001708984375,25.3795009359229,2.5323486328125E-05
0.080047607421875,25.3895009358977,2.530517578125E-05
0.080108642578125,25.3995009358724,2.53204345703125E-05
0.080078125,25.4095009358472,2.529296875E-05
0.080108642578125,25.4195009358219,2.53021240234375E-05
0.080078125,25.4295009357967,2.529296875E-05
0.080047607421875,25.4395009357714,2.52777099609375E-05
0.080047607421875,25.4495009357462,2.53021240234375E-05
0.080078125,25.4595009357209,2.52716064453125E-05
0.08001708984375,25.4695009356957,2.52777099609375E-05
0.080108642578125,25.4795009356704,2.52777099609375E-05
0.080078125,25.4895009356452,2.52593994140625E-05
0.080047607421875,25.4995009356199,2.52716064453125E-05
0.080078125,25.5095009355947,2.52410888671875E-05
0.080047607421875,25.5195009355695,2.52593994140625E-05
0.080078125,25.5295009355442,2.52532958984375E-05
0.08001708984375,25.539500935519,2.5238037109375E-05
0.080078125,25.5495009354937,2.52471923828125E-05
0.080078125,25.5595009354685,2.5225830078125E-05
0.080078125,25.5695009354432,2.52410888671875E-05
0.080108642578125,25.579500935418,2.523193359375E-05
0.080047607421875,25.5895009353927,2.52166748046875E-05
0.080047607421875,25.5995009353675,2.52288818359375E-05
0.0799560546875,25.6095009353422,2.52044677734375E-05
0.08001708984375,25.619500935317,2.5213623046875E-05
0.080078125,25.6295009352917,2.52105712890625E-05
0.08001708984375,25.6395009352665,2.51983642578125E-05
0.080078125,25.6495009352412,2.52166748046875E-05
0.080047607421875,25.659500935216,2.51800537109375E-05
0.080047607421875,25.6695009351907,2.51953125E-05
0.080108642578125,25.6795009351655,2.520751953125E-05
0.080078125,25.6895009351402,2.51739501953125E-05
0.080108642578125,25.699500935115,2.51922607421875E-05
0.080078125,25.7095009350897,2.51617431640625E-05
0.08001708984375,25.7195009350645,2.5177001953125E-05
0.08001708984375,25.7295009350393,2.51678466796875E-05
0.080078125,25.739500935014,2.51495361328125E-05
0.080047607421875,25.7495009349888,2.518310546875E-05
0.080047607421875,25.7595009349635,2.5140380859375E-05
0.080108642578125,25.7695009349383,2.5152587890625E-05
0.08001708984375,25.779500934913,2.5152587890625E-05
0.080078125,25.7895009348878,2.513427734375E-05
0.080047607421875,25.7995009348625,2.51495361328125E-05
0.079986572265625,25.8095009348373,2.51068115234375E-05
0.080047607421875,25.819500934812,2.51312255859375E-05
0.080047607421875,25.8295009347868,2.5128173828125E-05
0.08001708984375,25.8395009347615,2.5103759765625E-05
0.08001708984375,25.8495009347363,2.5128173828125E-05
0.080078125,25.859500934711,2.50946044921875E-05
0.080047607421875,25.8695009346858,2.51129150390625E-05
0.08001708984375,25.8795009346605,2.51129150390625E-05
0.080078125,25.8895009346353,2.5091552734375E-05
0.080047607421875,25.89950093461,2.51129150390625E-05
0.0799560546875,25.9095009345848,2.50762939453125E-05
0.080108642578125,25.9195009345596,2.50885009765625E-05
0.080047607421875,25.9295009345343,2.50823974609375E-05
0.080108642578125,25.9395009345091,2.50640869140625E-05
0.080078125,25.9495009344838,2.5091552734375E-05
0.080078125,25.9595009344586,2.5054931640625E-05
0.080047607421875,25.9695009344333,2.50732421875E-05
0.080108642578125,25.9795009344081,2.50640869140625E-05
0.080078125,25.9895009343828,2.50518798828125E-05
0.080169677734375,25.9995009343576,2.50640869140625E-05
0.080047607421875,26.0095009343323,2.503662109375E-05
0.080108642578125,26.0195009343071,2.5054931640625E-05
0.08001708984375,26.0295009342818,2.50457763671875E-05
0.080047607421875,26.0395009342566,2.5018310546875E-05
0.08001708984375,26.0495009342313,2.50396728515625E-05
0.08001708984375,26.0595009342061,2.501220703125E-05
0.08001708984375,26.0695009341808,2.50244140625E-05
0.08013916015625,26.0795009341556,2.50213623046875E-05
0.080108642578125,26.0895009341303,2.5E-05
0.08001708984375,26.0995009341051,2.50274658203125E-05
0.080108642578125,26.1095009340798,2.49847412109375E-05
0.080047607421875,26.1195009340546,2.5006103515625E-05
0.080108642578125,26.1295009340294,2.5006103515625E-05
0.080108642578125,26.1395009340041,2.4981689453125E-05
0.080108642578125,26.1495009339789,2.5E-05
0.080047607421875,26.1595009339536,2.49664306640625E-05
0.080047607421875,26.1695009339284,2.49908447265625E-05
0.080108642578125,26.1795009339031,2.49755859375E-05
0.080047607421875,26.1895009338779,2.49603271484375E-05
0.080078125,26.1995009338526,2.49725341796875E-05
0.080078125,26.2095009338274,2.4945068359375E-05
0.080108642578125,26.2195009338021,2.496337890625E-05
0.080108642578125,26.2295009337769,2.49481201171875E-05
0.08001708984375,26.2395009337516,2.49359130859375E-05
0.080047607421875,26.2495009337264,2.49603271484375E-05
0.080078125,26.2595009337011,2.49359130859375E-05
0.08001708984375,26.2695009336759,2.4945068359375E-05
0.080078125,26.2795009336506,2.493896484375E-05
0.080047607421875,26.2895009336254,2.4932861328125E-05
0.080108642578125,26.2995009336001,2.49481201171875E-05
0.080078125,26.3095009335749,2.491455078125E-05
0.080078125,26.3195009335496,2.49267578125E-05
0.080078125,26.3295009335244,2.49298095703125E-05
0.080078125,26.3395009334992,2.48931884765625E-05
0.08001708984375,26.3495009334739,2.49298095703125E-05
0.080078125,26.3595009334487,2.4896240234375E-05
0.079986572265625,26.3695009334234,2.4908447265625E-05
0.080047607421875,26.3795009333982,2.49114990234375E-05
0.080047607421875,26.3895009333729,2.4896240234375E-05
0.08001708984375,26.3995009333477,2.4920654296875E-05
0.080078125,26.4095009333224,2.4871826171875E-05
0.080047607421875,26.4195009332972,2.489013671875E-05
0.080047607421875,26.4295009332719,2.48870849609375E-05
0.080078125,26.4395009332467,2.486572265625E-05
0.080078125,26.4495009332214,2.489013671875E-05
0.080108642578125,26.4595009331962,2.4853515625E-05
0.080108642578125,26.4695009331709,2.48748779296875E-05
0.080078125,26.4795009331457,2.4871826171875E-05
0.080108642578125,26.4895009331204,2.4847412109375E-05
0.080108642578125,26.4995009330952,2.486572265625E-05
0.08001708984375,26.5095009330699,2.48382568359375E-05
0.080047607421875,26.5195009330447,2.48504638671875E-05
0.080108642578125,26.5295009330194,2.4853515625E-05
0.080078125,26.5395009329942,2.4822998046875E-05
0.080108642578125,26.549500932969,2.48443603515625E-05
0.080078125,26.5595009329437,2.481689453125E-05
0.079986572265625,26.5695009329185,2.481689453125E-05
0.080047607421875,26.5795009328932,2.48260498046875E-05
0.080047607421875,26.589500932868,2.47894287109375E-05
0.08013916015625,26.5995009328427,2.48291015625E-05
0.080078125,26.6095009328175,2.47955322265625E-05
0.080108642578125,26.6195009327922,2.4810791015625E-05
0.08001708984375,26.629500932767,2.481689453125E-05
0.080047607421875,26.6395009327417,2.47833251953125E-05
0.08001708984375,26.6495009327165,2.4810791015625E-05
0.080078125,26.6595009326912,2.47833251953125E-05
0.080078125,26.669500932666,2.47955322265625E-05
0.080078125,26.6795009326407,2.47955322265625E-05
0.080078125,26.6895009326155,2.4774169921875E-05
0.08013916015625,26.6995009325902,2.47955322265625E-05
0.080047607421875,26.709500932565,2.47711181640625E-05
0.08001708984375,26.7195009325397,2.47772216796875E-05
0.080047607421875,26.7295009325145,2.47650146484375E-05
0.08001708984375,26.7395009324892,2.47467041015625E-05
0.080078125,26.749500932464,2.47711181640625E-05
0.080047607421875,26.7595009324388,2.47467041015625E-05
0.080078125,26.7695009324135,2.47589111328125E-05
0.080078125,26.7795009323883,2.47467041015625E-05
0.080078125,26.789500932363,2.47222900390625E-05
0.080078125,26.7995009323378,2.4749755859375E-05
0.080047607421875,26.8095009323125,2.4725341796875E-05
0.080047607421875,26.8195009322873,2.47161865234375E-05
0.080078125,26.829500932262,2.47314453125E-05
0.079986572265625,26.8395009322368,2.470703125E-05
0.080108642578125,26.8495009322115,2.4737548828125E-05
0.080047607421875,26.8595009321863,2.4700927734375E-05
0.080078125,26.869500932161,2.4700927734375E-05
0.080047607421875,26.8795009321358,2.4713134765625E-05
0.080078125,26.8895009321105,2.46917724609375E-05
0.08001708984375,26.8995009320853,2.47100830078125E-05
0.08001708984375,26.90950093206,2.469482421875E-05
0.080108642578125,26.9195009320348,2.469482421875E-05
0.080078125,26.9295009320095,2.469482421875E-05
0.080078125,26.9395009319843,2.467041015625E-05
0.080047607421875,26.9495009319591,2.46917724609375E-05
0.080047607421875,26.9595009319338,2.46612548828125E-05
0.08001708984375,26.9695009319086,2.46795654296875E-05
0.080047607421875,26.9795009318833,2.4664306640625E-05
0.080047607421875,26.9895009318581,2.46551513671875E-05
0.08001708984375,26.9995009318328,2.4676513671875E-05
0.079986572265625,27.0095009318076,2.464599609375E-05
0.0799560546875,27.0195009317823,2.4664306640625E-05
0.080078125,27.0295009317571,2.46551513671875E-05
0.080047607421875,27.0395009317318,2.46368408203125E-05
0.080108642578125,27.0495009317066,2.4664306640625E-05
0.080047607421875,27.0595009316813,2.4627685546875E-05
0.080078125,27.0695009316561,2.464599609375E-05
0.080047607421875,27.0795009316308,2.46368408203125E-05
0.080047607421875,27.0895009316056,2.46124267578125E-05
0.080078125,27.0995009315803,2.46337890625E-05
0.080047607421875,27.1095009315551,2.46063232421875E-05
0.08001708984375,27.1195009315298,2.4615478515625E-05
0.080108642578125,27.1295009315046,2.4615478515625E-05
0.080078125,27.1395009314793,2.45941162109375E-05
0.080078125,27.1495009314541,2.4609375E-05
0.079986572265625,27.1595009314289,2.45941162109375E-05
0.080108642578125,27.1695009314036,2.46002197265625E-05
0.080047607421875,27.1795009313784,2.459716796875E-05
0.080047607421875,27.1895009313531,2.45758056640625E-05
0.080047607421875,27.1995009313279,2.4603271484375E-05
0.0799560546875,27.2095009313026,2.45758056640625E-05
0.079986572265625,27.2195009312774,2.45758056640625E-05
0.080047607421875,27.2295009312521,2.45819091796875E-05
0.079986572265625,27.2395009312269,2.45574951171875E-05
0.080078125,27.2495009312016,2.45819091796875E-05
0.08001708984375,27.2595009311764,2.45513916015625E-05
0.08001708984375,27.2695009311511,2.45513916015625E-05
0.08001708984375,27.2795009311259,2.4554443359375E-05
0.080047607421875,27.2895009311006,2.45452880859375E-05
0.080078125,27.2995009310754,2.4566650390625E-05
0.080047607421875,27.3095009310501,2.45330810546875E-05
0.08013916015625,27.3195009310249,2.45330810546875E-05
0.079986572265625,27.3295009309996,2.45391845703125E-05
0.080047607421875,27.3395009309744,2.45208740234375E-05
0.080047607421875,27.3495009309491,2.454833984375E-05
0.080108642578125,27.3595009309239,2.4517822265625E-05
0.079986572265625,27.3695009308987,2.452392578125E-05
0.08001708984375,27.3795009308734,2.45269775390625E-05
0.080047607421875,27.3895009308482,2.4505615234375E-05
0.08013916015625,27.3995009308229,2.4530029296875E-05
0.080078125,27.4095009307977,2.44964599609375E-05
0.080078125,27.4195009307724,2.45025634765625E-05
0.08001708984375,27.4295009307472,2.45025634765625E-05
0.08001708984375,27.4395009307219,2.44873046875E-05
0.080078125,27.4495009306967,2.45147705078125E-05
0.080078125,27.4595009306714,2.4493408203125E-05
0.080108642578125,27.4695009306462,2.44964599609375E-05
0.08001708984375,27.4795009306209,2.449951171875E-05
0.080078125,27.4895009305957,2.44720458984375E-05
0.080078125,27.4995009305704,2.4481201171875E-05
0.080078125,27.5095009305452,2.4456787109375E-05
0.080047607421875,27.5195009305199,2.44659423828125E-05
0.080047607421875,27.5295009304947,2.4462890625E-05
0.080047607421875,27.5395009304694,2.44415283203125E-05
0.08001708984375,27.5495009304442,2.44659423828125E-05
0.080108642578125,27.5595009304189,2.4444580078125E-05
0.080108642578125,27.5695009303937,2.44537353515625E-05
0.080078125,27.5795009303685,2.44537353515625E-05
0.0799560546875,27.5895009303432,2.44354248046875E-05
0.080078125,27.599500930318,2.44598388671875E-05
0.08001708984375,27.6095009302927,2.4432373046875E-05
0.080047607421875,27.6195009302675,2.44354248046875E-05
0.08013916015625,27.6295009302422,2.44354248046875E-05
0.080047607421875,27.639500930217,2.44140625E-05
0.08001708984375,27.6495009301917,2.4432373046875E-05
0.08001708984375,27.6595009301665,2.4407958984375E-05
0.080078125,27.6695009301412,2.44293212890625E-05
0.08001708984375,27.679500930116,2.44171142578125E-05
0.08001708984375,27.6895009300907,2.440185546875E-05
0.080047607421875,27.6995009300655,2.44293212890625E-05
0.080047607421875,27.7095009300402,2.43896484375E-05
0.080047607421875,27.719500930015,2.440185546875E-05
0.080078125,27.7295009299897,2.44110107421875E-05
0.080047607421875,27.7395009299645,2.4371337890625E-05
0.080108642578125,27.7495009299392,2.44049072265625E-05
0.08001708984375,27.759500929914,2.4365234375E-05
0.08001708984375,27.7695009298887,2.43804931640625E-05
0.080047607421875,27.7795009298635,2.4383544921875E-05
0.080047607421875,27.7895009298383,2.43682861328125E-05
0.079986572265625,27.799500929813,2.4395751953125E-05
0.080047607421875,27.8095009297878,2.435302734375E-05
0.080047607421875,27.8195009297625,2.4365234375E-05
0.080078125,27.8295009297373,2.43682861328125E-05
0.080078125,27.839500929712,2.4346923828125E-05
0.080078125,27.8495009296868,2.4359130859375E-05
0.080047607421875,27.8595009296615,2.4334716796875E-05
0.079986572265625,27.8695009296363,2.43499755859375E-05
0.080078125,27.879500929611,2.43499755859375E-05
0.08001708984375,27.8895009295858,2.4322509765625E-05
0.08001708984375,27.8995009295605,2.43499755859375E-05
0.08001708984375,27.9095009295353,2.431640625E-05
0.080047607421875,27.91950092951,2.43255615234375E-05
0.079986572265625,27.9295009294848,2.43316650390625E-05
0.08001708984375,27.9395009294595,2.43011474609375E-05
0.080078125,27.9495009294343,2.43255615234375E-05
0.08001708984375,27.959500929409,2.430419921875E-05
0.080047607421875,27.9695009293838,2.43133544921875E-05
0.080047607421875,27.9795009293586,2.43133544921875E-05
0.08001708984375,27.9895009293333,2.42919921875E-05
0.08001708984375,27.9995009293081,2.431640625E-05
0.080078125,28.0095009292828,2.42889404296875E-05
0.08001708984375,28.0195009292576,2.43011474609375E-05
0.079986572265625,28.0295009292323,2.42919921875E-05
0.080047607421875,28.0395009292071,2.42828369140625E-05
0.080047607421875,28.0495009291818,2.42950439453125E-05
0.079986572265625,28.0595009291566,2.4267578125E-05
0.080047607421875,28.0695009291313,2.42828369140625E-05
0.080078125,28.0795009291061,2.42828369140625E-05
0.08001708984375,28.0895009290808,2.425537109375E-05
0.080047607421875,28.0995009290556,2.427978515625E-05
0.08013916015625,28.1095009290303,2.42462158203125E-05
0.080078125,28.1195009290051,2.425537109375E-05
0.080047607421875,28.1295009289798,2.42645263671875E-05
0.08001708984375,28.1395009289546,2.42401123046875E-05
0.080108642578125,28.1495009289293,2.42645263671875E-05
0.080047607421875,28.1595009289041,2.42462158203125E-05
0.080047607421875,28.1695009288788,2.42523193359375E-05
0.080078125,28.1795009288536,2.42584228515625E-05
0.080047607421875,28.1895009288284,2.4237060546875E-05
0.080078125,28.1995009288031,2.425537109375E-05
0.080047607421875,28.2095009287779,2.423095703125E-05
0.080078125,28.2195009287526,2.42340087890625E-05
0.080108642578125,28.2295009287274,2.42279052734375E-05
0.080047607421875,28.2395009287021,2.42095947265625E-05
0.08001708984375,28.2495009286769,2.42340087890625E-05
0.08013916015625,28.2595009286516,2.42034912109375E-05
0.08001708984375,28.2695009286264,2.42095947265625E-05
0.080047607421875,28.2795009286011,2.42095947265625E-05
0.080047607421875,28.2895009285759,2.41973876953125E-05
0.079986572265625,28.2995009285506,2.42095947265625E-05
0.080078125,28.3095009285254,2.41790771484375E-05
0.080078125,28.3195009285001,2.41912841796875E-05
0.080078125,28.3295009284749,2.41973876953125E-05
0.08001708984375,28.3395009284496,2.418212890625E-05
0.080047607421875,28.3495009284244,2.41973876953125E-05
0.080078125,28.3595009283991,2.41607666015625E-05
0.0799560546875,28.3695009283739,2.4169921875E-05
0.08001708984375,28.3795009283486,2.41790771484375E-05
0.079986572265625,28.3895009283234,2.415771484375E-05
0.080047607421875,28.3995009282982,2.41851806640625E-05
0.080078125,28.4095009282729,2.4151611328125E-05
0.08001708984375,28.4195009282477,2.41729736328125E-05
0.08013916015625,28.4295009282224,2.4163818359375E-05
0.080108642578125,28.4395009281972,2.413330078125E-05
0.080047607421875,28.4495009281719,2.4163818359375E-05
0.080047607421875,28.4595009281467,2.4139404296875E-05
0.080078125,28.4695009281214,2.41485595703125E-05
0.080047607421875,28.4795009280962,2.41455078125E-05
0.080047607421875,28.4895009280709,2.412109375E-05
0.080047607421875,28.4995009280457,2.41424560546875E-05
0.080047607421875,28.5095009280204,2.4114990234375E-05
0.080047607421875,28.5195009279952,2.4127197265625E-05
0.080078125,28.5295009279699,2.41241455078125E-05
0.08001708984375,28.5395009279447,2.40966796875E-05
0.079986572265625,28.5495009279194,2.4139404296875E-05
0.080078125,28.5595009278942,2.40997314453125E-05
0.08001708984375,28.5695009278689,2.412109375E-05
0.08001708984375,28.5795009278437,2.41119384765625E-05
0.079986572265625,28.5895009278184,2.408447265625E-05
0.08001708984375,28.5995009277932,2.41302490234375E-05
0.080047607421875,28.609500927768,2.40875244140625E-05
0.08001708984375,28.6195009277427,2.4090576171875E-05
0.079986572265625,28.6295009277175,2.40936279296875E-05
0.080078125,28.6395009276922,2.4078369140625E-05
0.080078125,28.649500927667,2.410888671875E-05
0.080078125,28.6595009276417,2.40692138671875E-05
0.08001708984375,28.6695009276165,2.40814208984375E-05
0.080047607421875,28.6795009275912,2.40936279296875E-05
0.080047607421875,28.689500927566,2.40631103515625E-05
0.08013916015625,28.6995009275407,2.4090576171875E-05
0.080047607421875,28.7095009275155,2.406005859375E-05
0.08001708984375,28.7195009274902,2.40570068359375E-05
0.080047607421875,28.729500927465,2.406005859375E-05
0.080047607421875,28.7395009274397,2.4041748046875E-05
0.079986572265625,28.7495009274145,2.40692138671875E-05
0.080108642578125,28.7595009273892,2.40447998046875E-05
0.08001708984375,28.769500927364,2.40509033203125E-05
0.080108642578125,28.7795009273387,2.40570068359375E-05
0.080078125,28.7895009273135,2.4029541015625E-05
0.080047607421875,28.7995009272882,2.4053955078125E-05
0.080047607421875,28.809500927263,2.40264892578125E-05
0.080047607421875,28.8195009272378,2.403564453125E-05
0.080047607421875,28.8295009272125,2.403564453125E-05
0.080078125,28.8395009271873,2.4017333984375E-05
0.08001708984375,28.849500927162,2.4041748046875E-05
0.08001708984375,28.8595009271368,2.40081787109375E-05
0.080078125,28.8695009271115,2.40142822265625E-05
0.080078125,28.8795009270863,2.40203857421875E-05
0.080047607421875,28.889500927061,2.39990234375E-05
0.08001708984375,28.8995009270358,2.40234375E-05
0.080108642578125,28.9095009270105,2.3992919921875E-05
0.080047607421875,28.9195009269853,2.4005126953125E-05
0.08001708984375,28.92950092696,2.39990234375E-05
0.08001708984375,28.9395009269348,2.39776611328125E-05
0.079986572265625,28.9495009269095,2.40081787109375E-05
0.080078125,28.9595009268843,2.39776611328125E-05
0.08001708984375,28.969500926859,2.39776611328125E-05
0.080047607421875,28.9795009268338,2.39837646484375E-05
0.080047607421875,28.9895009268085,2.39593505859375E-05
0.080047607421875,28.9995009267833,2.3992919921875E-05
0.080047607421875,29.0095009267581,2.396240234375E-05
0.080108642578125,29.0195009267328,2.3968505859375E-05
0.08001708984375,29.0295009267076,2.39715576171875E-05
0.08001708984375,29.0395009266823,2.39532470703125E-05
0.080078125,29.0495009266571,2.39776611328125E-05
0.080047607421875,29.0595009266318,2.39410400390625E-05
0.08013916015625,29.0695009266066,2.39501953125E-05
0.080108642578125,29.0795009265813,2.3956298828125E-05
0.079986572265625,29.0895009265561,2.39349365234375E-05
0.080047607421875,29.0995009265308,2.3968505859375E-05
0.080078125,29.1095009265056,2.393798828125E-05
0.08001708984375,29.1195009264803,2.39410400390625E-05
0.080047607421875,29.1295009264551,2.39349365234375E-05
0.080047607421875,29.1395009264298,2.39227294921875E-05
0.080047607421875,29.1495009264046,2.39501953125E-05
0.080078125,29.1595009263793,2.39166259765625E-05
0.080108642578125,29.1695009263541,2.3919677734375E-05
0.080078125,29.1795009263288,2.3931884765625E-05
0.080047607421875,29.1895009263036,2.39013671875E-05
0.080047607421875,29.1995009262783,2.39288330078125E-05
0.080078125,29.2095009262531,2.3907470703125E-05
0.080078125,29.2195009262279,2.39013671875E-05
0.080047607421875,29.2295009262026,2.391357421875E-05
0.08001708984375,29.2395009261774,2.3883056640625E-05
0.08001708984375,29.2495009261521,2.39166259765625E-05
0.080078125,29.2595009261269,2.3883056640625E-05
0.080078125,29.2695009261016,2.38922119140625E-05
0.080108642578125,29.2795009260764,2.38983154296875E-05
0.080047607421875,29.2895009260511,2.3876953125E-05
0.080047607421875,29.2995009260259,2.3895263671875E-05
0.079986572265625,29.3095009260006,2.38677978515625E-05
0.080047607421875,29.3195009259754,2.3876953125E-05
0.080108642578125,29.3295009259501,2.388916015625E-05
0.080047607421875,29.3395009259249,2.38555908203125E-05
0.08001708984375,29.3495009258996,2.3876953125E-05
0.080047607421875,29.3595009258744,2.3858642578125E-05
0.080047607421875,29.3695009258491,2.3858642578125E-05
0.080047607421875,29.3795009258239,2.386474609375E-05
0.08001708984375,29.3895009257986,2.3846435546875E-05
0.080108642578125,29.3995009257734,2.386474609375E-05
0.079986572265625,29.4095009257481,2.384033203125E-05
0.080078125,29.4195009257229,2.38372802734375E-05
0.0799560546875,29.4295009256977,2.38494873046875E-05
0.080047607421875,29.4395009256724,2.38250732421875E-05
0.080078125,29.4495009256472,2.38525390625E-05
0.08001708984375,29.4595009256219,2.38250732421875E-05
0.08001708984375,29.4695009255967,2.38189697265625E-05
0.080047607421875,29.4795009255714,2.3834228515625E-05
0.080078125,29.4895009255462,2.3822021484375E-05
0.080047607421875,29.4995009255209,2.38372802734375E-05
0.079986572265625,29.5095009254957,2.3809814453125E-05
0.080047607421875,29.5195009254704,2.38189697265625E-05
0.08013916015625,29.5295009254452,2.3822021484375E-05
0.079986572265625,29.5395009254199,2.3797607421875E-05
0.080108642578125,29.5495009253947,2.38189697265625E-05
0.080047607421875,29.5595009253694,2.37945556640625E-05
0.080047607421875,29.5695009253442,2.3785400390625E-05
0.080078125,29.5795009253189,2.38006591796875E-05
0.080047607421875,29.5895009252937,2.37762451171875E-05
0.08001708984375,29.5995009252684,2.38037109375E-05
0.080108642578125,29.6095009252432,2.3779296875E-05
0.080078125,29.6195009252179,2.3785400390625E-05
0.080047607421875,29.6295009251927,2.3797607421875E-05
0.080047607421875,29.6395009251675,2.37701416015625E-05
0.080078125,29.6495009251422,2.3785400390625E-05
0.080108642578125,29.659500925117,2.37701416015625E-05
0.080078125,29.6695009250917,2.37579345703125E-05
0.080047607421875,29.6795009250665,2.376708984375E-05
0.08001708984375,29.6895009250412,2.37396240234375E-05
0.08001708984375,29.699500925016,2.376708984375E-05
0.080047607421875,29.7095009249907,2.37579345703125E-05
0.080047607421875,29.7195009249655,2.374267578125E-05
0.080047607421875,29.7295009249402,2.37701416015625E-05
0.080047607421875,29.739500924915,2.3736572265625E-05
0.080078125,29.7495009248897,2.3760986328125E-05
0.079986572265625,29.7595009248645,2.3736572265625E-05
0.080078125,29.7695009248392,2.37396240234375E-05
0.080047607421875,29.779500924814,2.374267578125E-05
0.079986572265625,29.7895009247887,2.37152099609375E-05
0.080047607421875,29.7995009247635,2.37548828125E-05
0.080047607421875,29.8095009247382,2.37274169921875E-05
0.08001708984375,29.819500924713,2.37213134765625E-05
0.080078125,29.8295009246877,2.3724365234375E-05
0.08001708984375,29.8395009246625,2.37091064453125E-05
0.080047607421875,29.8495009246373,2.37396240234375E-05
0.080078125,29.859500924612,2.37091064453125E-05
0.080078125,29.8695009245868,2.3724365234375E-05
0.080047607421875,29.8795009245615,2.371826171875E-05
0.080047607421875,29.8895009245363,2.3699951171875E-05
0.080078125,29.899500924511,2.37213134765625E-05
0.079986572265625,29.9095009244858,2.369384765625E-05
0.080047607421875,29.9195009244605,2.369384765625E-05
0.080108642578125,29.9295009244353,2.3699951171875E-05
0.080078125,29.93950092441,2.3675537109375E-05
0.080078125,29.9495009243848,2.36968994140625E-05
0.08001708984375,29.9595009243595,2.36785888671875E-05
0.080078125,29.9695009243343,2.3681640625E-05
0.079986572265625,29.979500924309,2.3687744140625E-05
0.080047607421875,29.9895009242838,2.36602783203125E-05
0.080047607421875,29.9995009242585,2.36846923828125E-05
0.079986572265625,30.0095009242333,2.366943359375E-05
0.080047607421875,30.019500924208,2.36572265625E-05
0.08001708984375,30.0295009241828,2.36724853515625E-05
0.080047607421875,30.0395009241576,2.36480712890625E-05
0.080047607421875,30.0495009241323,2.36785888671875E-05
0.08001708984375,30.0595009241071,2.36572265625E-05
0.08001708984375,30.0695009240818,2.3651123046875E-05
0.080047607421875,30.0795009240566,2.36572265625E-05
0.08013916015625,30.0895009240313,2.36419677734375E-05
0.079986572265625,30.0995009240061,2.36663818359375E-05
0.080047607421875,30.1095009239808,2.36297607421875E-05
0.079986572265625,30.1195009239556,2.36358642578125E-05
0.08001708984375,30.1295009239303,2.364501953125E-05
0.0799560546875,30.1395009239051,2.36236572265625E-05
0.079986572265625,30.1495009238798,2.36419677734375E-05
0.079986572265625,30.1595009238546,2.362060546875E-05
0.080047607421875,30.1695009238293,2.36297607421875E-05
0.080047607421875,30.1795009238041,2.36480712890625E-05
0.080108642578125,30.1895009237788,2.3602294921875E-05
0.08001708984375,30.1995009237536,2.36297607421875E-05
0.080078125,30.2095009237283,2.36114501953125E-05
0.080047607421875,30.2195009237031,2.3614501953125E-05
0.080047607421875,30.2295009236778,2.362060546875E-05
0.079986572265625,30.2395009236526,2.3602294921875E-05
0.080078125,30.2495009236274,2.3626708984375E-05
0.080078125,30.2595009236021,2.35931396484375E-05
0.080108642578125,30.2695009235769,2.35870361328125E-05
0.080047607421875,30.2795009235516,2.36114501953125E-05
0.080047607421875,30.2895009235264,2.3583984375E-05
0.08001708984375,30.2995009235011,2.3602294921875E-05
0.080047607421875,30.3095009234759,2.35809326171875E-05
0.080108642578125,30.3195009234506,2.3590087890625E-05
0.080047607421875,30.3295009234254,2.35931396484375E-05
0.08001708984375,30.3395009234001,2.3565673828125E-05
0.0799560546875,30.3495009233749,2.35870361328125E-05
0.080108642578125,30.3595009233496,2.35595703125E-05
0.079986572265625,30.3695009233244,2.35595703125E-05
0.080047607421875,30.3795009232991,2.35748291015625E-05
0.080047607421875,30.3895009232739,2.35443115234375E-05
0.080078125,30.3995009232486,2.35748291015625E-05
0.080047607421875,30.4095009232234,2.3553466796875E-05
0.080108642578125,30.4195009231981,2.354736328125E-05
0.080078125,30.4295009231729,2.3565673828125E-05
0.080078125,30.4395009231476,2.3541259765625E-05
0.080047607421875,30.4495009231224,2.35565185546875E-05
0.08001708984375,30.4595009230972,2.35321044921875E-05
0.080108642578125,30.4695009230719,2.35260009765625E-05
0.08001708984375,30.4795009230467,2.3541259765625E-05
0.080108642578125,30.4895009230214,2.35198974609375E-05
0.080047607421875,30.4995009229962,2.3541259765625E-05
0.08001708984375,30.5095009229709,2.352294921875E-05
0.08001708984375,30.5195009229457,2.352294921875E-05
0.08001708984375,30.5295009229204,2.35443115234375E-05
0.080108642578125,30.5395009228952,2.3504638671875E-05
0.080047607421875,30.5495009228699,2.3541259765625E-05
0.08001708984375,30.5595009228447,2.3516845703125E-05
0.079986572265625,30.5695009228194,2.35137939453125E-05
0.08001708984375,30.5795009227942,2.35137939453125E-05
0.08001708984375,30.5895009227689,2.34832763671875E-05
0.08001708984375,30.5995009227437,2.35137939453125E-05
0.080108642578125,30.6095009227184,2.3504638671875E-05
0.08001708984375,30.6195009226932,2.3492431640625E-05
0.08001708984375,30.6295009226679,2.35137939453125E-05
0.080108642578125,30.6395009226427,2.34832763671875E-05
0.079986572265625,30.6495009226174,2.35137939453125E-05
0.079986572265625,30.6595009225922,2.3492431640625E-05
0.08001708984375,30.669500922567,2.34893798828125E-05
0.080047607421875,30.6795009225417,2.3486328125E-05
0.080047607421875,30.6895009225165,2.347412109375E-05
0.080047607421875,30.6995009224912,2.34893798828125E-05
0.08001708984375,30.709500922466,2.3468017578125E-05
0.080047607421875,30.7195009224407,2.347412109375E-05
0.080078125,30.7295009224155,2.3486328125E-05
0.079986572265625,30.7395009223902,2.34710693359375E-05
0.080078125,30.749500922365,2.34893798828125E-05
0.080047607421875,30.7595009223397,2.34619140625E-05
0.080078125,30.7695009223145,2.34588623046875E-05
0.080078125,30.7795009222892,2.34771728515625E-05
0.08001708984375,30.789500922264,2.34405517578125E-05
0.080078125,30.7995009222387,2.3455810546875E-05
0.080047607421875,30.8095009222135,2.34405517578125E-05
0.080047607421875,30.8195009221882,2.34405517578125E-05
0.08001708984375,30.829500922163,2.3455810546875E-05
0.080047607421875,30.8395009221377,2.34344482421875E-05
0.080047607421875,30.8495009221125,2.34649658203125E-05
0.079986572265625,30.8595009220872,2.3431396484375E-05
0.080078125,30.869500922062,2.34283447265625E-05
0.08001708984375,30.8795009220368,2.34466552734375E-05
0.080108642578125,30.8895009220115,2.34222412109375E-05
0.080047607421875,30.8995009219863,2.3443603515625E-05
0.079986572265625,30.909500921961,2.34283447265625E-05
0.080047607421875,30.9195009219358,2.34130859375E-05
0.080078125,30.9295009219105,2.34344482421875E-05
0.08001708984375,30.9395009218853,2.3406982421875E-05
0.08001708984375,30.94950092186,2.3419189453125E-05
0.080047607421875,30.9595009218348,2.3388671875E-05
0.080047607421875,30.9695009218095,2.3406982421875E-05
0.08001708984375,30.9795009217843,2.34161376953125E-05
0.08001708984375,30.989500921759,2.33917236328125E-05
0.080047607421875,30.9995009217338,2.34130859375E-05
0.08001708984375,31.0095009217085,2.33978271484375E-05
0.08001708984375,31.0195009216833,2.3394775390625E-05
0.080047607421875,31.029500921658,2.33917236328125E-05
0.080078125,31.0395009216328,2.3382568359375E-05
0.080078125,31.0495009216075,2.340087890625E-05
0.080108642578125,31.0595009215823,2.337646484375E-05
0.08001708984375,31.0695009215571,2.33734130859375E-05
0.08001708984375,31.0795009215318,2.3388671875E-05
0.080047607421875,31.0895009215066,2.33642578125E-05
0.080047607421875,31.0995009214813,2.33917236328125E-05
0.080047607421875,31.1095009214561,2.3370361328125E-05
0.080078125,31.1195009214308,2.33734130859375E-05
0.080108642578125,31.1295009214056,2.33673095703125E-05
0.080047607421875,31.1395009213803,2.33489990234375E-05
0.080078125,31.1495009213551,2.33642578125E-05
0.080078125,31.1595009213298,2.33489990234375E-05
0.08001708984375,31.1695009213046,2.335205078125E-05
0.080047607421875,31.1795009212793,2.3358154296875E-05
0.080108642578125,31.1895009212541,2.333984375E-05
0.080047607421875,31.1995009212288,2.33673095703125E-05
0.080047607421875,31.2095009212036,2.3345947265625E-05
0.08001708984375,31.2195009211783,2.333984375E-05
0.08001708984375,31.2295009211531,2.33551025390625E-05
0.08001708984375,31.2395009211278,2.33245849609375E-05
0.080108642578125,31.2495009211026,2.33428955078125E-05
0.080078125,31.2595009210773,2.33245849609375E-05
0.080108642578125,31.2695009210521,2.332763671875E-05
0.080047607421875,31.2795009210269,2.33306884765625E-05
0.08001708984375,31.2895009210016,2.3309326171875E-05
0.079986572265625,31.2995009209764,2.3345947265625E-05
0.080047607421875,31.3095009209511,2.33154296875E-05
0.079986572265625,31.3195009209259,2.3297119140625E-05
0.080047607421875,31.3295009209006,2.33184814453125E-05
0.080108642578125,31.3395009208754,2.3291015625E-05
0.08001708984375,31.3495009208501,2.3321533203125E-05
0.079986572265625,31.3595009208249,2.32879638671875E-05
0.080047607421875,31.3695009207996,2.330322265625E-05
0.080108642578125,31.3795009207744,2.33001708984375E-05
0.080047607421875,31.3895009207491,2.3272705078125E-05
0.080108642578125,31.3995009207239,2.3297119140625E-05
0.080078125,31.4095009206986,2.32757568359375E-05
0.080108642578125,31.4195009206734,2.3272705078125E-05
0.080047607421875,31.4295009206481,2.32879638671875E-05
0.0799560546875,31.4395009206229,2.32635498046875E-05
0.08001708984375,31.4495009205976,2.3291015625E-05
0.080047607421875,31.4595009205724,2.32666015625E-05
0.080047607421875,31.4695009205471,2.32666015625E-05
0.080047607421875,31.4795009205219,2.3272705078125E-05
0.08001708984375,31.4895009204967,2.3248291015625E-05
0.080047607421875,31.4995009204714,2.3272705078125E-05
0.08001708984375,31.5095009204462,2.325439453125E-05
0.080108642578125,31.5195009204209,2.32513427734375E-05
0.08001708984375,31.5295009203957,2.32757568359375E-05
0.080078125,31.5395009203704,2.32452392578125E-05
0.080047607421875,31.5495009203452,2.32666015625E-05
0.080078125,31.5595009203199,2.32452392578125E-05
0.080047607421875,31.5695009202947,2.3236083984375E-05
0.080078125,31.5795009202694,2.32452392578125E-05
0.080047607421875,31.5895009202442,2.322998046875E-05
0.080047607421875,31.5995009202189,2.325439453125E-05
0.080108642578125,31.6095009201937,2.32330322265625E-05
0.080078125,31.6195009201684,2.32330322265625E-05
0.080078125,31.6295009201432,2.32421875E-05
0.08001708984375,31.6395009201179,2.3223876953125E-05
0.08001708984375,31.6495009200927,2.32391357421875E-05
0.079986572265625,31.6595009200674,2.32147216796875E-05
0.08001708984375,31.6695009200422,2.32177734375E-05
0.08001708984375,31.6795009200169,2.322998046875E-05
0.08001708984375,31.6895009199917,2.32147216796875E-05
0.080108642578125,31.6995009199665,2.322998046875E-05
0.079833984375,31.7095009199412,2.32025146484375E-05
0.080108642578125,31.719500919916,2.32208251953125E-05
0.080047607421875,31.7295009198907,2.3193359375E-05
0.080047607421875,31.7395009198655,2.32269287109375E-05
0.08001708984375,31.7495009198402,2.3199462890625E-05
0.080047607421875,31.759500919815,2.31964111328125E-05
0.080078125,31.7695009197897,2.3211669921875E-05
0.0799560546875,31.7795009197645,2.3175048828125E-05
0.080047607421875,31.7895009197392,2.32086181640625E-05
0.080108642578125,31.799500919714,2.3187255859375E-05
0.08001708984375,31.8095009196887,2.31842041015625E-05
0.080078125,31.8195009196635,2.320556640625E-05
0.080047607421875,31.8295009196382,2.3175048828125E-05
0.079986572265625,31.839500919613,2.32025146484375E-05
0.08001708984375,31.8495009195877,2.31689453125E-05
0.08001708984375,31.8595009195625,2.31719970703125E-05
0.080047607421875,31.8695009195372,2.31781005859375E-05
0.08001708984375,31.879500919512,2.31597900390625E-05
0.08013916015625,31.8895009194867,2.31781005859375E-05
0.080078125,31.8995009194615,2.3162841796875E-05
0.080047607421875,31.9095009194363,2.3162841796875E-05
0.080078125,31.919500919411,2.3162841796875E-05
0.08001708984375,31.9295009193858,2.31536865234375E-05
0.080108642578125,31.9395009193605,2.31414794921875E-05
0.080078125,31.9495009193353,2.314453125E-05
0.080108642578125,31.95950091931,2.31597900390625E-05
0.080047607421875,31.9695009192848,2.3138427734375E-05
0.08001708984375,31.9795009192595,2.3162841796875E-05
0.079986572265625,31.9895009192343,2.3126220703125E-05
0.080078125,31.999500919209,2.31292724609375E-05
0.080047607421875,32.0095009191838,2.3138427734375E-05
0.08001708984375,32.0195009191585,2.310791015625E-05
0.080047607421875,32.0295009191333,2.3138427734375E-05
0.079986572265625,32.039500919108,2.31231689453125E-05
0.080047607421875,32.0495009190828,2.3114013671875E-05
0.080047607421875,32.0595009190575,2.31353759765625E-05
0.08001708984375,32.0695009190323,2.31109619140625E-05
0.080108642578125,32.079500919007,2.31414794921875E-05
0.080078125,32.0895009189818,2.31201171875E-05
0.08001708984375,32.0995009189566,2.31109619140625E-05
0.08001708984375,32.1095009189313,2.31231689453125E-05
0.08001708984375,32.1195009189061,2.30987548828125E-05
0.080047607421875,32.1295009188808,2.31109619140625E-05
0.080078125,32.1395009188556,2.31048583984375E-05
0.08001708984375,32.1495009188303,2.30987548828125E-05
0.080108642578125,32.1595009188051,2.31109619140625E-05
0.080047607421875,32.1695009187798,2.30926513671875E-05
0.080047607421875,32.1795009187546,2.3114013671875E-05
0.08001708984375,32.1895009187293,2.30804443359375E-05
0.080108642578125,32.1995009187041,2.30865478515625E-05
0.079986572265625,32.2095009186788,2.30987548828125E-05
0.080078125,32.2195009186536,2.3077392578125E-05
0.080078125,32.2295009186283,2.3095703125E-05
0.08001708984375,32.2395009186031,2.308349609375E-05
0.080108642578125,32.2495009185778,2.308349609375E-05
0.08001708984375,32.2595009185526,2.30926513671875E-05
0.08001708984375,32.2695009185273,2.30621337890625E-05
0.08001708984375,32.2795009185021,2.3095703125E-05
0.080047607421875,32.2895009184768,2.3077392578125E-05
0.080078125,32.2995009184516,2.30743408203125E-05
0.08001708984375,32.3095009184264,2.308349609375E-05
0.079986572265625,32.3195009184011,2.30499267578125E-05
0.08001708984375,32.3295009183759,2.3077392578125E-05
0.080108642578125,32.3395009183506,2.30560302734375E-05
0.08001708984375,32.3495009183254,2.30438232421875E-05
0.080047607421875,32.3595009183001,2.30743408203125E-05
0.080047607421875,32.3695009182749,2.30377197265625E-05
0.080047607421875,32.3795009182496,2.30560302734375E-05
0.080047607421875,32.3895009182244,2.30377197265625E-05
0.080108642578125,32.3995009181991,2.30377197265625E-05
0.080108642578125,32.4095009181739,2.30560302734375E-05
0.08013916015625,32.4195009181486,2.3028564453125E-05
0.08001708984375,32.4295009181234,2.30560302734375E-05
0.0799560546875,32.4395009180981,2.303466796875E-05
0.080047607421875,32.4495009180729,2.30224609375E-05
0.080047607421875,32.4595009180476,2.303466796875E-05
0.080078125,32.4695009180224,2.30133056640625E-05
0.079986572265625,32.4795009179971,2.30316162109375E-05
0.08001708984375,32.4895009179719,2.3016357421875E-05
0.080108642578125,32.4995009179466,2.30194091796875E-05
0.080047607421875,32.5095009179214,2.303466796875E-05
0.080047607421875,32.5195009178962,2.30010986328125E-05
0.079986572265625,32.5295009178709,2.30194091796875E-05
0.08001708984375,32.5395009178457,2.301025390625E-05
0.08001708984375,32.5495009178204,2.3004150390625E-05
0.080047607421875,32.5595009177952,2.3028564453125E-05
0.08001708984375,32.5695009177699,2.29949951171875E-05
0.08001708984375,32.5795009177447,2.30133056640625E-05
0.080047607421875,32.5895009177194,2.30072021484375E-05
0.080108642578125,32.5995009176942,2.30010986328125E-05
0.08013916015625,32.6095009176689,2.301025390625E-05
0.080078125,32.6195009176437,2.29827880859375E-05
0.08001708984375,32.6295009176184,2.30010986328125E-05
0.079986572265625,32.6395009175932,2.2991943359375E-05
0.080078125,32.6495009175679,2.29827880859375E-05
0.080047607421875,32.6595009175427,2.2998046875E-05
0.080078125,32.6695009175174,2.29644775390625E-05
0.080108642578125,32.6795009174922,2.29888916015625E-05
0.080078125,32.6895009174669,2.2979736328125E-05
0.080047607421875,32.6995009174417,2.29766845703125E-05
0.080047607421875,32.7095009174164,2.298583984375E-05
0.080108642578125,32.7195009173912,2.2943115234375E-05
0.080078125,32.729500917366,2.2979736328125E-05
0.080047607421875,32.7395009173407,2.29705810546875E-05
0.080047607421875,32.7495009173155,2.2967529296875E-05
0.080047607421875,32.7595009172902,2.2967529296875E-05
0.080047607421875,32.769500917265,2.2943115234375E-05
0.08001708984375,32.7795009172397,2.29705810546875E-05
0.080078125,32.7895009172145,2.2955322265625E-05
0.08001708984375,32.7995009171892,2.29461669921875E-05
0.080047607421875,32.809500917164,2.2967529296875E-05
0.080108642578125,32.8195009171387,2.2943115234375E-05
0.080047607421875,32.8295009171135,2.294921875E-05
0.080078125,32.8395009170882,2.293701171875E-05
0.08001708984375,32.849500917063,2.2930908203125E-05
0.080108642578125,32.8595009170377,2.2955322265625E-05
0.079986572265625,32.8695009170125,2.29248046875E-05
0.080047607421875,32.8795009169872,2.2943115234375E-05
0.080047607421875,32.889500916962,2.2930908203125E-05
0.080047607421875,32.8995009169367,2.29217529296875E-05
0.079986572265625,32.9095009169115,2.2943115234375E-05
0.080078125,32.9195009168862,2.29095458984375E-05
0.080047607421875,32.929500916861,2.2930908203125E-05
0.080047607421875,32.9395009168358,2.29248046875E-05
0.080047607421875,32.9495009168105,2.2900390625E-05
0.080108642578125,32.9595009167853,2.29248046875E-05
0.08001708984375,32.96950091676,2.2906494140625E-05
0.080108642578125,32.9795009167348,2.2918701171875E-05
0.080108642578125,32.9895009167095,2.28973388671875E-05
0.080108642578125,32.9995009166843,2.2900390625E-05
0.080047607421875,33.009500916659,2.2906494140625E-05
0.080078125,33.0195009166338,2.288818359375E-05
0.08001708984375,33.0295009166085,2.29156494140625E-05
0.080047607421875,33.0395009165833,2.28973388671875E-05
0.080078125,33.049500916558,2.2900390625E-05
0.080108642578125,33.0595009165328,2.2906494140625E-05
0.080078125,33.0695009165075,2.2882080078125E-05
0.080078125,33.0795009164823,2.2900390625E-05
0.080078125,33.089500916457,2.28851318359375E-05
0.080078125,33.0995009164318,2.28851318359375E-05
0.080047607421875,33.1095009164065,2.28912353515625E-05
0.080108642578125,33.1195009163813,2.2857666015625E-05
0.080047607421875,33.1295009163561,2.2882080078125E-05
0.08001708984375,33.1395009163308,2.28729248046875E-05
0.080078125,33.1495009163056,2.28668212890625E-05
0.0799560546875,33.1595009162803,2.28759765625E-05
0.080108642578125,33.1695009162551,2.28515625E-05
0.080047607421875,33.1795009162298,2.28790283203125E-05
0.079986572265625,33.1895009162046,2.286376953125E-05
0.080047607421875,33.1995009161793,2.28485107421875E-05
0.080047607421875,33.2095009161541,2.2869873046875E-05
0.080078125,33.2195009161288,2.2845458984375E-05
0.080047607421875,33.2295009161036,2.2857666015625E-05
0.080047607421875,33.2395009160783,2.2845458984375E-05
0.080047607421875,33.2495009160531,2.28485107421875E-05
0.08001708984375,33.2595009160278,2.286376953125E-05
0.080078125,33.2695009160026,2.28271484375E-05
0.080108642578125,33.2795009159773,2.28546142578125E-05
0.080047607421875,33.2895009159521,2.28302001953125E-05
0.080078125,33.2995009159268,2.2833251953125E-05
0.080047607421875,33.3095009159016,2.286376953125E-05
0.079986572265625,33.3195009158763,2.28240966796875E-05
0.080108642578125,33.3295009158511,2.2845458984375E-05
0.080047607421875,33.3395009158259,2.28363037109375E-05
0.079986572265625,33.3495009158006,2.28240966796875E-05
0.080078125,33.3595009157754,2.28271484375E-05
0.080078125,33.3695009157501,2.28057861328125E-05
0.08001708984375,33.3795009157249,2.28240966796875E-05
0.08001708984375,33.3895009156996,2.281494140625E-05
0.08001708984375,33.3995009156744,2.28240966796875E-05
0.08001708984375,33.4095009156491,2.28240966796875E-05
0.080047607421875,33.4195009156239,2.27935791015625E-05
0.080108642578125,33.4295009155986,2.28302001953125E-05
0.08001708984375,33.4395009155734,2.27996826171875E-05
0.08001708984375,33.4495009155481,2.279052734375E-05
0.079986572265625,33.4595009155229,2.28240966796875E-05
0.080078125,33.4695009154976,2.27935791015625E-05
0.080108642578125,33.4795009154724,2.28179931640625E-05
0.080047607421875,33.4895009154471,2.27813720703125E-05
0.080047607421875,33.4995009154219,2.27874755859375E-05
0.080047607421875,33.5095009153966,2.281494140625E-05
0.08001708984375,33.5195009153714,2.27691650390625E-05
0.080078125,33.5295009153461,2.27996826171875E-05
0.079986572265625,33.5395009153209,2.27813720703125E-05
0.080047607421875,33.5495009152957,2.2772216796875E-05
0.079986572265625,33.5595009152704,2.279052734375E-05
0.08001708984375,33.5695009152452,2.27630615234375E-05
0.080078125,33.5795009152199,2.27935791015625E-05
0.08001708984375,33.5895009151947,2.276611328125E-05
0.080078125,33.5995009151694,2.276611328125E-05
0.080047607421875,33.6095009151442,2.27783203125E-05
0.08001708984375,33.6195009151189,2.27508544921875E-05
0.080047607421875,33.6295009150937,2.27752685546875E-05
0.080047607421875,33.6395009150684,2.27508544921875E-05
0.08001708984375,33.6495009150432,2.27447509765625E-05
0.080047607421875,33.6595009150179,2.27691650390625E-05
0.080108642578125,33.6695009149927,2.27325439453125E-05
0.08013916015625,33.6795009149674,2.27691650390625E-05
0.079986572265625,33.6895009149422,2.2735595703125E-05
0.080108642578125,33.6995009149169,2.2735595703125E-05
0.080078125,33.7095009148917,2.27630615234375E-05
0.079986572265625,33.7195009148664,2.27325439453125E-05
0.080047607421875,33.7295009148412,2.27569580078125E-05
0.07989501953125,33.7395009148159,2.27264404296875E-05
0.08001708984375,33.7495009147907,2.27508544921875E-05
0.080047607421875,33.7595009147655,2.27142333984375E-05
0.080078125,33.7695009147402,2.27508544921875E-05
0.079986572265625,33.779500914715,2.27325439453125E-05
0.080047607421875,33.7895009146897,2.27264404296875E-05
0.080108642578125,33.7995009146645,2.2735595703125E-05
0.080078125,33.8095009146392,2.271728515625E-05
0.080078125,33.819500914614,2.2723388671875E-05
0.08013916015625,33.8295009145887,2.27142333984375E-05
0.08001708984375,33.8395009145635,2.2711181640625E-05
0.080078125,33.8495009145382,2.27203369140625E-05
0.08001708984375,33.859500914513,2.26959228515625E-05
0.080108642578125,33.8695009144877,2.2723388671875E-05
0.080047607421875,33.8795009144625,2.27142333984375E-05
0.080047607421875,33.8895009144372,2.2698974609375E-05
0.080047607421875,33.899500914412,2.27020263671875E-05
0.08001708984375,33.9095009143867,2.2686767578125E-05
0.08001708984375,33.9195009143615,2.27081298828125E-05
0.080078125,33.9295009143362,2.26898193359375E-05
0.080047607421875,33.939500914311,2.27020263671875E-05
0.08001708984375,33.9495009142857,2.26806640625E-05
0.080108642578125,33.9595009142605,2.27081298828125E-05
0.080078125,33.9695009142353,2.26959228515625E-05
0.08001708984375,33.97950091421,2.26776123046875E-05
0.080078125,33.9895009141848,2.26837158203125E-05
0.08001708984375,33.9995009141595,2.26593017578125E-05
0.08001708984375,34.0095009141343,2.26898193359375E-05
0.080047607421875,34.019500914109,2.2674560546875E-05
0.08001708984375,34.0295009140838,2.26715087890625E-05
0.080078125,34.0395009140585,2.26837158203125E-05
0.08001708984375,34.0495009140333,2.265625E-05
0.080078125,34.059500914008,2.266845703125E-05
0.079986572265625,34.0695009139828,2.2662353515625E-05
0.080047607421875,34.0795009139575,2.2662353515625E-05
0.08001708984375,34.0895009139323,2.26715087890625E-05
0.08001708984375,34.099500913907,2.26348876953125E-05
0.08001708984375,34.1095009138818,2.2662353515625E-05
0.080078125,34.1195009138565,2.26531982421875E-05
0.080047607421875,34.1295009138313,2.26470947265625E-05
0.08001708984375,34.139500913806,2.26654052734375E-05
0.080047607421875,34.1495009137808,2.2637939453125E-05
0.08001708984375,34.1595009137556,2.265625E-05
0.080047607421875,34.1695009137303,2.26409912109375E-05
0.080047607421875,34.1795009137051,2.26470947265625E-05
0.08001708984375,34.1895009136798,2.26593017578125E-05
0.079986572265625,34.1995009136546,2.26287841796875E-05
0.080047607421875,34.2095009136293,2.264404296875E-05
0.080047607421875,34.2195009136041,2.2637939453125E-05
0.08001708984375,34.2295009135788,2.26287841796875E-05
0.080047607421875,34.2395009135536,2.264404296875E-05
0.079986572265625,34.2495009135283,2.261962890625E-05
0.080047607421875,34.2595009135031,2.26409912109375E-05
0.079986572265625,34.2695009134778,2.26287841796875E-05
0.080047607421875,34.2795009134526,2.2607421875E-05
0.079986572265625,34.2895009134273,2.2637939453125E-05
0.08001708984375,34.2995009134021,2.26043701171875E-05
0.080047607421875,34.3095009133768,2.26287841796875E-05
0.079986572265625,34.3195009133516,2.261962890625E-05
0.079986572265625,34.3295009133263,2.26104736328125E-05
0.080078125,34.3395009133011,2.2625732421875E-05
0.080047607421875,34.3495009132758,2.26043701171875E-05
0.080047607421875,34.3595009132506,2.26104736328125E-05
0.080078125,34.3695009132254,2.26043701171875E-05
0.08001708984375,34.3795009132001,2.2601318359375E-05
0.08013916015625,34.3895009131749,2.26104736328125E-05
0.080047607421875,34.3995009131496,2.25860595703125E-05
0.08001708984375,34.4095009131244,2.26104736328125E-05
0.08001708984375,34.4195009130991,2.25921630859375E-05
0.080078125,34.4295009130739,2.25830078125E-05
0.0799560546875,34.4395009130486,2.2601318359375E-05
0.079986572265625,34.4495009130234,2.257080078125E-05
0.080169677734375,34.4595009129981,2.25921630859375E-05
0.08001708984375,34.4695009129729,2.25830078125E-05
0.080078125,34.4795009129476,2.25738525390625E-05
0.080047607421875,34.4895009129224,2.259521484375E-05
0.080047607421875,34.4995009128971,2.25677490234375E-05
0.080078125,34.5095009128719,2.25982666015625E-05
0.079986572265625,34.5195009128466,2.25860595703125E-05
0.080047607421875,34.5295009128214,2.257080078125E-05
0.080108642578125,34.5395009127961,2.25830078125E-05
0.080108642578125,34.5495009127709,2.25677490234375E-05
0.080078125,34.5595009127456,2.25830078125E-05
0.080047607421875,34.5695009127204,2.2564697265625E-05
0.080047607421875,34.5795009126952,2.2552490234375E-05
0.08001708984375,34.5895009126699,2.25677490234375E-05
0.080047607421875,34.5995009126447,2.254638671875E-05
0.080108642578125,34.6095009126194,2.257080078125E-05
0.08001708984375,34.6195009125942,2.255859375E-05
0.079986572265625,34.6295009125689,2.2552490234375E-05
0.08001708984375,34.6395009125437,2.2564697265625E-05
0.08001708984375,34.6495009125184,2.25311279296875E-05
0.08001708984375,34.6595009124932,2.25616455078125E-05
0.080078125,34.6695009124679,2.25494384765625E-05
0.08001708984375,34.6795009124427,2.25341796875E-05
0.08001708984375,34.6895009124174,2.25555419921875E-05
0.08001708984375,34.6995009123922,2.2528076171875E-05
0.08001708984375,34.7095009123669,2.255859375E-05
0.079986572265625,34.7195009123417,2.2528076171875E-05
0.080047607421875,34.7295009123164,2.25372314453125E-05
0.080078125,34.7395009122912,2.25433349609375E-05
0.080078125,34.7495009122659,2.2515869140625E-05
0.08001708984375,34.7595009122407,2.254638671875E-05
0.080078125,34.7695009122154,2.2528076171875E-05
0.080047607421875,34.7795009121902,2.25189208984375E-05
0.080078125,34.789500912165,2.25311279296875E-05
0.080108642578125,34.7995009121397,2.2503662109375E-05
0.08001708984375,34.8095009121145,2.25372314453125E-05
0.080047607421875,34.8195009120892,2.2528076171875E-05
0.080047607421875,34.829500912064,2.2509765625E-05
0.080047607421875,34.8395009120387,2.25311279296875E-05
0.080078125,34.8495009120135,2.2503662109375E-05
0.08001708984375,34.8595009119882,2.25128173828125E-05
0.08001708984375,34.869500911963,2.25067138671875E-05
0.08001708984375,34.8795009119377,2.24945068359375E-05
0.080078125,34.8895009119125,2.2515869140625E-05
0.080108642578125,34.8995009118872,2.24884033203125E-05
0.080047607421875,34.909500911862,2.2509765625E-05
0.08001708984375,34.9195009118367,2.249755859375E-05
0.08001708984375,34.9295009118115,2.24945068359375E-05
0.08001708984375,34.9395009117862,2.25067138671875E-05
0.08001708984375,34.949500911761,2.24884033203125E-05
0.08001708984375,34.9595009117357,2.25067138671875E-05
0.08001708984375,34.9695009117105,2.24884033203125E-05
0.08001708984375,34.9795009116852,2.2479248046875E-05
0.08001708984375,34.98950091166,2.2503662109375E-05
0.08001708984375,34.9995009116348,2.24578857421875E-05
0.080078125,35.0095009116095,2.249755859375E-05
0.080078125,35.0195009115843,2.24853515625E-05
0.08001708984375,35.029500911559,2.24639892578125E-05
0.079986572265625,35.0395009115338,2.24884033203125E-05
0.080047607421875,35.0495009115085,2.2454833984375E-05
0.08001708984375,35.0595009114833,2.24853515625E-05
0.080078125,35.069500911458,2.247314453125E-05
0.080047607421875,35.0795009114328,2.24578857421875E-05
0.080078125,35.0895009114075,2.24761962890625E-05
0.080108642578125,35.0995009113823,2.24517822265625E-05
0.079986572265625,35.109500911357,2.24609375E-05
0.080047607421875,35.1195009113318,2.2467041015625E-05
0.080078125,35.1295009113065,2.2442626953125E-05
0.080108642578125,35.1395009112813,2.24639892578125E-05
0.0799560546875,35.149500911256,2.24395751953125E-05
0.080047607421875,35.1595009112308,2.24700927734375E-05
0.079986572265625,35.1695009112055,2.244873046875E-05
0.079986572265625,35.1795009111803,2.2442626953125E-05
0.079986572265625,35.1895009111551,2.24578857421875E-05
0.080047607421875,35.1995009111298,2.24334716796875E-05
0.080047607421875,35.2095009111046,2.24456787109375E-05
0.080047607421875,35.2195009110793,2.24334716796875E-05
0.0799560546875,35.2295009110541,2.2430419921875E-05
0.08001708984375,35.2395009110288,2.24334716796875E-05
0.080078125,35.2495009110036,2.24334716796875E-05
0.080047607421875,35.2595009109783,2.24395751953125E-05
0.080078125,35.2695009109531,2.2430419921875E-05
0.08001708984375,35.2795009109278,2.24273681640625E-05
0.080047607421875,35.2895009109026,2.24365234375E-05
0.080108642578125,35.2995009108773,2.24151611328125E-05
0.08001708984375,35.3095009108521,2.2430419921875E-05
0.08001708984375,35.3195009108268,2.24212646484375E-05
0.080078125,35.3295009108016,2.24151611328125E-05
0.08001708984375,35.3395009107763,2.242431640625E-05
0.079986572265625,35.3495009107511,2.2406005859375E-05
0.080078125,35.3595009107258,2.24212646484375E-05
0.080047607421875,35.3695009107006,2.24090576171875E-05
0.080078125,35.3795009106753,2.2406005859375E-05
0.080047607421875,35.3895009106501,2.2406005859375E-05
0.080078125,35.3995009106249,2.23876953125E-05
0.080047607421875,35.4095009105996,2.2412109375E-05
0.080078125,35.4195009105744,2.2393798828125E-05
0.080047607421875,35.4295009105491,2.23846435546875E-05
0.080047607421875,35.4395009105239,2.2406005859375E-05
0.080047607421875,35.4495009104986,2.23846435546875E-05
0.080108642578125,35.4595009104734,2.2406005859375E-05
0.08001708984375,35.4695009104481,2.239990234375E-05
0.080078125,35.4795009104229,2.23846435546875E-05
0.08001708984375,35.4895009103976,2.24090576171875E-05
0.0799560546875,35.4995009103724,2.23724365234375E-05
0.079986572265625,35.5095009103471,2.24029541015625E-05
0.080078125,35.5195009103219,2.2381591796875E-05
0.080047607421875,35.5295009102966,2.2369384765625E-05
0.08001708984375,35.5395009102714,2.2381591796875E-05
0.080047607421875,35.5495009102461,2.235107421875E-05
0.08001708984375,35.5595009102209,2.23724365234375E-05
0.0799560546875,35.5695009101956,2.2369384765625E-05
0.079986572265625,35.5795009101704,2.235107421875E-05
0.08001708984375,35.5895009101451,2.23846435546875E-05
0.079986572265625,35.5995009101199,2.2344970703125E-05
0.08001708984375,35.6095009100947,2.2369384765625E-05
0.08001708984375,35.6195009100694,2.23663330078125E-05
0.080047607421875,35.6295009100442,2.2357177734375E-05
0.080078125,35.6395009100189,2.2369384765625E-05
0.080047607421875,35.6495009099937,2.23541259765625E-05
0.080078125,35.6595009099684,2.2369384765625E-05
0.079986572265625,35.6695009099432,2.2357177734375E-05
0.08001708984375,35.6795009099179,2.235107421875E-05
0.080047607421875,35.6895009098927,2.2357177734375E-05
0.080047607421875,35.6995009098674,2.232666015625E-05
0.079986572265625,35.7095009098422,2.2357177734375E-05
0.08001708984375,35.7195009098169,2.23480224609375E-05
0.08001708984375,35.7295009097917,2.2332763671875E-05
0.079986572265625,35.7395009097664,2.236328125E-05
0.080047607421875,35.7495009097412,2.2332763671875E-05
0.080047607421875,35.7595009097159,2.2357177734375E-05
0.080047607421875,35.7695009096907,2.23358154296875E-05
0.08001708984375,35.7795009096654,2.23419189453125E-05
0.08001708984375,35.7895009096402,2.23480224609375E-05
0.080047607421875,35.7995009096149,2.232666015625E-05
0.080047607421875,35.8095009095897,2.23480224609375E-05
0.08001708984375,35.8195009095645,2.2332763671875E-05
0.080078125,35.8295009095392,2.232666015625E-05
0.080078125,35.839500909514,2.2344970703125E-05
0.08001708984375,35.8495009094887,2.23052978515625E-05
