WE(1).Potential (V),Time (s),WE(1).Current (A)
-0.000143432617187494,0.350853999114179,-3.17382812500003E-07
-0.0001220703125,0.360853999088931,-3.72314453124994E-07
-0.000119018554687503,0.370853999063684,-3.509521484375E-07
-0.0001373291015625,0.380853999038436,-3.47900390625003E-07
-0.0001220703125,0.390853999013189,-3.662109375E-07
-0.000134277343750003,0.400853998987941,-3.204345703125E-07
-0.000125122070312497,0.410853998962693,-3.51562499999999E-07
-0.000134277343750003,0.420853998937446,-3.62243652343749E-07
-0.000112915039062494,0.430853998912198,-3.277587890625E-07
-0.000131225585937506,0.440853998886951,-3.46984863281249E-07
-0.000131225585937506,0.450853998861703,-2.3223876953125E-07
-0.000112915039062494,0.460853998836456,-2.4871826171875E-07
-0.000115966796875006,0.470853998811208,-2.42919921875E-07
-0.000112915039062494,0.48085399878596,-2.2247314453125E-07
-0.0001220703125,0.490853998760713,-2.5665283203125E-07
-0.0001068115234375,0.500853998735465,-2.3431396484375E-07
-0.000119018554687503,0.510853998710218,-2.3590087890625E-07
-0.000115966796875006,0.52085399868497,-2.36572265625E-07
-0.000125122070312497,0.530853998659722,-2.18505859375E-07
-0.000112915039062494,0.540853998634475,-2.264404296875E-07
-0.000125122070312497,0.550853998609227,-2.056884765625E-07
-0.000115966796875006,0.56085399858398,-2.1514892578125E-07
-0.0001068115234375,0.570853998558732,-2.2857666015625E-07
-0.000103759765625003,0.580853998533485,-2.0111083984375E-07
-0.000103759765625003,0.590853998508237,-2.3101806640625E-07
-0.000119018554687503,0.600853998482989,-1.93359375E-07
-0.000115966796875006,0.610853998457742,-2.069091796875E-07
-0.000112915039062494,0.620853998432494,-2.1820068359375E-07
-0.000125122070312497,0.630853998407247,-1.94671630859375E-07
-0.0001220703125,0.640853998381999,-2.0709228515625E-07
-0.000115966796875006,0.650853998356752,-1.96685791015625E-07
-0.000134277343750003,0.660853998331504,-2.0721435546875E-07
-0.000131225585937506,0.670853998306256,-2.1453857421875E-07
-0.000140380859374997,0.680853998281009,-1.8096923828125E-07
-0.000112915039062494,0.690853998255761,-2.008056640625E-07
-0.000146484375000006,0.700853998230514,-1.7852783203125E-07
-0.0001220703125,0.710853998205266,-1.959228515625E-07
-0.000128173828124994,0.720853998180019,-1.9696044921875E-07
-0.000143432617187494,0.730853998154771,-1.7205810546875E-07
-0.000128173828124994,0.740853998129523,-1.9989013671875E-07
-0.000125122070312497,0.750853998104276,-1.8109130859375E-07
-0.0001220703125,0.760853998079028,-1.837158203125E-07
-0.0001068115234375,0.770853998053781,-1.8701171875E-07
-0.000134277343750003,0.780853998028533,-1.751708984375E-07
-0.000158691406249994,0.790853998003286,-2.0355224609375E-07
-0.000115966796875006,0.800853997978038,-1.73980712890625E-07
-0.000152587890625,0.81085399795279,-1.824951171875E-07
-0.000134277343750003,0.820853997927543,-1.81884765625E-07
-0.0001373291015625,0.830853997902295,-1.6632080078125E-07
-0.000103759765625003,0.840853997877048,-2.032470703125E-07
-0.000119018554687503,0.8508539978518,-1.61895751953125E-07
-0.0001220703125,0.860853997826553,-1.69403076171875E-07
-9.46044921874972E-05,0.870853997801305,-1.9439697265625E-07
-0.000125122070312497,0.880853997776057,-1.605224609375E-07
-0.0001373291015625,0.89085399775081,-1.8707275390625E-07
-0.000143432617187494,0.900853997725562,-1.5771484375E-07
-0.0001068115234375,0.910853997700315,-1.73797607421875E-07
-0.000103759765625003,0.920853997675067,-1.7791748046875E-07
-0.0001373291015625,0.93085399764982,-1.47705078125E-07
-0.000134277343750003,0.940853997624572,-1.7486572265625E-07
-0.000131225585937506,0.950853997599324,-1.5045166015625E-07
-0.000125122070312497,0.960853997574077,-1.7083740234375E-07
-0.0001373291015625,0.970853997548829,-1.62261962890625E-07
-0.000112915039062494,0.980853997523582,-1.4892578125E-07
-0.000128173828124994,0.990853997498334,-1.7120361328125E-07
-0.000112915039062494,1.00085399747309,-1.5380859375E-07
-0.000131225585937506,1.01085399744784,-1.60491943359375E-07
-0.000125122070312497,1.02085399742259,-1.69891357421875E-07
-0.000112915039062494,1.03085399739734,-1.5380859375E-07
-0.000131225585937506,1.0408539973721,-1.903076171875E-07
-0.000103759765625003,1.05085399734685,-1.5045166015625E-07
-0.000131225585937506,1.0608539973216,-1.48193359375E-07
-0.000140380859374997,1.07085399729635,-1.605224609375E-07
-0.0001373291015625,1.08085399727111,-1.4556884765625E-07
-0.000112915039062494,1.09085399724586,-1.62353515625E-07
-0.000100708007812506,1.10085399722061,-1.44775390625E-07
-9.1552734375E-05,1.11085399719536,-1.453857421875E-07
-0.000112915039062494,1.12085399717012,-1.5625E-07
-0.0001373291015625,1.13085399714487,-1.3214111328125E-07
-0.0001068115234375,1.14085399711962,-1.74072265625E-07
-0.0001068115234375,1.15085399709437,-1.385498046875E-07
-0.000149536132812503,1.16085399706913,-1.43402099609375E-07
-0.000100708007812506,1.17085399704388,-1.41815185546875E-07
-0.000131225585937506,1.18085399701863,-1.29425048828125E-07
-9.1552734375E-05,1.19085399699338,-1.57379150390625E-07
-9.46044921874972E-05,1.20085399696814,-1.3201904296875E-07
-0.000119018554687503,1.21085399694289,-1.5069580078125E-07
-0.000103759765625003,1.22085399691764,-1.56036376953125E-07
-0.000103759765625003,1.23085399689239,-1.31500244140625E-07
-0.000115966796875006,1.24085399686714,-1.56524658203125E-07
-0.000109863281249997,1.2508539968419,-1.23077392578125E-07
-0.0001220703125,1.26085399681665,-1.4312744140625E-07
-0.000115966796875006,1.2708539967914,-1.48468017578125E-07
-0.000112915039062494,1.28085399676615,-1.21002197265625E-07
-0.000131225585937506,1.29085399674091,-1.4923095703125E-07
-0.000103759765625003,1.30085399671566,-1.182861328125E-07
-0.0001373291015625,1.31085399669041,-1.4178466796875E-07
-0.000131225585937506,1.32085399666516,-1.35345458984375E-07
-0.000115966796875006,1.33085399663992,-1.17340087890625E-07
-0.000125122070312497,1.34085399661467,-1.502685546875E-07
-0.000115966796875006,1.35085399658942,-1.29730224609375E-07
-0.000125122070312497,1.36085399656417,-1.4874267578125E-07
-0.000112915039062494,1.37085399653893,-1.6192626953125E-07
-0.000134277343750003,1.38085399651368,-1.27838134765625E-07
-0.000128173828124994,1.39085399648843,-1.4801025390625E-07
-9.1552734375E-05,1.40085399646318,-1.28021240234375E-07
-0.0001068115234375,1.41085399643794,-1.33758544921875E-07
-0.000125122070312497,1.42085399641269,-1.47705078125E-07
-9.46044921874972E-05,1.43085399638744,-1.09130859375E-07
-0.000119018554687503,1.44085399636219,-1.5350341796875E-07
-6.103515625E-05,1.45085399633695,-1.30157470703125E-07
-0.000131225585937506,1.4608539963117,-1.37969970703125E-07
-0.000112915039062494,1.47085399628645,-1.4178466796875E-07
-0.000125122070312497,1.4808539962612,-1.2567138671875E-07
-0.000131225585937506,1.49085399623596,-1.4984130859375E-07
-0.0001220703125,1.50085399621071,-1.23321533203125E-07
-0.000115966796875006,1.51085399618546,-1.3433837890625E-07
-0.000112915039062494,1.52085399616021,-1.30950927734375E-07
-0.000128173828124994,1.53085399613497,-1.17340087890625E-07
-0.000119018554687503,1.54085399610972,-1.42425537109375E-07
-8.23974609374944E-05,1.55085399608447,-1.1834716796875E-07
-0.000125122070312497,1.56085399605922,-1.35650634765625E-07
-0.000119018554687503,1.57085399603397,-1.38946533203125E-07
-0.000125122070312497,1.58085399600873,-1.15966796875E-07
-0.000155639648437497,1.59085399598348,-1.3763427734375E-07
-8.54492187500056E-05,1.60085399595823,-1.18255615234375E-07
-0.000131225585937506,1.61085399593298,-1.3250732421875E-07
-0.000140380859374997,1.62085399590774,-1.385498046875E-07
-0.0001068115234375,1.63085399588249,-1.273193359375E-07
-0.000131225585937506,1.64085399585724,-1.44287109375E-07
-8.85009765625028E-05,1.65085399583199,-1.18316650390625E-07
-0.000140380859374997,1.66085399580675,-1.33941650390625E-07
-0.0001068115234375,1.6708539957815,-1.322021484375E-07
-0.000112915039062494,1.68085399575625,-1.160888671875E-07
-0.0001068115234375,1.690853995731,-1.2744140625E-07
-0.0001068115234375,1.70085399570576,-1.14349365234375E-07
-0.000119018554687503,1.71085399568051,-1.25213623046875E-07
-0.000112915039062494,1.72085399565526,-1.251220703125E-07
-0.000103759765625003,1.73085399563001,-1.13525390625E-07
-0.0001373291015625,1.74085399560477,-1.416015625E-07
-0.000103759765625003,1.75085399557952,-1.15234375E-07
-0.000146484375000006,1.76085399555427,-1.2445068359375E-07
-0.000112915039062494,1.77085399552902,-1.177978515625E-07
-0.0001373291015625,1.78085399550378,-9.7442626953125E-08
-0.0001068115234375,1.79085399547853,-1.35498046875E-07
-9.1552734375E-05,1.80085399545328,-1.0247802734375E-07
-0.000143432617187494,1.81085399542803,-1.2384033203125E-07
-0.000146484375000006,1.82085399540279,-1.175537109375E-07
-0.0001068115234375,1.83085399537754,-1.05743408203125E-07
-0.000128173828124994,1.84085399535229,-1.31103515625E-07
-0.000100708007812506,1.85085399532704,-1.03851318359375E-07
-0.000149536132812503,1.8608539953018,-1.12762451171875E-07
-0.000119018554687503,1.87085399527655,-1.270751953125E-07
-0.000143432617187494,1.8808539952513,-1.10382080078125E-07
-0.000119018554687503,1.89085399522605,-1.3519287109375E-07
-0.000112915039062494,1.90085399520081,-1.03759765625E-07
-0.0001220703125,1.91085399517556,-1.20147705078125E-07
-0.000115966796875006,1.92085399515031,-1.1962890625E-07
-0.000131225585937506,1.93085399512506,-1.04705810546875E-07
-0.000134277343750003,1.94085399509981,-1.34918212890625E-07
-0.000134277343750003,1.95085399507457,-1.05987548828125E-07
-0.000115966796875006,1.96085399504932,-1.158447265625E-07
-0.000134277343750003,1.97085399502407,-1.20635986328125E-07
-0.000131225585937506,1.98085399499882,-9.564208984375E-08
-0.000128173828124994,1.99085399497358,-1.2445068359375E-07
-0.000143432617187494,2.00085399494833,-1.05010986328125E-07
-0.000125122070312497,2.01085399492308,-1.27838134765625E-07
-0.000119018554687503,2.02085399489783,-1.1383056640625E-07
-0.000140380859374997,2.03085399487259,-1.0302734375E-07
-0.000134277343750003,2.04085399484734,-1.22100830078125E-07
-0.000119018554687503,2.05085399482209,-1.0125732421875E-07
-0.000112915039062494,2.06085399479684,-1.27655029296875E-07
-0.000140380859374997,2.0708539947716,-1.27349853515625E-07
-0.0001220703125,2.08085399474635,-1.0498046875E-07
-0.000125122070312497,2.0908539947211,-1.329345703125E-07
-0.000119018554687503,2.10085399469585,-1.01593017578125E-07
-0.0001068115234375,2.11085399467061,-1.21551513671875E-07
-0.000100708007812506,2.12085399464536,-1.1553955078125E-07
-0.000115966796875006,2.13085399462011,-1.068115234375E-07
-0.000119018554687503,2.14085399459486,-1.3348388671875E-07
-0.000134277343750003,2.15085399456962,-1.0467529296875E-07
-0.000119018554687503,2.16085399454437,-1.06475830078125E-07
-0.000134277343750003,2.17085399451912,-1.1138916015625E-07
-0.000143432617187494,2.18085399449387,-9.21630859375E-08
-0.000128173828124994,2.19085399446863,-1.21673583984375E-07
-9.46044921874972E-05,2.20085399444338,-9.4635009765625E-08
-0.0001220703125,2.21085399441813,-1.15814208984375E-07
-0.000100708007812506,2.22085399439288,-9.7930908203125E-08
-0.0001068115234375,2.23085399436764,-9.2681884765625E-08
-0.000134277343750003,2.24085399434239,-1.08612060546875E-07
-9.46044921874972E-05,2.25085399431714,-8.160400390625E-08
-0.000109863281249997,2.26085399429189,-1.06292724609375E-07
-0.000109863281249997,2.27085399426664,-1.0614013671875E-07
-0.000115966796875006,2.2808539942414,-9.5611572265625E-08
-8.23974609374944E-05,2.29085399421615,-1.12274169921875E-07
-0.000109863281249997,2.3008539941909,-9.051513671875E-08
-0.000115966796875006,2.31085399416565,-9.454345703125E-08
-0.000125122070312497,2.32085399414041,-1.0931396484375E-07
-0.000134277343750003,2.33085399411516,-8.3831787109375E-08
-0.000115966796875006,2.34085399408991,-1.131591796875E-07
-0.000119018554687503,2.35085399406466,-8.3221435546875E-08
-0.000125122070312497,2.36085399403942,-9.8388671875E-08
-0.000119018554687503,2.37085399401417,-1.0943603515625E-07
-0.000125122070312497,2.38085399398892,-8.4991455078125E-08
-0.000115966796875006,2.39085399396367,-1.0882568359375E-07
-7.62939453125E-05,2.40085399393843,-8.221435546875E-08
-0.000119018554687503,2.41085399391318,-9.844970703125E-08
-0.000134277343750003,2.42085399388793,-1.204833984375E-07
-0.000146484375000006,2.43085399386268,-9.7381591796875E-08
-0.000115966796875006,2.44085399383744,-1.2615966796875E-07
-0.000100708007812506,2.45085399381219,-8.5968017578125E-08
-0.000112915039062494,2.46085399378694,-1.00738525390625E-07
-0.000134277343750003,2.47085399376169,-1.08184814453125E-07
-0.000134277343750003,2.48085399373645,-8.67919921875E-08
-0.000119018554687503,2.4908539937112,-1.1474609375E-07
-0.0001068115234375,2.50085399368595,-8.7982177734375E-08
-0.000146484375000006,2.5108539936607,-1.0205078125E-07
-0.000109863281249997,2.52085399363546,-1.1016845703125E-07
-0.000115966796875006,2.53085399361021,-8.782958984375E-08
-0.000140380859374997,2.54085399358496,-1.11114501953125E-07
-0.0001220703125,2.55085399355971,-8.75244140625E-08
-0.000128173828124994,2.56085399353447,-1.02996826171875E-07
-0.000125122070312497,2.57085399350922,-1.13555908203125E-07
-0.000115966796875006,2.58085399348397,-9.8297119140625E-08
-0.000119018554687503,2.59085399345872,-1.12884521484375E-07
-8.85009765625028E-05,2.60085399343347,-7.989501953125E-08
-0.000125122070312497,2.61085399340823,-9.2498779296875E-08
-0.0001220703125,2.62085399338298,-1.06414794921875E-07
-0.000152587890625,2.63085399335773,-8.7982177734375E-08
-0.000143432617187494,2.64085399333248,-1.1492919921875E-07
-0.000134277343750003,2.65085399330724,-8.28857421875E-08
-0.000115966796875006,2.66085399328199,-1.05712890625E-07
-0.000140380859374997,2.67085399325674,-1.01776123046875E-07
-0.000100708007812506,2.68085399323149,-9.832763671875E-08
-0.000115966796875006,2.69085399320625,-1.03759765625E-07
-0.000100708007812506,2.700853993181,-8.4747314453125E-08
-0.000128173828124994,2.71085399315575,-1.01409912109375E-07
-0.0001373291015625,2.7208539931305,-1.16851806640625E-07
-9.76562499999944E-05,2.73085399310526,-8.599853515625E-08
-0.000128173828124994,2.74085399308001,-1.07208251953125E-07
-0.000115966796875006,2.75085399305476,-8.087158203125E-08
-0.000109863281249997,2.76085399302951,-1.007080078125E-07
-0.000128173828124994,2.77085399300427,-1.0455322265625E-07
-0.000131225585937506,2.78085399297902,-8.660888671875E-08
-0.000112915039062494,2.79085399295377,-1.04827880859375E-07
-0.000146484375000006,2.80085399292852,-8.2183837890625E-08
-0.000131225585937506,2.81085399290328,-9.6038818359375E-08
-0.000131225585937506,2.82085399287803,-9.8907470703125E-08
-0.000131225585937506,2.83085399285278,-8.074951171875E-08
-0.0001068115234375,2.84085399282753,-9.9761962890625E-08
-0.000125122070312497,2.85085399280229,-6.5399169921875E-08
-0.000109863281249997,2.86085399277704,-8.953857421875E-08
-0.000128173828124994,2.87085399275179,-8.7127685546875E-08
-0.000146484375000006,2.88085399272654,-7.0709228515625E-08
-0.000109863281249997,2.8908539927013,-9.89990234375E-08
-0.000100708007812506,2.90085399267605,-6.231689453125E-08
-9.76562499999944E-05,2.9108539926508,-9.1033935546875E-08
-0.000128173828124994,2.92085399262555,-8.6151123046875E-08
-0.000112915039062494,2.9308539926003,-8.1024169921875E-08
-0.000100708007812506,2.94085399257506,-9.7869873046875E-08
-0.000128173828124994,2.95085399254981,-7.5714111328125E-08
-0.000140380859374997,2.96085399252456,-1.01409912109375E-07
-0.000128173828124994,2.97085399249931,-9.8846435546875E-08
-0.000119018554687503,2.98085399247407,-7.53173828125E-08
-0.000131225585937506,2.99085399244882,-1.136474609375E-07
-0.000131225585937506,3.00085399242357,-8.1573486328125E-08
-0.0001068115234375,3.01085399239832,-9.0118408203125E-08
-0.0001220703125,3.02085399237308,-8.880615234375E-08
-9.46044921874972E-05,3.03085399234783,-8.2305908203125E-08
-0.000115966796875006,3.04085399232258,-1.06231689453125E-07
-0.000128173828124994,3.05085399229733,-7.0587158203125E-08
-0.000103759765625003,3.06085399227209,-8.9630126953125E-08
-0.000119018554687503,3.07085399224684,-9.60693359375E-08
-0.0001220703125,3.08085399222159,-7.6080322265625E-08
-0.000115966796875006,3.09085399219634,-1.0040283203125E-07
-0.000170898437499997,3.1008539921711,-6.70166015625E-08
-0.000128173828124994,3.11085399214585,-9.3963623046875E-08
-0.000103759765625003,3.1208539921206,-9.1461181640625E-08
-0.000125122070312497,3.13085399209535,-6.9305419921875E-08
-0.000125122070312497,3.14085399207011,-1.11083984375E-07
-6.71386718749944E-05,3.15085399204486,-7.6202392578125E-08
-9.1552734375E-05,3.16085399201961,-8.636474609375E-08
-0.000128173828124994,3.17085399199436,-7.2723388671875E-08
-0.0001220703125,3.18085399196912,-6.7291259765625E-08
-0.000100708007812506,3.19085399194387,-1.00189208984375E-07
-0.0001220703125,3.20085399191862,-6.610107421875E-08
-0.000109863281249997,3.21085399189337,-9.3048095703125E-08
-9.46044921874972E-05,3.22085399186813,-8.6669921875E-08
-0.000115966796875006,3.23085399184288,-8.599853515625E-08
-9.1552734375E-05,3.24085399181763,-9.3231201171875E-08
-0.000112915039062494,3.25085399179238,-7.391357421875E-08
-0.0001068115234375,3.26085399176714,-9.4451904296875E-08
-8.85009765625028E-05,3.27085399174189,-9.259033203125E-08
-0.000125122070312497,3.28085399171664,-7.1075439453125E-08
-0.000112915039062494,3.29085399169139,-8.917236328125E-08
-0.0001068115234375,3.30085399166614,-6.2103271484375E-08
-0.000100708007812506,3.3108539916409,-9.41162109375E-08
-0.0001373291015625,3.32085399161565,-9.4451904296875E-08
-0.000109863281249997,3.3308539915904,-7.4737548828125E-08
-0.0001220703125,3.34085399156515,-9.9945068359375E-08
-0.000140380859374997,3.35085399153991,-7.6202392578125E-08
-0.000140380859374997,3.36085399151466,-9.4207763671875E-08
-0.0001068115234375,3.37085399148941,-9.722900390625E-08
-0.0001373291015625,3.38085399146416,-7.60498046875E-08
-0.000115966796875006,3.39085399143892,-9.423828125E-08
-0.000131225585937506,3.40085399141367,-7.32421875E-08
-0.0001220703125,3.41085399138842,-9.3505859375E-08
-0.000140380859374997,3.42085399136317,-9.8663330078125E-08
-0.000149536132812503,3.43085399133793,-7.8369140625E-08
-0.000115966796875006,3.44085399131268,-8.9111328125E-08
-0.000134277343750003,3.45085399128743,-6.8115234375E-08
-0.000119018554687503,3.46085399126218,-9.1217041015625E-08
-0.000115966796875006,3.47085399123694,-9.716796875E-08
-0.000125122070312497,3.48085399121169,-7.06787109375E-08
-0.000103759765625003,3.49085399118644,-9.2132568359375E-08
-9.76562499999944E-05,3.50085399116119,-6.7779541015625E-08
-0.000149536132812503,3.51085399113595,-8.6822509765625E-08
-0.000119018554687503,3.5208539911107,-7.8155517578125E-08
-0.000134277343750003,3.53085399108545,-6.8756103515625E-08
-0.000131225585937506,3.5408539910602,-8.770751953125E-08
-7.32421875000028E-05,3.55085399103496,-6.1737060546875E-08
-0.000119018554687503,3.56085399100971,-8.8226318359375E-08
-0.000109863281249997,3.57085399098446,-9.124755859375E-08
-0.0001373291015625,3.58085399095921,-7.391357421875E-08
-0.000115966796875006,3.59085399093397,-9.857177734375E-08
-0.000100708007812506,3.60085399090872,-6.5704345703125E-08
-0.000119018554687503,3.61085399088347,-8.4747314453125E-08
-0.000115966796875006,3.62085399085822,-7.965087890625E-08
-0.0001373291015625,3.63085399083297,-6.14013671875E-08
-0.000115966796875006,3.64085399080773,-8.4716796875E-08
-0.000140380859374997,3.65085399078248,-7.0343017578125E-08
-0.000125122070312497,3.66085399075723,-8.41064453125E-08
-0.000103759765625003,3.67085399073198,-8.6181640625E-08
-0.000128173828124994,3.68085399070674,-7.843017578125E-08
-0.000146484375000006,3.69085399068149,-8.11767578125E-08
-0.000140380859374997,3.70085399065624,-5.9967041015625E-08
-9.46044921874972E-05,3.71085399063099,-9.0118408203125E-08
-0.000128173828124994,3.72085399060575,-8.6212158203125E-08
-0.000128173828124994,3.7308539905805,-8.4228515625E-08
-0.000100708007812506,3.74085399055525,-1.11358642578125E-07
-0.000125122070312497,3.75085399053,-6.817626953125E-08
-0.000100708007812506,3.76085399050476,-8.392333984375E-08
-0.000131225585937506,3.77085399047951,-9.967041015625E-08
-0.000131225585937506,3.78085399045426,-8.5784912109375E-08
-9.46044921874972E-05,3.79085399042901,-9.9273681640625E-08
-0.000134277343750003,3.80085399040377,-7.3944091796875E-08
-0.000125122070312497,3.81085399037852,-9.686279296875E-08
-0.000112915039062494,3.82085399035327,-8.441162109375E-08
-0.000115966796875006,3.83085399032802,-5.82275390625E-08
-0.0001220703125,3.84085399030278,-8.9141845703125E-08
-0.0001373291015625,3.85085399027753,-6.6680908203125E-08
-0.000149536132812503,3.86085399025228,-8.7615966796875E-08
-0.000109863281249997,3.87085399022703,-8.489990234375E-08
-0.000109863281249997,3.88085399020179,-6.4483642578125E-08
-9.76562499999944E-05,3.89085399017654,-8.1298828125E-08
-0.000109863281249997,3.90085399015129,-5.1910400390625E-08
-9.46044921874972E-05,3.91085399012604,-8.3221435546875E-08
-0.000128173828124994,3.9208539901008,-7.7789306640625E-08
-0.0001373291015625,3.93085399007555,-6.500244140625E-08
-0.0001373291015625,3.9408539900503,-9.3536376953125E-08
-0.000131225585937506,3.95085399002505,-5.792236328125E-08
-0.000131225585937506,3.9608539899998,-6.9488525390625E-08
-0.0001220703125,3.97085398997456,-8.0169677734375E-08
-0.000146484375000006,3.98085398994931,-5.133056640625E-08
-0.000128173828124994,3.99085398992406,-8.6151123046875E-08
-0.000128173828124994,4.00085398989881,-5.792236328125E-08
-9.1552734375E-05,4.01085398987357,-7.269287109375E-08
-0.000131225585937506,4.02085398984832,-7.8338623046875E-08
-0.000112915039062494,4.03085398982307,-5.657958984375E-08
-0.000109863281249997,4.04085398979782,-7.745361328125E-08
-0.000152587890625,4.05085398977258,-6.1065673828125E-08
-0.000128173828124994,4.06085398974733,-8.233642578125E-08
-0.0001220703125,4.07085398972208,-8.6578369140625E-08
-0.000119018554687503,4.08085398969683,-6.9854736328125E-08
-9.46044921874972E-05,4.09085398967159,-8.6090087890625E-08
-0.000143432617187494,4.10085398964634,-5.902099609375E-08
-9.46044921874972E-05,4.11085398962109,-8.3465576171875E-08
-0.000131225585937506,4.12085398959584,-7.7423095703125E-08
-0.000100708007812506,4.1308539895706,-7.073974609375E-08
-0.000115966796875006,4.14085398954535,-9.11865234375E-08
-0.000134277343750003,4.1508539895201,-4.8248291015625E-08
-0.000109863281249997,4.16085398949485,-8.7615966796875E-08
-0.000146484375000006,4.17085398946961,-8.1756591796875E-08
-0.000125122070312497,4.18085398944436,-5.2398681640625E-08
-0.0001068115234375,4.19085398941911,-9.173583984375E-08
-0.0001373291015625,4.20085398939386,-6.719970703125E-08
-9.1552734375E-05,4.21085398936862,-7.1685791015625E-08
-0.000134277343750003,4.22085398934337,-8.099365234375E-08
-0.000128173828124994,4.23085398931812,-5.5908203125E-08
-0.000134277343750003,4.24085398929287,-8.58154296875E-08
-0.000119018554687503,4.25085398926763,-5.04150390625E-08
-0.0001068115234375,4.26085398924238,-7.550048828125E-08
-0.000146484375000006,4.27085398921713,-8.3892822265625E-08
-0.000134277343750003,4.28085398919188,-6.1767578125E-08
-0.000125122070312497,4.29085398916664,-7.568359375E-08
-0.000140380859374997,4.30085398914139,-7.1807861328125E-08
-0.000115966796875006,4.31085398911614,-7.82470703125E-08
-0.000125122070312497,4.32085398909089,-7.818603515625E-08
-0.000103759765625003,4.33085398906564,-6.304931640625E-08
-0.0001220703125,4.3408539890404,-9.2529296875E-08
-0.000100708007812506,4.35085398901515,-5.4718017578125E-08
-0.000109863281249997,4.3608539889899,-7.94677734375E-08
-0.000125122070312497,4.37085398896465,-7.3150634765625E-08
-0.000125122070312497,4.38085398893941,-6.3751220703125E-08
-0.000115966796875006,4.39085398891416,-8.2916259765625E-08
-0.000115966796875006,4.40085398888891,-5.2490234375E-08
-9.76562499999944E-05,4.41085398886366,-6.6650390625E-08
-0.000100708007812506,4.42085398883842,-7.867431640625E-08
-0.000134277343750003,4.43085398881317,-5.1971435546875E-08
-0.000134277343750003,4.44085398878792,-8.48388671875E-08
-0.000115966796875006,4.45085398876267,-5.4412841796875E-08
-0.000128173828124994,4.46085398873743,-7.879638671875E-08
-0.000112915039062494,4.47085398871218,-7.6202392578125E-08
-0.000100708007812506,4.48085398868693,-6.219482421875E-08
-0.000128173828124994,4.49085398866168,-8.72802734375E-08
-9.1552734375E-05,4.50085398863644,-4.541015625E-08
-0.000119018554687503,4.51085398861119,-8.0108642578125E-08
-0.000125122070312497,4.52085398858594,-6.89697265625E-08
-0.000115966796875006,4.53085398856069,-6.036376953125E-08
-9.46044921874972E-05,4.54085398853545,-8.87451171875E-08
-0.000131225585937506,4.5508539885102,-6.1920166015625E-08
-0.000119018554687503,4.56085398848495,-7.3455810546875E-08
-0.000100708007812506,4.5708539884597,-6.5216064453125E-08
-0.000115966796875006,4.58085398843446,-6.1309814453125E-08
-8.85009765625028E-05,4.59085398840921,-9.1033935546875E-08
-0.000100708007812506,4.60085398838396,-5.5511474609375E-08
-0.000119018554687503,4.61085398835871,-7.3211669921875E-08
-0.000109863281249997,4.62085398833347,-7.7911376953125E-08
-0.000103759765625003,4.63085398830822,-5.89599609375E-08
-0.000125122070312497,4.64085398828297,-8.2427978515625E-08
-0.000112915039062494,4.65085398825772,-4.9163818359375E-08
-9.1552734375E-05,4.66085398823247,-5.987548828125E-08
-0.000100708007812506,4.67085398820723,-7.196044921875E-08
-0.000140380859374997,4.68085398818198,-4.962158203125E-08
-0.000131225585937506,4.69085398815673,-7.21435546875E-08
-8.85009765625028E-05,4.70085398813148,-5.5877685546875E-08
-0.000103759765625003,4.71085398810624,-7.8643798828125E-08
-0.000128173828124994,4.72085398808099,-7.427978515625E-08
-0.000125122070312497,4.73085398805574,-7.244873046875E-08
-0.0001220703125,4.74085398803049,-7.9345703125E-08
-0.000112915039062494,4.75085398800525,-4.1412353515625E-08
-0.000125122070312497,4.76085398798,-6.4208984375E-08
-0.000100708007812506,4.77085398795475,-7.720947265625E-08
-0.0001220703125,4.7808539879295,-5.8807373046875E-08
-0.0001220703125,4.79085398790426,-8.0841064453125E-08
-0.000146484375000006,4.80085398787901,-6.0882568359375E-08
-0.000119018554687503,4.81085398785376,-8.0841064453125E-08
-0.000128173828124994,4.82085398782851,-7.769775390625E-08
-0.0001220703125,4.83085398780327,-5.5145263671875E-08
-0.000103759765625003,4.84085398777802,-7.87353515625E-08
-0.000112915039062494,4.85085398775277,-5.67626953125E-08
-0.000115966796875006,4.86085398772752,-6.854248046875E-08
-0.000115966796875006,4.87085398770228,-7.470703125E-08
-0.000119018554687503,4.88085398767703,-5.3497314453125E-08
-0.000152587890625,4.89085398765178,-7.7362060546875E-08
-0.000119018554687503,4.90085398762653,-3.6376953125E-08
-0.000112915039062494,4.91085398760129,-7.71484375E-08
-0.000112915039062494,4.92085398757604,-6.3385009765625E-08
-9.46044921874972E-05,4.93085398755079,-4.0374755859375E-08
-0.000134277343750003,4.94085398752554,-7.4432373046875E-08
-0.0001068115234375,4.9508539875003,-5.4107666015625E-08
-0.000125122070312497,4.96085398747505,-7.48291015625E-08
-0.0001220703125,4.9708539874498,-7.8369140625E-08
-0.000125122070312497,4.98085398742455,-6.53076171875E-08
-0.000125122070312497,4.9908539873993,-8.245849609375E-08
-0.0001220703125,5.00085398737406,-5.865478515625E-08
-0.000103759765625003,5.01085398734881,-8.1024169921875E-08
-0.0001068115234375,5.02085398732356,-8.160400390625E-08
-0.0001068115234375,5.03085398729831,-5.7708740234375E-08
-0.000115966796875006,5.04085398727307,-9.1522216796875E-08
-0.000109863281249997,5.05085398724782,-5.0079345703125E-08
-0.000112915039062494,5.06085398722257,-7.6812744140625E-08
-0.0001220703125,5.07085398719732,-7.6446533203125E-08
-0.000119018554687503,5.08085398717208,-6.75048828125E-08
-0.000125122070312497,5.09085398714683,-9.89990234375E-08
-0.000125122070312497,5.10085398712158,-5.2337646484375E-08
-0.000112915039062494,5.11085398709633,-7.763671875E-08
-0.000112915039062494,5.12085398707109,-6.7138671875E-08
-0.000112915039062494,5.13085398704584,-6.170654296875E-08
-0.000143432617187494,5.14085398702059,-8.880615234375E-08
-0.000152587890625,5.15085398699534,-4.94384765625E-08
-0.0001220703125,5.1608539869701,-6.2652587890625E-08
-0.000109863281249997,5.17085398694485,-6.988525390625E-08
-0.000115966796875006,5.1808539869196,-7.16552734375E-08
-0.000125122070312497,5.19085398689435,-8.6944580078125E-08
-0.000134277343750003,5.20085398686911,-6.1309814453125E-08
-0.000100708007812506,5.21085398684386,-9.77783203125E-08
-0.000109863281249997,5.22085398681861,-8.0230712890625E-08
-0.000109863281249997,5.23085398679336,-6.1431884765625E-08
-0.0001220703125,5.24085398676812,-9.7076416015625E-08
-0.000146484375000006,5.25085398674287,-5.712890625E-08
-0.0001068115234375,5.26085398671762,-7.6171875E-08
-0.000115966796875006,5.27085398669237,-7.8155517578125E-08
-0.0001220703125,5.28085398666713,-5.133056640625E-08
-0.0001373291015625,5.29085398664188,-8.6669921875E-08
-0.000119018554687503,5.30085398661663,-6.524658203125E-08
-0.000146484375000006,5.31085398659138,-6.402587890625E-08
-0.0001068115234375,5.32085398656614,-7.3883056640625E-08
-0.000128173828124994,5.33085398654089,-5.487060546875E-08
-0.000119018554687503,5.34085398651564,-9.1827392578125E-08
0.03995361328125,5.82649198528952,1E-05
0.0399078369140625,5.83649198526427,0.0001
0.0398834228515625,5.84649198523903,0.000118377685546875
0.03984375,5.85649198521378,0.00011346435546875
0.0398712158203125,5.86649198518853,0.0001094970703125
0.0398895263671875,5.87649198516328,0.000106170654296875
0.0398651123046875,5.88649198513804,0.000103057861328125
0.0398834228515625,5.89649198511279,0.0001005859375
0.039892578125,5.90649198508754,9.820556640625E-05
0.0398712158203125,5.91649198506229,9.5916748046875E-05
0.0398712158203125,5.92649198503705,9.41162109375E-05
0.03988037109375,5.9364919850118,9.2315673828125E-05
0.0398590087890625,5.94649198498655,9.0606689453125E-05
0.039886474609375,5.9564919849613,8.9141845703125E-05
0.0398681640625,5.96649198493606,8.770751953125E-05
0.039898681640625,5.97649198491081,8.624267578125E-05
0.0398681640625,5.98649198488556,8.4930419921875E-05
0.03988037109375,5.99649198486031,8.38623046875E-05
0.0398773193359375,6.00649198483507,8.2672119140625E-05
0.0398712158203125,6.01649198480982,8.1573486328125E-05
0.039886474609375,6.02649198478457,8.0474853515625E-05
0.0398712158203125,6.03649198475932,7.952880859375E-05
0.0398529052734375,6.04649198473408,7.8582763671875E-05
0.0398651123046875,6.05649198470883,7.763671875E-05
0.0398590087890625,6.06649198468358,7.684326171875E-05
0.0398681640625,6.07649198465833,7.6019287109375E-05
0.039874267578125,6.08649198463308,7.5103759765625E-05
0.0398773193359375,6.09649198460784,7.4493408203125E-05
0.0398773193359375,6.10649198458259,7.3577880859375E-05
0.03985595703125,6.11649198455734,7.2906494140625E-05
0.039886474609375,6.12649198453209,7.21435546875E-05
0.0398681640625,6.13649198450685,7.16552734375E-05
0.03988037109375,6.1464919844816,7.0892333984375E-05
0.039874267578125,6.15649198445635,7.025146484375E-05
0.03988037109375,6.1664919844311,6.9610595703125E-05
0.0398590087890625,6.17649198440586,6.9183349609375E-05
0.0398773193359375,6.18649198438061,6.8450927734375E-05
0.039849853515625,6.19649198435536,6.793212890625E-05
0.03988037109375,6.20649198433011,6.7352294921875E-05
0.0398590087890625,6.21649198430487,6.6864013671875E-05
0.0398681640625,6.22649198427962,6.6314697265625E-05
0.0398681640625,6.23649198425437,6.5826416015625E-05
0.0398834228515625,6.24649198422912,6.536865234375E-05
0.039862060546875,6.25649198420388,6.4849853515625E-05
0.039886474609375,6.26649198417863,6.4422607421875E-05
0.0398651123046875,6.27649198415338,6.3934326171875E-05
0.0398590087890625,6.28649198412813,6.3568115234375E-05
0.0398681640625,6.29649198410289,6.298828125E-05
0.03985595703125,6.30649198407764,6.2713623046875E-05
0.039892578125,6.31649198405239,6.219482421875E-05
0.03988037109375,6.32649198402714,6.1767578125E-05
0.03985595703125,6.3364919840019,6.14013671875E-05
0.03985595703125,6.34649198397665,6.109619140625E-05
0.0398773193359375,6.3564919839514,6.0760498046875E-05
0.0398712158203125,6.36649198392615,6.036376953125E-05
0.0398468017578125,6.37649198390091,5.99365234375E-05
0.0398468017578125,6.38649198387566,5.95703125E-05
0.0398773193359375,6.39649198385041,5.9295654296875E-05
0.039874267578125,6.40649198382516,5.8868408203125E-05
0.039862060546875,6.41649198379992,5.8563232421875E-05
0.0398895263671875,6.42649198377467,5.82275390625E-05
0.03984375,6.43649198374942,5.7891845703125E-05
0.0398681640625,6.44649198372417,5.7586669921875E-05
0.0398773193359375,6.45649198369892,5.731201171875E-05
0.0398651123046875,6.46649198367368,5.70068359375E-05
0.039849853515625,6.47649198364843,5.6671142578125E-05
0.039862060546875,6.48649198362318,5.6304931640625E-05
0.03988037109375,6.49649198359793,5.6060791015625E-05
0.039862060546875,6.50649198357269,5.5877685546875E-05
0.0398681640625,6.51649198354744,5.5511474609375E-05
0.039886474609375,6.52649198352219,5.52978515625E-05
0.039886474609375,6.53649198349694,5.48095703125E-05
0.0398773193359375,6.5464919834717,5.4718017578125E-05
0.0398712158203125,6.55649198344645,5.438232421875E-05
0.039862060546875,6.5664919834212,5.4229736328125E-05
0.0398773193359375,6.57649198339595,5.3985595703125E-05
0.039849853515625,6.58649198337071,5.3680419921875E-05
0.0398956298828125,6.59649198334546,5.3436279296875E-05
0.0398773193359375,6.60649198332021,5.328369140625E-05
0.0398834228515625,6.61649198329496,5.3009033203125E-05
0.0398529052734375,6.62649198326972,5.2734375E-05
0.03985595703125,6.63649198324447,5.2490234375E-05
0.0398529052734375,6.64649198321922,5.224609375E-05
0.0398681640625,6.65649198319397,5.1971435546875E-05
0.039862060546875,6.66649198316873,5.1788330078125E-05
0.0398681640625,6.67649198314348,5.157470703125E-05
0.0398529052734375,6.68649198311823,5.13916015625E-05
0.0398468017578125,6.69649198309298,5.108642578125E-05
0.0398681640625,6.70649198306774,5.1055908203125E-05
0.03988037109375,6.71649198304249,5.0750732421875E-05
0.0398681640625,6.72649198301724,5.0537109375E-05
0.0398345947265625,6.73649198299199,5.0262451171875E-05
0.039862060546875,6.74649198296675,5.0079345703125E-05
0.039874267578125,6.7564919829415,4.998779296875E-05
0.03983154296875,6.76649198291625,4.974365234375E-05
0.0398834228515625,6.776491982891,4.9560546875E-05
0.0398651123046875,6.78649198286575,4.931640625E-05
0.0398712158203125,6.79649198284051,4.9102783203125E-05
0.0398834228515625,6.80649198281526,4.90509033203125E-05
0.0398895263671875,6.81649198279001,4.8846435546875E-05
0.039886474609375,6.82649198276476,4.86846923828125E-05
0.039862060546875,6.83649198273952,4.84954833984375E-05
0.03988037109375,6.84649198271427,4.83123779296875E-05
0.039898681640625,6.85649198268902,4.8150634765625E-05
0.0399017333984375,6.86649198266377,4.7955322265625E-05
0.0398773193359375,6.87649198263853,4.781494140625E-05
0.0398681640625,6.88649198261328,4.7625732421875E-05
0.0398712158203125,6.89649198258803,4.7467041015625E-05
0.0398956298828125,6.90649198256278,4.73175048828125E-05
0.0398834228515625,6.91649198253754,4.713134765625E-05
0.0399017333984375,6.92649198251229,4.7003173828125E-05
0.039862060546875,6.93649198248704,4.68109130859375E-05
0.039874267578125,6.94649198246179,4.66644287109375E-05
0.0398956298828125,6.95649198243655,4.65240478515625E-05
0.0398651123046875,6.9664919824113,4.63470458984375E-05
0.0398834228515625,6.97649198238605,4.62249755859375E-05
0.03985595703125,6.9864919823608,4.60540771484375E-05
0.0398834228515625,6.99649198233556,4.591064453125E-05
0.039898681640625,7.00649198231031,4.57794189453125E-05
0.039898681640625,7.01649198228506,4.5599365234375E-05
0.0398681640625,7.02649198225981,4.549560546875E-05
0.039849853515625,7.03649198223457,4.53216552734375E-05
0.0398834228515625,7.04649198220932,4.51873779296875E-05
0.039892578125,7.05649198218407,4.505615234375E-05
0.0398773193359375,7.06649198215882,4.49005126953125E-05
0.0398834228515625,7.07649198213358,4.47967529296875E-05
0.0398406982421875,7.08649198210833,4.4635009765625E-05
0.0398712158203125,7.09649198208308,4.44854736328125E-05
0.0398834228515625,7.10649198205783,4.43817138671875E-05
0.039892578125,7.11649198203258,4.4232177734375E-05
0.0398651123046875,7.12649198200734,4.41192626953125E-05
0.039886474609375,7.13649198198209,4.3963623046875E-05
0.0398956298828125,7.14649198195684,4.385986328125E-05
0.0398895263671875,7.15649198193159,4.3731689453125E-05
0.03988037109375,7.16649198190635,4.3585205078125E-05
0.0398651123046875,7.1764919818811,4.3487548828125E-05
0.0398712158203125,7.18649198185585,4.33349609375E-05
0.039886474609375,7.1964919818306,4.3218994140625E-05
0.0398712158203125,7.20649198180536,4.3115234375E-05
0.039892578125,7.21649198178011,4.296875E-05
0.0398834228515625,7.22649198175486,4.28802490234375E-05
0.0398651123046875,7.23649198172961,4.2742919921875E-05
0.0398712158203125,7.24649198170437,4.2620849609375E-05
0.0398773193359375,7.25649198167912,4.2523193359375E-05
0.0399017333984375,7.26649198165387,4.23919677734375E-05
0.039862060546875,7.27649198162862,4.2303466796875E-05
0.0398590087890625,7.28649198160338,4.2169189453125E-05
0.0398681640625,7.29649198157813,4.20623779296875E-05
0.039892578125,7.30649198155288,4.19525146484375E-05
0.0398651123046875,7.31649198152763,4.18304443359375E-05
0.0398590087890625,7.32649198150239,4.1748046875E-05
0.0398773193359375,7.33649198147714,4.161376953125E-05
0.039892578125,7.34649198145189,4.15191650390625E-05
0.0398773193359375,7.35649198142664,4.14215087890625E-05
0.0398712158203125,7.3664919814014,4.12841796875E-05
0.0398651123046875,7.37649198137615,4.122314453125E-05
0.039886474609375,7.3864919813509,4.1094970703125E-05
0.0398651123046875,7.39649198132565,4.09881591796875E-05
0.039862060546875,7.40649198130041,4.08905029296875E-05
0.039886474609375,7.41649198127516,4.07745361328125E-05
0.039862060546875,7.42649198124991,4.07135009765625E-05
0.039892578125,7.43649198122466,4.05975341796875E-05
0.0398773193359375,7.44649198119942,4.05029296875E-05
0.0398834228515625,7.45649198117417,4.04296875E-05
0.039874267578125,7.46649198114892,4.029541015625E-05
0.03988037109375,7.47649198112367,4.02191162109375E-05
0.0398773193359375,7.48649198109842,4.00970458984375E-05
0.039874267578125,7.49649198107318,4.00299072265625E-05
0.0398956298828125,7.50649198104793,3.994140625E-05
0.0399017333984375,7.51649198102268,3.98193359375E-05
0.0398529052734375,7.52649198099743,3.9752197265625E-05
0.0398681640625,7.53649198097219,3.96392822265625E-05
0.039862060546875,7.54649198094694,3.95660400390625E-05
0.0398956298828125,7.55649198092169,3.94775390625E-05
0.039886474609375,7.56649198089644,3.9361572265625E-05
0.0398590087890625,7.5764919808712,3.92974853515625E-05
0.0398834228515625,7.58649198084595,3.91876220703125E-05
0.0398834228515625,7.5964919808207,3.91143798828125E-05
0.0398895263671875,7.60649198079545,3.9031982421875E-05
0.039892578125,7.61649198077021,3.89129638671875E-05
0.039862060546875,7.62649198074496,3.88580322265625E-05
0.0398834228515625,7.63649198071971,3.87420654296875E-05
0.03988037109375,7.64649198069446,3.8665771484375E-05
0.0398590087890625,7.65649198066922,3.85955810546875E-05
0.0398895263671875,7.66649198064397,3.84979248046875E-05
0.0398406982421875,7.67649198061872,3.8446044921875E-05
0.0398590087890625,7.68649198059347,3.83331298828125E-05
0.0398712158203125,7.69649198056823,3.82568359375E-05
0.0398834228515625,7.70649198054298,3.818359375E-05
0.0398956298828125,7.71649198051773,3.807373046875E-05
0.03985595703125,7.72649198049248,3.80462646484375E-05
0.039886474609375,7.73649198046724,3.792724609375E-05
0.0398773193359375,7.74649198044199,3.78631591796875E-05
0.0398895263671875,7.75649198041674,3.779296875E-05
0.0398834228515625,7.76649198039149,3.768310546875E-05
0.0398529052734375,7.77649198036625,3.76373291015625E-05
0.03988037109375,7.786491980341,3.7530517578125E-05
0.039874267578125,7.79649198031575,3.746337890625E-05
0.0398651123046875,7.8064919802905,3.74114990234375E-05
0.0398468017578125,7.81649198026525,3.7310791015625E-05
0.03985595703125,7.82649198024001,3.72467041015625E-05
0.0398651123046875,7.83649198021476,3.7158203125E-05
0.039862060546875,7.84649198018951,3.70819091796875E-05
0.039886474609375,7.85649198016426,3.702392578125E-05
0.0398773193359375,7.86649198013902,3.69354248046875E-05
0.0398590087890625,7.87649198011377,3.68988037109375E-05
0.039910888671875,7.88649198008852,3.67889404296875E-05
0.039874267578125,7.89649198006327,3.67340087890625E-05
0.0398895263671875,7.90649198003803,3.6669921875E-05
0.0398834228515625,7.91649198001278,3.6578369140625E-05
0.0398590087890625,7.92649197998753,3.65447998046875E-05
0.0399017333984375,7.93649197996228,3.64532470703125E-05
0.0398956298828125,7.94649197993704,3.64013671875E-05
0.039862060546875,7.95649197991179,3.6322021484375E-05
0.03988037109375,7.96649197988654,3.624267578125E-05
0.0398529052734375,7.97649197986129,3.62091064453125E-05
0.0399139404296875,7.98649197983605,3.609619140625E-05
0.0398956298828125,7.9964919798108,3.60382080078125E-05
0.039886474609375,8.00649197978555,3.5986328125E-05
0.0398681640625,8.0164919797603,3.59039306640625E-05
0.0398681640625,8.02649197973506,3.58612060546875E-05
0.0399139404296875,8.03649197970981,3.5772705078125E-05
0.0398834228515625,8.04649197968456,3.57208251953125E-05
0.039886474609375,8.05649197965931,3.565673828125E-05
0.039874267578125,8.06649197963407,3.55712890625E-05
0.03985595703125,8.07649197960882,3.55316162109375E-05
0.039892578125,8.08649197958357,3.54400634765625E-05
0.039874267578125,8.09649197955832,3.538818359375E-05
0.0398895263671875,8.10649197953308,3.53302001953125E-05
0.0398681640625,8.11649197950783,3.5247802734375E-05
0.0398712158203125,8.12649197948258,3.5223388671875E-05
0.03990478515625,8.13649197945733,3.51287841796875E-05
0.03985595703125,8.14649197943208,3.50830078125E-05
0.03988037109375,8.15649197940684,3.50341796875E-05
0.03988037109375,8.16649197938159,3.49395751953125E-05
0.0398651123046875,8.17649197935634,3.49090576171875E-05
0.0398895263671875,8.18649197933109,3.4820556640625E-05
0.039898681640625,8.19649197930585,3.4771728515625E-05
0.03988037109375,8.2064919792806,3.47137451171875E-05
0.0398895263671875,8.21649197925535,3.4637451171875E-05
0.0398590087890625,8.2264919792301,3.46099853515625E-05
0.0398895263671875,8.23649197920486,3.4521484375E-05
0.0398590087890625,8.24649197917961,3.448486328125E-05
0.039849853515625,8.25649197915436,3.4423828125E-05
0.039886474609375,8.26649197912911,3.4344482421875E-05
0.039862060546875,8.27649197910387,3.4326171875E-05
0.039892578125,8.28649197907862,3.42254638671875E-05
0.039862060546875,8.29649197905337,3.4185791015625E-05
0.039862060546875,8.30649197902812,3.4149169921875E-05
0.0398834228515625,8.31649197900288,3.40667724609375E-05
0.0398529052734375,8.32649197897763,3.4039306640625E-05
0.039898681640625,8.33649197895238,3.39569091796875E-05
0.039874267578125,8.34649197892713,3.39141845703125E-05
0.0398651123046875,8.35649197890189,3.38623046875E-05
0.039862060546875,8.36649197887664,3.3782958984375E-05
0.0398773193359375,8.37649197885139,3.37615966796875E-05
0.039892578125,8.38649197882614,3.36761474609375E-05
0.0398773193359375,8.3964919788009,3.36395263671875E-05
0.03988037109375,8.40649197877565,3.359375E-05
0.039862060546875,8.4164919787504,3.35296630859375E-05
0.0398681640625,8.42649197872515,3.34930419921875E-05
0.039886474609375,8.43649197869991,3.34197998046875E-05
0.0398712158203125,8.44649197867466,3.33740234375E-05
0.0398712158203125,8.45649197864941,3.33251953125E-05
0.039874267578125,8.46649197862416,3.32489013671875E-05
0.03985595703125,8.47649197859892,3.32427978515625E-05
0.039874267578125,8.48649197857367,3.31512451171875E-05
0.039874267578125,8.49649197854842,3.31329345703125E-05
0.0398834228515625,8.50649197852317,3.3087158203125E-05
0.0398651123046875,8.51649197849792,3.302001953125E-05
0.039862060546875,8.52649197847268,3.29864501953125E-05
0.0399078369140625,8.53649197844743,3.29132080078125E-05
0.039874267578125,8.54649197842218,3.28582763671875E-05
0.039892578125,8.55649197839693,3.2818603515625E-05
0.0398834228515625,8.56649197837169,3.27545166015625E-05
0.039837646484375,8.57649197834644,3.2733154296875E-05
0.0398956298828125,8.58649197832119,3.26507568359375E-05
0.0399017333984375,8.59649197829594,3.2635498046875E-05
0.039892578125,8.6064919782707,3.25897216796875E-05
0.039886474609375,8.61649197824545,3.25225830078125E-05
0.039862060546875,8.6264919782202,3.2489013671875E-05
0.0398956298828125,8.63649197819495,3.2415771484375E-05
0.0398712158203125,8.64649197816971,3.23822021484375E-05
0.039898681640625,8.65649197814446,3.2354736328125E-05
0.0398712158203125,8.66649197811921,3.22723388671875E-05
0.0398651123046875,8.67649197809396,3.226318359375E-05
0.039874267578125,8.68649197806872,3.21868896484375E-05
0.0398773193359375,8.69649197804347,3.214111328125E-05
0.03988037109375,8.70649197801822,3.21075439453125E-05
0.0398681640625,8.71649197799297,3.20343017578125E-05
0.03984375,8.72649197796773,3.20343017578125E-05
0.039898681640625,8.73649197794248,3.194580078125E-05
0.0398681640625,8.74649197791723,3.19122314453125E-05
0.0398590087890625,8.75649197789198,3.1878662109375E-05
0.0398773193359375,8.76649197786674,3.179931640625E-05
0.0398468017578125,8.77649197784149,3.179931640625E-05
0.0399139404296875,8.78649197781624,3.17230224609375E-05
0.039849853515625,8.79649197779099,3.16986083984375E-05
0.0398712158203125,8.80649197776575,3.1658935546875E-05
0.0398834228515625,8.8164919777405,3.15826416015625E-05
0.0398712158203125,8.82649197771525,3.1585693359375E-05
0.0399078369140625,8.83649197769,3.15093994140625E-05
0.0398895263671875,8.84649197766475,3.14697265625E-05
0.0398773193359375,8.85649197763951,3.14453125E-05
0.0398773193359375,8.86649197761426,3.13812255859375E-05
0.03985595703125,8.87649197758901,3.13507080078125E-05
0.039886474609375,8.88649197756376,3.1292724609375E-05
0.0398681640625,8.89649197753852,3.1256103515625E-05
0.0398712158203125,8.90649197751327,3.12225341796875E-05
0.039874267578125,8.91649197748802,3.11614990234375E-05
0.03985595703125,8.92649197746277,3.11431884765625E-05
0.039898681640625,8.93649197743753,3.10760498046875E-05
0.039886474609375,8.94649197741228,3.10455322265625E-05
0.039862060546875,8.95649197738703,3.1011962890625E-05
0.039874267578125,8.96649197736178,3.0950927734375E-05
0.0398712158203125,8.97649197733654,3.09356689453125E-05
0.0398834228515625,8.98649197731129,3.0865478515625E-05
0.0398681640625,8.99649197728604,3.08502197265625E-05
0.039892578125,9.00649197726079,3.0816650390625E-05
0.0398834228515625,9.01649197723555,3.07525634765625E-05
0.0398681640625,9.0264919772103,3.0743408203125E-05
0.0399078369140625,9.03649197718505,3.06732177734375E-05
0.039886474609375,9.0464919771598,3.065185546875E-05
0.039874267578125,9.05649197713456,3.0615234375E-05
0.0398895263671875,9.06649197710931,3.055419921875E-05
0.039849853515625,9.07649197708406,3.05328369140625E-05
0.0398773193359375,9.08649197705881,3.0474853515625E-05
0.0398895263671875,9.09649197703357,3.04473876953125E-05
0.0398712158203125,9.10649197700832,3.0419921875E-05
0.039892578125,9.11649197698307,3.03619384765625E-05
0.0398773193359375,9.12649197695782,3.0352783203125E-05
0.03988037109375,9.13649197693258,3.02886962890625E-05
0.03988037109375,9.14649197690733,3.0255126953125E-05
0.0398651123046875,9.15649197688208,3.0218505859375E-05
0.03988037109375,9.16649197685683,3.01727294921875E-05
0.03984375,9.17649197683158,3.017578125E-05
0.039923095703125,9.18649197680634,3.00994873046875E-05
0.03988037109375,9.19649197678109,3.00750732421875E-05
0.039874267578125,9.20649197675584,3.00537109375E-05
0.0398712158203125,9.21649197673059,2.9986572265625E-05
0.0398712158203125,9.22649197670535,2.99835205078125E-05
0.039874267578125,9.2364919766801,2.99072265625E-05
0.039886474609375,9.24649197665485,2.9888916015625E-05
0.0398773193359375,9.2564919766296,2.98553466796875E-05
0.0398834228515625,9.26649197660436,2.979736328125E-05
0.0398681640625,9.27649197657911,2.97821044921875E-05
0.0398895263671875,9.28649197655386,2.9730224609375E-05
0.0398773193359375,9.29649197652861,2.96966552734375E-05
0.0398681640625,9.30649197650337,2.97027587890625E-05
0.039874267578125,9.31649197647812,2.9620361328125E-05
0.03988037109375,9.32649197645287,2.96234130859375E-05
0.0399078369140625,9.33649197642762,2.955322265625E-05
0.0398468017578125,9.34649197640238,2.95440673828125E-05
0.039849853515625,9.35649197637713,2.9510498046875E-05
0.0398773193359375,9.36649197635188,2.94647216796875E-05
0.03985595703125,9.37649197632663,2.9449462890625E-05
0.0398895263671875,9.38649197630139,2.9376220703125E-05
0.0398895263671875,9.39649197627614,2.93609619140625E-05
0.0399078369140625,9.40649197625089,2.93365478515625E-05
0.039886474609375,9.41649197622564,2.92877197265625E-05
0.0398651123046875,9.4264919762004,2.9278564453125E-05
0.0399078369140625,9.43649197617515,2.921142578125E-05
0.0398956298828125,9.4464919761499,2.91900634765625E-05
0.0398681640625,9.45649197612465,2.91656494140625E-05
0.0398834228515625,9.46649197609941,2.91107177734375E-05
0.0398590087890625,9.47649197607416,2.91046142578125E-05
0.0399017333984375,9.48649197604891,2.9046630859375E-05
0.0399017333984375,9.49649197602366,2.90283203125E-05
0.039874267578125,9.50649197599842,2.89947509765625E-05
0.0398773193359375,9.51649197597317,2.89581298828125E-05
0.0398834228515625,9.52649197594792,2.894287109375E-05
0.0398773193359375,9.53649197592267,2.88818359375E-05
0.0398773193359375,9.54649197589742,2.8863525390625E-05
0.039892578125,9.55649197587218,2.88482666015625E-05
0.0398712158203125,9.56649197584693,2.87933349609375E-05
0.039874267578125,9.57649197582168,2.879638671875E-05
0.0399200439453125,9.58649197579643,2.8729248046875E-05
0.039886474609375,9.59649197577119,2.87261962890625E-05
0.0398712158203125,9.60649197574594,2.86834716796875E-05
0.0398834228515625,9.61649197572069,2.8631591796875E-05
0.039862060546875,9.62649197569544,2.86163330078125E-05
0.0399017333984375,9.6364919756702,2.85675048828125E-05
0.039849853515625,9.64649197564495,2.855224609375E-05
0.039886474609375,9.6564919756197,2.85247802734375E-05
0.0398834228515625,9.66649197559445,2.84698486328125E-05
0.0398712158203125,9.67649197556921,2.8472900390625E-05
0.0398651123046875,9.68649197554396,2.84088134765625E-05
0.039892578125,9.69649197551871,2.838134765625E-05
0.039886474609375,9.70649197549346,2.83660888671875E-05
0.03988037109375,9.71649197546822,2.83233642578125E-05
0.039874267578125,9.72649197544297,2.830810546875E-05
0.0399017333984375,9.73649197541772,2.82440185546875E-05
0.039886474609375,9.74649197539247,2.82470703125E-05
0.039898681640625,9.75649197536723,2.82135009765625E-05
0.0398681640625,9.76649197534198,2.816162109375E-05
0.0398529052734375,9.77649197531673,2.8155517578125E-05
0.039874267578125,9.78649197529148,2.8106689453125E-05
0.039886474609375,9.79649197526624,2.80792236328125E-05
0.0398773193359375,9.80649197524099,2.806396484375E-05
0.0398712158203125,9.81649197521574,2.80120849609375E-05
0.039886474609375,9.82649197519049,2.8021240234375E-05
0.0398895263671875,9.83649197516525,2.79541015625E-05
0.0398773193359375,9.84649197514,2.794189453125E-05
0.0398834228515625,9.85649197511475,2.79266357421875E-05
0.0398956298828125,9.8664919750895,2.78656005859375E-05
0.039910888671875,9.87649197506425,2.78717041015625E-05
0.039886474609375,9.88649197503901,2.7801513671875E-05
0.0398773193359375,9.89649197501376,2.77984619140625E-05
0.0398834228515625,9.90649197498851,2.7777099609375E-05
0.039886474609375,9.91649197496326,2.7716064453125E-05
0.0398590087890625,9.92649197493802,2.77252197265625E-05
0.0398773193359375,9.93649197491277,2.767333984375E-05
0.0398895263671875,9.94649197488752,2.764892578125E-05
0.0398681640625,9.95649197486227,2.7630615234375E-05
0.0398681640625,9.96649197483703,2.7587890625E-05
0.0399139404296875,9.97649197481178,2.757568359375E-05
0.039898681640625,9.98649197478653,2.75146484375E-05
0.0398834228515625,9.99649197476128,2.750244140625E-05
0.039886474609375,10.006491974736,2.74932861328125E-05
0.0398712158203125,10.0164919747108,2.7447509765625E-05
0.0398834228515625,10.0264919746855,2.7435302734375E-05
0.0398834228515625,10.0364919746603,2.73956298828125E-05
0.039862060546875,10.046491974635,2.73712158203125E-05
0.0398895263671875,10.0564919746098,2.73529052734375E-05
0.03988037109375,10.0664919745846,2.72979736328125E-05
0.039898681640625,10.0764919745593,2.7313232421875E-05
0.039886474609375,10.0864919745341,2.7252197265625E-05
0.039862060546875,10.0964919745088,2.72430419921875E-05
0.039892578125,10.1064919744836,2.72186279296875E-05
0.03988037109375,10.1164919744583,2.7166748046875E-05
0.0398895263671875,10.1264919744331,2.71820068359375E-05
0.0398712158203125,10.1364919744078,2.71209716796875E-05
0.039862060546875,10.1464919743826,2.711181640625E-05
0.03990478515625,10.1564919743573,2.708740234375E-05
0.039892578125,10.1664919743321,2.70477294921875E-05
0.0398956298828125,10.1764919743068,2.70416259765625E-05
0.0398834228515625,10.1864919742816,2.6983642578125E-05
0.03988037109375,10.1964919742563,2.6983642578125E-05
0.0398651123046875,10.2064919742311,2.6971435546875E-05
0.0398895263671875,10.2164919742058,2.691650390625E-05
0.039892578125,10.2264919741806,2.691650390625E-05
0.0398834228515625,10.2364919741553,2.6861572265625E-05
0.039892578125,10.2464919741301,2.68463134765625E-05
0.03988037109375,10.2564919741048,2.68280029296875E-05
0.0398712158203125,10.2664919740796,2.67822265625E-05
0.039874267578125,10.2764919740544,2.6788330078125E-05
0.0399017333984375,10.2864919740291,2.67303466796875E-05
0.0398712158203125,10.2964919740039,2.672119140625E-05
0.0398651123046875,10.3064919739786,2.67120361328125E-05
0.0398712158203125,10.3164919739534,2.66632080078125E-05
0.0398895263671875,10.3264919739281,2.66632080078125E-05
0.039898681640625,10.3364919739029,2.66082763671875E-05
0.039886474609375,10.3464919738776,2.65960693359375E-05
0.039874267578125,10.3564919738524,2.65716552734375E-05
0.039849853515625,10.3664919738271,2.652587890625E-05
0.0399200439453125,10.3764919738019,2.6531982421875E-05
0.03988037109375,10.3864919737766,2.64801025390625E-05
0.0398651123046875,10.3964919737514,2.64678955078125E-05
0.039892578125,10.4064919737261,2.6458740234375E-05
0.03988037109375,10.4164919737009,2.6409912109375E-05
0.0398712158203125,10.4264919736756,2.64007568359375E-05
0.03988037109375,10.4364919736504,2.63702392578125E-05
0.03988037109375,10.4464919736251,2.63519287109375E-05
0.03988037109375,10.4564919735999,2.63336181640625E-05
0.039886474609375,10.4664919735746,2.6300048828125E-05
0.0398712158203125,10.4764919735494,2.62908935546875E-05
0.039874267578125,10.4864919735242,2.62359619140625E-05
0.039898681640625,10.4964919734989,2.62359619140625E-05
0.039874267578125,10.5064919734737,2.62176513671875E-05
0.039892578125,10.5164919734484,2.6171875E-05
0.0398895263671875,10.5264919734232,2.6165771484375E-05
0.0399017333984375,10.5364919733979,2.61138916015625E-05
0.03988037109375,10.5464919733727,2.61077880859375E-05
0.0398712158203125,10.5564919733474,2.61077880859375E-05
0.0398895263671875,10.5664919733222,2.60406494140625E-05
0.0398895263671875,10.5764919732969,2.606201171875E-05
0.0399078369140625,10.5864919732717,2.601318359375E-05
0.0398834228515625,10.5964919732464,2.6007080078125E-05
0.039874267578125,10.6064919732212,2.5982666015625E-05
0.039874267578125,10.6164919731959,2.59429931640625E-05
0.0398895263671875,10.6264919731707,2.59490966796875E-05
0.0398956298828125,10.6364919731454,2.58880615234375E-05
0.0398651123046875,10.6464919731202,2.587890625E-05
0.039892578125,10.6564919730949,2.58819580078125E-05
0.0398712158203125,10.6664919730697,2.5830078125E-05
0.0398773193359375,10.6764919730444,2.58331298828125E-05
0.039862060546875,10.6864919730192,2.57720947265625E-05
0.0398681640625,10.696491972994,2.57720947265625E-05
0.039874267578125,10.7064919729687,2.57720947265625E-05
0.0398956298828125,10.7164919729435,2.57171630859375E-05
0.0398834228515625,10.7264919729182,2.57110595703125E-05
0.0398590087890625,10.736491972893,2.5665283203125E-05
0.0398834228515625,10.7464919728677,2.56561279296875E-05
0.039886474609375,10.7564919728425,2.56561279296875E-05
0.03988037109375,10.7664919728172,2.56011962890625E-05
0.0398834228515625,10.776491972792,2.56103515625E-05
0.0399017333984375,10.7864919727667,2.55615234375E-05
0.0398773193359375,10.7964919727415,2.55523681640625E-05
0.039892578125,10.8064919727162,2.55340576171875E-05
0.0399017333984375,10.816491972691,2.5494384765625E-05
0.039862060546875,10.8264919726657,2.5506591796875E-05
0.0398712158203125,10.8364919726405,2.54486083984375E-05
0.039886474609375,10.8464919726152,2.5445556640625E-05
0.0398712158203125,10.85649197259,2.542724609375E-05
0.039862060546875,10.8664919725647,2.53875732421875E-05
0.0398895263671875,10.8764919725395,2.5408935546875E-05
0.039892578125,10.8864919725142,2.53509521484375E-05
0.039892578125,10.896491972489,2.5341796875E-05
0.039862060546875,10.9064919724638,2.5323486328125E-05
0.0398773193359375,10.9164919724385,2.528076171875E-05
0.03988037109375,10.9264919724133,2.52899169921875E-05
0.039898681640625,10.936491972388,2.52471923828125E-05
0.039862060546875,10.9464919723628,2.52288818359375E-05
0.039898681640625,10.9564919723375,2.5225830078125E-05
0.0398681640625,10.9664919723123,2.518310546875E-05
0.039886474609375,10.976491972287,2.51953125E-05
0.03988037109375,10.9864919722618,2.51373291015625E-05
0.0398651123046875,10.9964919722365,2.51312255859375E-05
0.0398712158203125,11.0064919722113,2.51129150390625E-05
0.0398590087890625,11.016491972186,2.5079345703125E-05
0.0398834228515625,11.0264919721608,2.50762939453125E-05
0.039886474609375,11.0364919721355,2.5042724609375E-05
0.039886474609375,11.0464919721103,2.5030517578125E-05
0.0398681640625,11.056491972085,2.50091552734375E-05
0.039892578125,11.0664919720598,2.4981689453125E-05
0.0398712158203125,11.0764919720345,2.4993896484375E-05
0.0398681640625,11.0864919720093,2.49420166015625E-05
0.0398773193359375,11.0964919719841,2.493896484375E-05
0.0398956298828125,11.1064919719588,2.49237060546875E-05
0.0398834228515625,11.1164919719336,2.4871826171875E-05
0.039862060546875,11.1264919719083,2.48809814453125E-05
0.039886474609375,11.1364919718831,2.48382568359375E-05
0.039874267578125,11.1464919718578,2.48321533203125E-05
0.0398651123046875,11.1564919718326,2.48199462890625E-05
0.0398773193359375,11.1664919718073,2.47802734375E-05
0.0398651123046875,11.1764919717821,2.47955322265625E-05
0.039892578125,11.1864919717568,2.4737548828125E-05
0.039874267578125,11.1964919717316,2.47467041015625E-05
0.039862060546875,11.2064919717063,2.47222900390625E-05
0.0398681640625,11.2164919716811,2.46856689453125E-05
0.0398834228515625,11.2264919716558,2.4700927734375E-05
0.0398529052734375,11.2364919716306,2.46368408203125E-05
0.039886474609375,11.2464919716053,2.46246337890625E-05
0.039874267578125,11.2564919715801,2.46185302734375E-05
0.03988037109375,11.2664919715548,2.45880126953125E-05
0.0398956298828125,11.2764919715296,2.45849609375E-05
0.0398956298828125,11.2864919715043,2.454833984375E-05
0.0398651123046875,11.2964919714791,2.4542236328125E-05
0.0398834228515625,11.3064919714539,2.4530029296875E-05
0.03988037109375,11.3164919714286,2.4481201171875E-05
0.0398895263671875,11.3264919714034,2.4505615234375E-05
0.0398712158203125,11.3364919713781,2.4456787109375E-05
0.0398651123046875,11.3464919713529,2.44598388671875E-05
0.0398712158203125,11.3564919713276,2.44415283203125E-05
0.0398834228515625,11.3664919713024,2.440185546875E-05
0.0398956298828125,11.3764919712771,2.44049072265625E-05
0.0398651123046875,11.3864919712519,2.43560791015625E-05
0.0399017333984375,11.3964919712266,2.4359130859375E-05
0.0398712158203125,11.4064919712014,2.4346923828125E-05
0.0399078369140625,11.4164919711761,2.430419921875E-05
0.0398651123046875,11.4264919711509,2.43072509765625E-05
0.0398712158203125,11.4364919711256,2.42645263671875E-05
0.0398834228515625,11.4464919711004,2.42584228515625E-05
0.0398681640625,11.4564919710751,2.4249267578125E-05
0.039892578125,11.4664919710499,2.42156982421875E-05
0.0398712158203125,11.4764919710246,2.421875E-05
0.039892578125,11.4864919709994,2.4188232421875E-05
0.039874267578125,11.4964919709741,2.41790771484375E-05
0.0398895263671875,11.5064919709489,2.41668701171875E-05
0.0398895263671875,11.5164919709237,2.41241455078125E-05
0.0398834228515625,11.5264919708984,2.41363525390625E-05
0.0399017333984375,11.5364919708732,2.408447265625E-05
0.039874267578125,11.5464919708479,2.408447265625E-05
0.039874267578125,11.5564919708227,2.4078369140625E-05
0.039886474609375,11.5664919707974,2.40509033203125E-05
0.039886474609375,11.5764919707722,2.4041748046875E-05
0.039898681640625,11.5864919707469,2.4005126953125E-05
0.039862060546875,11.5964919707217,2.40020751953125E-05
0.039898681640625,11.6064919706964,2.398681640625E-05
0.0398681640625,11.6164919706712,2.393798828125E-05
0.0398834228515625,11.6264919706459,2.39593505859375E-05
0.0398834228515625,11.6364919706207,2.39044189453125E-05
0.039886474609375,11.6464919705954,2.39044189453125E-05
0.0398712158203125,11.6564919705702,2.38922119140625E-05
0.03988037109375,11.6664919705449,2.38525390625E-05
0.039874267578125,11.6764919705197,2.386474609375E-05
0.039892578125,11.6864919704944,2.38250732421875E-05
0.0398895263671875,11.6964919704692,2.381591796875E-05
0.0399017333984375,11.7064919704439,2.381591796875E-05
0.0398834228515625,11.7164919704187,2.37762451171875E-05
0.0398712158203125,11.7264919703935,2.37884521484375E-05
0.0398895263671875,11.7364919703682,2.37396240234375E-05
0.0398834228515625,11.746491970343,2.37396240234375E-05
0.0398834228515625,11.7564919703177,2.37213134765625E-05
0.03988037109375,11.7664919702925,2.36907958984375E-05
0.039862060546875,11.7764919702672,2.3699951171875E-05
0.0398468017578125,11.786491970242,2.36541748046875E-05
0.0398773193359375,11.7964919702167,2.3651123046875E-05
0.0398681640625,11.8064919701915,2.3651123046875E-05
0.0398681640625,11.8164919701662,2.35992431640625E-05
0.039874267578125,11.826491970141,2.362060546875E-05
0.03988037109375,11.8364919701157,2.3583984375E-05
0.03990478515625,11.8464919700905,2.3577880859375E-05
0.03988037109375,11.8564919700652,2.35626220703125E-05
0.0398834228515625,11.86649197004,2.3529052734375E-05
0.0398773193359375,11.8764919700147,2.3529052734375E-05
0.039874267578125,11.8864919699895,2.35015869140625E-05
0.039886474609375,11.8964919699642,2.3486328125E-05
0.039892578125,11.906491969939,2.3492431640625E-05
0.0398956298828125,11.9164919699137,2.34283447265625E-05
0.039892578125,11.9264919698885,2.3455810546875E-05
0.0398590087890625,11.9364919698633,2.34161376953125E-05
0.0398834228515625,11.946491969838,2.340087890625E-05
0.039892578125,11.9564919698128,2.34039306640625E-05
0.0398956298828125,11.9664919697875,2.33734130859375E-05
0.0398834228515625,11.9764919697623,2.33856201171875E-05
0.0398773193359375,11.986491969737,2.33306884765625E-05
0.0398712158203125,11.9964919697118,2.33245849609375E-05
0.039886474609375,12.0064919696865,2.33184814453125E-05
0.03988037109375,12.0164919696613,2.33001708984375E-05
0.0398895263671875,12.026491969636,2.32940673828125E-05
0.039874267578125,12.0364919696108,2.325439453125E-05
0.0398895263671875,12.0464919695855,2.32452392578125E-05
0.0398773193359375,12.0564919695603,2.32391357421875E-05
0.039886474609375,12.066491969535,2.31964111328125E-05
0.0398712158203125,12.0764919695098,2.32086181640625E-05
0.039892578125,12.0864919694845,2.31658935546875E-05
0.039886474609375,12.0964919694593,2.3175048828125E-05
0.0398773193359375,12.106491969434,2.3162841796875E-05
0.0398712158203125,12.1164919694088,2.31201171875E-05
0.039892578125,12.1264919693836,2.31353759765625E-05
0.0398834228515625,12.1364919693583,2.30865478515625E-05
0.039892578125,12.1464919693331,2.30926513671875E-05
0.039862060546875,12.1564919693078,2.3077392578125E-05
0.0398956298828125,12.1664919692826,2.3046875E-05
0.0398834228515625,12.1764919692573,2.30621337890625E-05
0.0398712158203125,12.1864919692321,2.301025390625E-05
0.0398651123046875,12.1964919692068,2.29888916015625E-05
0.0398681640625,12.2064919691816,2.30010986328125E-05
0.0398834228515625,12.2164919691563,2.2979736328125E-05
0.0398712158203125,12.2264919691311,2.29888916015625E-05
0.0398681640625,12.2364919691058,2.29400634765625E-05
0.0398895263671875,12.2464919690806,2.29248046875E-05
0.039886474609375,12.2564919690553,2.29217529296875E-05
0.0398834228515625,12.2664919690301,2.28912353515625E-05
0.0398590087890625,12.2764919690048,2.29095458984375E-05
0.0398956298828125,12.2864919689796,2.2857666015625E-05
0.0398681640625,12.2964919689543,2.286376953125E-05
0.039898681640625,12.3064919689291,2.286376953125E-05
0.0398895263671875,12.3164919689038,2.281494140625E-05
0.0398712158203125,12.3264919688786,2.28179931640625E-05
0.039892578125,12.3364919688534,2.2802734375E-05
0.0398834228515625,12.3464919688281,2.27874755859375E-05
0.0398773193359375,12.3564919688029,2.2772216796875E-05
0.039886474609375,12.3664919687776,2.2760009765625E-05
0.0398956298828125,12.3764919687524,2.27508544921875E-05
0.039892578125,12.3864919687271,2.27264404296875E-05
0.0398773193359375,12.3964919687019,2.2723388671875E-05
0.0398895263671875,12.4064919686766,2.2705078125E-05
0.0398681640625,12.4164919686514,2.266845703125E-05
0.0398712158203125,12.4264919686261,2.2686767578125E-05
0.03985595703125,12.4364919686009,2.26470947265625E-05
0.0398712158203125,12.4464919685756,2.264404296875E-05
0.0398712158203125,12.4564919685504,2.26348876953125E-05
0.03988037109375,12.4664919685251,2.26043701171875E-05
0.0398406982421875,12.4764919684999,2.26165771484375E-05
0.039886474609375,12.4864919684746,2.25616455078125E-05
0.0398956298828125,12.4964919684494,2.25677490234375E-05
0.0399017333984375,12.5064919684241,2.257080078125E-05
0.0398956298828125,12.5164919683989,2.25372314453125E-05
0.0398773193359375,12.5264919683736,2.25494384765625E-05
0.039886474609375,12.5364919683484,2.25006103515625E-05
0.0398834228515625,12.5464919683232,2.2491455078125E-05
0.039886474609375,12.5564919682979,2.24884033203125E-05
0.0398773193359375,12.5664919682727,2.24609375E-05
0.0398895263671875,12.5764919682474,2.24609375E-05
0.039874267578125,12.5864919682222,2.24273681640625E-05
0.0398681640625,12.5964919681969,2.24365234375E-05
0.0398773193359375,12.6064919681717,2.24212646484375E-05
0.0398834228515625,12.6164919681464,2.23907470703125E-05
0.0398956298828125,12.6264919681212,2.2406005859375E-05
0.039874267578125,12.6364919680959,2.23663330078125E-05
0.03988037109375,12.6464919680707,2.23602294921875E-05
0.039874267578125,12.6564919680454,2.23480224609375E-05
0.0398773193359375,12.6664919680202,2.2314453125E-05
0.0398590087890625,12.6764919679949,2.23297119140625E-05
0.0398681640625,12.6864919679697,2.230224609375E-05
0.0398834228515625,12.6964919679444,2.22900390625E-05
0.0398895263671875,12.7064919679192,2.22900390625E-05
0.0398773193359375,12.7164919678939,2.225341796875E-05
0.0398773193359375,12.7264919678687,2.22503662109375E-05
0.0398712158203125,12.7364919678434,2.2210693359375E-05
0.039862060546875,12.7464919678182,2.22137451171875E-05
0.039892578125,12.756491967793,2.2216796875E-05
0.039874267578125,12.7664919677677,2.2174072265625E-05
0.0398681640625,12.7764919677425,2.21923828125E-05
0.0398773193359375,12.7864919677172,2.21527099609375E-05
0.0399017333984375,12.796491967692,2.21466064453125E-05
0.0398834228515625,12.8064919676667,2.21466064453125E-05
0.0398773193359375,12.8164919676415,2.2113037109375E-05
0.039874267578125,12.8264919676162,2.21282958984375E-05
0.039862060546875,12.836491967591,2.20855712890625E-05
0.0398834228515625,12.8464919675657,2.2088623046875E-05
0.0398773193359375,12.8564919675405,2.20794677734375E-05
0.0398712158203125,12.8664919675152,2.205810546875E-05
0.039874267578125,12.87649196749,2.20703125E-05
0.0398590087890625,12.8864919674647,2.20489501953125E-05
0.0398712158203125,12.8964919674395,2.20306396484375E-05
0.03988037109375,12.9064919674142,2.2021484375E-05
0.039898681640625,12.916491967389,2.1978759765625E-05
0.039874267578125,12.9264919673637,2.19970703125E-05
0.039886474609375,12.9364919673385,2.19635009765625E-05
0.0398834228515625,12.9464919673132,2.197265625E-05
0.039886474609375,12.956491967288,2.19512939453125E-05
0.039892578125,12.9664919672628,2.19207763671875E-05
0.0398651123046875,12.9764919672375,2.19268798828125E-05
0.039886474609375,12.9864919672123,2.1881103515625E-05
0.03988037109375,12.996491967187,2.18902587890625E-05
0.0398773193359375,13.0064919671618,2.18780517578125E-05
0.0398773193359375,13.0164919671365,2.18597412109375E-05
0.0398590087890625,13.0264919671113,2.186279296875E-05
0.039886474609375,13.036491967086,2.18231201171875E-05
0.0399017333984375,13.0464919670608,2.18231201171875E-05
0.0398773193359375,13.0564919670355,2.18231201171875E-05
0.039886474609375,13.0664919670103,2.17987060546875E-05
0.039886474609375,13.076491966985,2.1807861328125E-05
0.0398773193359375,13.0864919669598,2.17620849609375E-05
0.0398956298828125,13.0964919669345,2.1759033203125E-05
0.0398681640625,13.1064919669093,2.17529296875E-05
0.039874267578125,13.116491966884,2.17376708984375E-05
0.0398651123046875,13.1264919668588,2.17437744140625E-05
0.039892578125,13.1364919668335,2.17071533203125E-05
0.0398773193359375,13.1464919668083,2.17041015625E-05
0.0398590087890625,13.1564919667831,2.1697998046875E-05
0.0398681640625,13.1664919667578,2.16644287109375E-05
0.0398712158203125,13.1764919667326,2.16796875E-05
0.039874267578125,13.1864919667073,2.16461181640625E-05
0.03988037109375,13.1964919666821,2.16461181640625E-05
0.0398773193359375,13.2064919666568,2.16461181640625E-05
0.039898681640625,13.2164919666316,2.16094970703125E-05
0.0398956298828125,13.2264919666063,2.16217041015625E-05
0.039898681640625,13.2364919665811,2.15911865234375E-05
0.0398773193359375,13.2464919665558,2.159423828125E-05
0.039898681640625,13.2564919665306,2.15789794921875E-05
0.039892578125,13.2664919665053,2.1539306640625E-05
0.0398712158203125,13.2764919664801,2.154541015625E-05
0.039886474609375,13.2864919664548,2.15179443359375E-05
0.039862060546875,13.2964919664296,2.1514892578125E-05
0.039874267578125,13.3064919664043,2.15118408203125E-05
0.0398773193359375,13.3164919663791,2.1484375E-05
0.039874267578125,13.3264919663538,2.14874267578125E-05
0.039886474609375,13.3364919663286,2.1466064453125E-05
0.039874267578125,13.3464919663033,2.1453857421875E-05
0.0398681640625,13.3564919662781,2.14569091796875E-05
0.0398681640625,13.3664919662529,2.142333984375E-05
0.039892578125,13.3764919662276,2.14385986328125E-05
0.0398834228515625,13.3864919662024,2.14019775390625E-05
0.0398681640625,13.3964919661771,2.139892578125E-05
0.039862060546875,13.4064919661519,2.14080810546875E-05
0.0398834228515625,13.4164919661266,2.13592529296875E-05
0.0398895263671875,13.4264919661014,2.1380615234375E-05
0.0398712158203125,13.4364919660761,2.13470458984375E-05
0.03990478515625,13.4464919660509,2.13470458984375E-05
0.0398590087890625,13.4564919660256,2.1343994140625E-05
0.0398834228515625,13.4664919660004,2.13043212890625E-05
0.039886474609375,13.4764919659751,2.13287353515625E-05
0.0398895263671875,13.4864919659499,2.1295166015625E-05
0.039886474609375,13.4964919659246,2.12982177734375E-05
0.0398834228515625,13.5064919658994,2.1295166015625E-05
0.03988037109375,13.5164919658741,2.1246337890625E-05
0.0399017333984375,13.5264919658489,2.12646484375E-05
0.039874267578125,13.5364919658236,2.12249755859375E-05
0.03988037109375,13.5464919657984,2.12249755859375E-05
0.0398712158203125,13.5564919657731,2.12158203125E-05
0.0399078369140625,13.5664919657479,2.11883544921875E-05
0.039898681640625,13.5764919657227,2.120361328125E-05
0.0398590087890625,13.5864919656974,2.11761474609375E-05
0.0398895263671875,13.5964919656722,2.117919921875E-05
0.039874267578125,13.6064919656469,2.117919921875E-05
0.0399017333984375,13.6164919656217,2.11334228515625E-05
0.0398651123046875,13.6264919655964,2.11456298828125E-05
0.039892578125,13.6364919655712,2.1112060546875E-05
0.0398773193359375,13.6464919655459,2.11151123046875E-05
0.0398651123046875,13.6564919655207,2.1112060546875E-05
0.03988037109375,13.6664919654954,2.1087646484375E-05
0.0398834228515625,13.6764919654702,2.1087646484375E-05
0.039874267578125,13.6864919654449,2.1051025390625E-05
0.0398773193359375,13.6964919654197,2.10540771484375E-05
0.039874267578125,13.7064919653944,2.1044921875E-05
0.0398895263671875,13.7164919653692,2.10235595703125E-05
0.0398681640625,13.7264919653439,2.10357666015625E-05
0.0398834228515625,13.7364919653187,2.100830078125E-05
0.039898681640625,13.7464919652934,2.09991455078125E-05
0.0398834228515625,13.7564919652682,2.10052490234375E-05
0.03990478515625,13.7664919652429,2.09716796875E-05
0.0398834228515625,13.7764919652177,2.0977783203125E-05
0.0398712158203125,13.7864919651925,2.09320068359375E-05
0.039886474609375,13.7964919651672,2.09442138671875E-05
0.03988037109375,13.806491965142,2.09320068359375E-05
0.0398651123046875,13.8164919651167,2.0904541015625E-05
0.0398651123046875,13.8264919650915,2.09259033203125E-05
0.039874267578125,13.8364919650662,2.08770751953125E-05
0.0398651123046875,13.846491965041,2.08770751953125E-05
0.0398834228515625,13.8564919650157,2.08770751953125E-05
0.0399017333984375,13.8664919649905,2.0843505859375E-05
0.03988037109375,13.8764919649652,2.0867919921875E-05
0.03985595703125,13.88649196494,2.08221435546875E-05
0.0398895263671875,13.8964919649147,2.08282470703125E-05
0.0398651123046875,13.9064919648895,2.08251953125E-05
0.0398712158203125,13.9164919648642,2.078857421875E-05
0.0398681640625,13.926491964839,2.0806884765625E-05
0.039862060546875,13.9364919648137,2.07763671875E-05
0.039886474609375,13.9464919647885,2.0782470703125E-05
0.0398834228515625,13.9564919647632,2.07733154296875E-05
0.039874267578125,13.966491964738,2.07489013671875E-05
0.03988037109375,13.9764919647127,2.07550048828125E-05
0.0398590087890625,13.9864919646875,2.071533203125E-05
0.039886474609375,13.9964919646623,2.07244873046875E-05
0.0398712158203125,14.006491964637,2.071533203125E-05
0.0398895263671875,14.0164919646118,2.06787109375E-05
0.039874267578125,14.0264919645865,2.0703125E-05
0.039849853515625,14.0364919645613,2.06573486328125E-05
0.0398651123046875,14.046491964536,2.06878662109375E-05
0.0398956298828125,14.0564919645108,2.066650390625E-05
0.039886474609375,14.0664919644855,2.06390380859375E-05
0.0398712158203125,14.0764919644603,2.0660400390625E-05
0.0398468017578125,14.086491964435,2.0635986328125E-05
0.0398712158203125,14.0964919644098,2.06298828125E-05
0.0398651123046875,14.1064919643845,2.06268310546875E-05
0.039874267578125,14.1164919643593,2.05841064453125E-05
0.0398834228515625,14.126491964334,2.0599365234375E-05
0.0398681640625,14.1364919643088,2.0574951171875E-05
0.039874267578125,14.1464919642835,2.05780029296875E-05
0.0398834228515625,14.1564919642583,2.05718994140625E-05
0.0398895263671875,14.166491964233,2.05413818359375E-05
0.039886474609375,14.1764919642078,2.0556640625E-05
0.03985595703125,14.1864919641826,2.05047607421875E-05
0.0398590087890625,14.1964919641573,2.05169677734375E-05
0.0398773193359375,14.2064919641321,2.05169677734375E-05
0.0398895263671875,14.2164919641068,2.0477294921875E-05
0.0399017333984375,14.2264919640816,2.05108642578125E-05
0.039874267578125,14.2364919640563,2.0465087890625E-05
0.039892578125,14.2464919640311,2.04681396484375E-05
0.0398956298828125,14.2564919640058,2.04742431640625E-05
0.03988037109375,14.2664919639806,2.044677734375E-05
0.039898681640625,14.2764919639553,2.0465087890625E-05
0.039874267578125,14.2864919639301,2.04315185546875E-05
0.0398773193359375,14.2964919639048,2.0416259765625E-05
0.0398834228515625,14.3064919638796,2.04193115234375E-05
0.0398773193359375,14.3164919638543,2.03887939453125E-05
0.03985595703125,14.3264919638291,2.04193115234375E-05
0.0398468017578125,14.3364919638038,2.0379638671875E-05
0.0398681640625,14.3464919637786,2.03765869140625E-05
0.0398773193359375,14.3564919637533,2.0361328125E-05
0.039886474609375,14.3664919637281,2.03399658203125E-05
0.0398834228515625,14.3764919637028,2.034912109375E-05
0.0398773193359375,14.3864919636776,2.03125E-05
0.0398834228515625,14.3964919636524,2.03094482421875E-05
0.03990478515625,14.4064919636271,2.03155517578125E-05
0.0398834228515625,14.4164919636019,2.0281982421875E-05
0.0398834228515625,14.4264919635766,2.03094482421875E-05
0.03985595703125,14.4364919635514,2.0269775390625E-05
0.0398712158203125,14.4464919635261,2.02728271484375E-05
0.0398773193359375,14.4564919635009,2.02606201171875E-05
0.0398773193359375,14.4664919634756,2.02423095703125E-05
0.039874267578125,14.4764919634504,2.0269775390625E-05
0.0398681640625,14.4864919634251,2.0208740234375E-05
0.03988037109375,14.4964919633999,2.021484375E-05
0.0398895263671875,14.5064919633746,2.0220947265625E-05
0.0398681640625,14.5164919633494,2.01873779296875E-05
0.039862060546875,14.5264919633241,2.02117919921875E-05
0.0398345947265625,14.5364919632989,2.01690673828125E-05
0.039886474609375,14.5464919632736,2.01751708984375E-05
0.0398834228515625,14.5564919632484,2.01690673828125E-05
0.0398773193359375,14.5664919632231,2.01507568359375E-05
0.039910888671875,14.5764919631979,2.01568603515625E-05
0.0398529052734375,14.5864919631726,2.01324462890625E-05
0.0398773193359375,14.5964919631474,2.012939453125E-05
0.0398651123046875,14.6064919631222,2.01171875E-05
0.0398834228515625,14.6164919630969,2.008056640625E-05
0.03988037109375,14.6264919630717,2.01141357421875E-05
0.0398956298828125,14.6364919630464,2.0062255859375E-05
0.0398956298828125,14.6464919630212,2.00714111328125E-05
0.039886474609375,14.6564919629959,2.0068359375E-05
0.039874267578125,14.6664919629707,2.0037841796875E-05
0.0398895263671875,14.6764919629454,2.005615234375E-05
0.03984375,14.6864919629202,2.001953125E-05
0.0398681640625,14.6964919628949,2.003173828125E-05
0.0398834228515625,14.7064919628697,2.001953125E-05
0.0399017333984375,14.7164919628444,1.99981689453125E-05
0.039862060546875,14.7264919628192,2.00103759765625E-05
0.0398773193359375,14.7364919627939,1.99737548828125E-05
0.039892578125,14.7464919627687,1.99859619140625E-05
0.039892578125,14.7564919627434,1.998291015625E-05
0.039874267578125,14.7664919627182,1.99615478515625E-05
0.039892578125,14.7764919626929,1.9970703125E-05
0.039886474609375,14.7864919626677,1.99249267578125E-05
0.0398834228515625,14.7964919626424,1.993408203125E-05
0.039886474609375,14.8064919626172,1.99310302734375E-05
0.03988037109375,14.816491962592,1.98974609375E-05
0.0398681640625,14.8264919625667,1.993408203125E-05
0.0398651123046875,14.8364919625415,1.98822021484375E-05
0.039862060546875,14.8464919625162,1.9891357421875E-05
0.039886474609375,14.856491962491,1.98760986328125E-05
0.0398773193359375,14.8664919624657,1.9842529296875E-05
0.0398956298828125,14.8764919624405,1.9879150390625E-05
0.0398834228515625,14.8864919624152,1.983642578125E-05
0.0398712158203125,14.89649196239,1.98486328125E-05
0.0398834228515625,14.9064919623647,1.9842529296875E-05
0.039874267578125,14.9164919623395,1.98028564453125E-05
0.0399017333984375,14.9264919623142,1.98211669921875E-05
0.0398712158203125,14.936491962289,1.97845458984375E-05
0.039874267578125,14.9464919622637,1.97967529296875E-05
0.0398773193359375,14.9564919622385,1.97845458984375E-05
0.0398895263671875,14.9664919622132,1.97723388671875E-05
0.039862060546875,14.976491962188,1.9781494140625E-05
0.0398834228515625,14.9864919621627,1.97509765625E-05
0.0398956298828125,14.9964919621375,1.97662353515625E-05
0.039886474609375,15.0064919621122,1.97418212890625E-05
0.0398773193359375,15.016491962087,1.9720458984375E-05
0.0398834228515625,15.0264919620618,1.9732666015625E-05
0.0398834228515625,15.0364919620365,1.9696044921875E-05
0.039874267578125,15.0464919620113,1.96990966796875E-05
0.0398712158203125,15.056491961986,1.97021484375E-05
0.0398773193359375,15.0664919619608,1.9671630859375E-05
0.03988037109375,15.0764919619355,1.96929931640625E-05
0.039874267578125,15.0864919619103,1.96533203125E-05
0.039862060546875,15.096491961885,1.96624755859375E-05
0.0398681640625,15.1064919618598,1.96624755859375E-05
0.0398956298828125,15.1164919618345,1.9647216796875E-05
0.0398712158203125,15.1264919618093,1.96563720703125E-05
0.0398773193359375,15.136491961784,1.95953369140625E-05
0.0398773193359375,15.1464919617588,1.96197509765625E-05
0.0398712158203125,15.1564919617335,1.96075439453125E-05
0.039874267578125,15.1664919617083,1.95831298828125E-05
0.039898681640625,15.176491961683,1.96075439453125E-05
0.039892578125,15.1864919616578,1.95648193359375E-05
0.0398651123046875,15.1964919616325,1.9573974609375E-05
0.039898681640625,15.2064919616073,1.95587158203125E-05
0.039898681640625,15.2164919615821,1.95465087890625E-05
0.039892578125,15.2264919615568,1.95587158203125E-05
0.039892578125,15.2364919615316,1.9525146484375E-05
0.03988037109375,15.2464919615063,1.95281982421875E-05
0.0398681640625,15.2564919614811,1.95159912109375E-05
0.039898681640625,15.2664919614558,1.94976806640625E-05
0.0398834228515625,15.2764919614306,1.951904296875E-05
0.0398834228515625,15.2864919614053,1.94732666015625E-05
0.0398651123046875,15.2964919613801,1.9476318359375E-05
0.039898681640625,15.3064919613548,1.9476318359375E-05
0.0398712158203125,15.3164919613296,1.944580078125E-05
0.039892578125,15.3264919613043,1.94580078125E-05
0.039892578125,15.3364919612791,1.9427490234375E-05
0.039862060546875,15.3464919612538,1.9439697265625E-05
0.0398712158203125,15.3564919612286,1.944580078125E-05
0.0398651123046875,15.3664919612033,1.94091796875E-05
0.039874267578125,15.3764919611781,1.94244384765625E-05
0.0398956298828125,15.3864919611528,1.93878173828125E-05
0.03988037109375,15.3964919611276,1.939697265625E-05
0.03988037109375,15.4064919611023,1.93939208984375E-05
0.0398468017578125,15.4164919610771,1.9378662109375E-05
0.039874267578125,15.4264919610519,1.93878173828125E-05
0.039874267578125,15.4364919610266,1.93603515625E-05
0.039886474609375,15.4464919610014,1.93634033203125E-05
0.0398651123046875,15.4564919609761,1.93603515625E-05
0.0398956298828125,15.4664919609509,1.9329833984375E-05
0.0398651123046875,15.4764919609256,1.93359375E-05
0.0399017333984375,15.4864919609004,1.9293212890625E-05
0.039892578125,15.4964919608751,1.9317626953125E-05
0.039874267578125,15.5064919608499,1.93084716796875E-05
0.039886474609375,15.5164919608246,1.92901611328125E-05
0.039862060546875,15.5264919607994,1.9305419921875E-05
0.03985595703125,15.5364919607741,1.92657470703125E-05
0.0398529052734375,15.5464919607489,1.9287109375E-05
0.0398773193359375,15.5564919607236,1.92596435546875E-05
0.03984375,15.5664919606984,1.92413330078125E-05
0.039892578125,15.5764919606731,1.92596435546875E-05
0.0398681640625,15.5864919606479,1.92352294921875E-05
0.0398834228515625,15.5964919606226,1.922607421875E-05
0.0398834228515625,15.6064919605974,1.92138671875E-05
0.039874267578125,15.6164919605721,1.9189453125E-05
0.0398895263671875,15.6264919605469,1.92230224609375E-05
0.0398712158203125,15.6364919605217,1.91802978515625E-05
0.039892578125,15.6464919604964,1.9189453125E-05
0.039862060546875,15.6564919604712,1.9189453125E-05
0.0398895263671875,15.6664919604459,1.9171142578125E-05
0.0398590087890625,15.6764919604207,1.9171142578125E-05
0.0398529052734375,15.6864919603954,1.9134521484375E-05
0.0398651123046875,15.6964919603702,1.91558837890625E-05
0.0398712158203125,15.7064919603449,1.91497802734375E-05
0.03985595703125,15.7164919603197,1.91253662109375E-05
0.0398834228515625,15.7264919602944,1.91314697265625E-05
0.039886474609375,15.7364919602692,1.907958984375E-05
0.0398712158203125,15.7464919602439,1.91009521484375E-05
0.0398773193359375,15.7564919602187,1.91009521484375E-05
0.0398681640625,15.7664919601934,1.90673828125E-05
0.0398651123046875,15.7764919601682,1.910400390625E-05
0.03984375,15.7864919601429,1.90643310546875E-05
0.0398834228515625,15.7964919601177,1.9073486328125E-05
0.0398468017578125,15.8064919600924,1.90582275390625E-05
0.039874267578125,15.8164919600672,1.90460205078125E-05
0.039886474609375,15.8264919600419,1.90521240234375E-05
0.0398651123046875,15.8364919600167,1.90185546875E-05
0.0398712158203125,15.8464919599915,1.90338134765625E-05
0.0398834228515625,15.8564919599662,1.90216064453125E-05
0.039874267578125,15.866491959941,1.900634765625E-05
0.0398651123046875,15.8764919599157,1.90032958984375E-05
0.039874267578125,15.8864919598905,1.89666748046875E-05
0.0398956298828125,15.8964919598652,1.8994140625E-05
0.039892578125,15.90649195984,1.898193359375E-05
0.03988037109375,15.9164919598147,1.895751953125E-05
0.0398773193359375,15.9264919597895,1.89666748046875E-05
0.0398712158203125,15.9364919597642,1.8951416015625E-05
0.0398590087890625,15.946491959739,1.8963623046875E-05
0.0398834228515625,15.9564919597137,1.89453125E-05
0.0398895263671875,15.9664919596885,1.893310546875E-05
0.039886474609375,15.9764919596632,1.8939208984375E-05
0.03985595703125,15.986491959638,1.8896484375E-05
0.0398651123046875,15.9964919596127,1.8927001953125E-05
0.0398773193359375,16.0064919595875,1.89208984375E-05
0.0398681640625,16.0164919595622,1.88873291015625E-05
0.039892578125,16.026491959537,1.89117431640625E-05
0.0398590087890625,16.0364919595117,1.88751220703125E-05
0.0398895263671875,16.0464919594865,1.888427734375E-05
0.0398895263671875,16.0564919594613,1.88690185546875E-05
0.0398956298828125,16.066491959436,1.8841552734375E-05
0.0398712158203125,16.0764919594108,1.88629150390625E-05
0.0398681640625,16.0864919593855,1.88201904296875E-05
0.03985595703125,16.0964919593603,1.8841552734375E-05
0.0398681640625,16.106491959335,1.88323974609375E-05
0.0398773193359375,16.1164919593098,1.88140869140625E-05
0.039874267578125,16.1264919592845,1.88232421875E-05
0.0398681640625,16.1364919592593,1.878662109375E-05
0.0398834228515625,16.146491959234,1.8804931640625E-05
0.0398834228515625,16.1564919592088,1.878662109375E-05
0.0398651123046875,16.1664919591835,1.87713623046875E-05
0.0398651123046875,16.1764919591583,1.878662109375E-05
0.0398712158203125,16.186491959133,1.87469482421875E-05
0.039862060546875,16.1964919591078,1.87774658203125E-05
0.0399017333984375,16.2064919590825,1.87530517578125E-05
0.0398681640625,16.2164919590573,1.87255859375E-05
0.0398468017578125,16.226491959032,1.875E-05
0.0398681640625,16.2364919590068,1.87225341796875E-05
0.039898681640625,16.2464919589816,1.87255859375E-05
0.03988037109375,16.2564919589563,1.8719482421875E-05
0.039886474609375,16.2664919589311,1.871337890625E-05
0.039874267578125,16.2764919589058,1.8731689453125E-05
0.039874267578125,16.2864919588806,1.86767578125E-05
0.0398681640625,16.2964919588553,1.8701171875E-05
0.0398895263671875,16.3064919588301,1.86981201171875E-05
0.03988037109375,16.3164919588048,1.86676025390625E-05
0.03985595703125,16.3264919587796,1.86859130859375E-05
0.0398712158203125,16.3364919587543,1.86431884765625E-05
0.0398773193359375,16.3464919587291,1.86553955078125E-05
0.039898681640625,16.3564919587038,1.8658447265625E-05
0.039862060546875,16.3664919586786,1.8634033203125E-05
0.0398773193359375,16.3764919586533,1.86492919921875E-05
0.039862060546875,16.3864919586281,1.86126708984375E-05
0.039874267578125,16.3964919586028,1.86187744140625E-05
0.0398651123046875,16.4064919585776,1.8609619140625E-05
0.03988037109375,16.4164919585523,1.86004638671875E-05
0.0398956298828125,16.4264919585271,1.8603515625E-05
0.0398681640625,16.4364919585018,1.85699462890625E-05
0.0398651123046875,16.4464919584766,1.85791015625E-05
0.03988037109375,16.4564919584514,1.85821533203125E-05
0.0398834228515625,16.4664919584261,1.85577392578125E-05
0.0398834228515625,16.4764919584009,1.8572998046875E-05
0.039886474609375,16.4864919583756,1.854248046875E-05
0.039874267578125,16.4964919583504,1.854248046875E-05
0.0398773193359375,16.5064919583251,1.8536376953125E-05
0.0398773193359375,16.5164919582999,1.85211181640625E-05
0.0398681640625,16.5264919582746,1.85302734375E-05
0.0398773193359375,16.5364919582494,1.84967041015625E-05
0.03988037109375,16.5464919582241,1.8511962890625E-05
0.039874267578125,16.5564919581989,1.85211181640625E-05
0.0398895263671875,16.5664919581736,1.84906005859375E-05
0.0398651123046875,16.5764919581484,1.8511962890625E-05
0.039862060546875,16.5864919581231,1.846923828125E-05
0.039898681640625,16.5964919580979,1.84844970703125E-05
0.03988037109375,16.6064919580726,1.84783935546875E-05
0.0398956298828125,16.6164919580474,1.8438720703125E-05
0.0398712158203125,16.6264919580221,1.84539794921875E-05
0.0398529052734375,16.6364919579969,1.84326171875E-05
0.039874267578125,16.6464919579716,1.8450927734375E-05
0.0398834228515625,16.6564919579464,1.84326171875E-05
0.0398712158203125,16.6664919579212,1.842041015625E-05
0.0398712158203125,16.6764919578959,1.8426513671875E-05
0.0398681640625,16.6864919578707,1.839599609375E-05
0.0398895263671875,16.6964919578454,1.84112548828125E-05
0.0398895263671875,16.7064919578202,1.83990478515625E-05
0.0398834228515625,16.7164919577949,1.83685302734375E-05
0.0398590087890625,16.7264919577697,1.83929443359375E-05
0.03985595703125,16.7364919577444,1.8359375E-05
0.0398681640625,16.7464919577192,1.8377685546875E-05
0.039874267578125,16.7564919576939,1.83685302734375E-05
0.039874267578125,16.7664919576687,1.834716796875E-05
0.0398773193359375,16.7764919576434,1.8359375E-05
0.03988037109375,16.7864919576182,1.83197021484375E-05
0.0398895263671875,16.7964919575929,1.83441162109375E-05
0.039874267578125,16.8064919575677,1.83349609375E-05
0.0398681640625,16.8164919575424,1.83074951171875E-05
0.0398529052734375,16.8264919575172,1.834716796875E-05
0.0398773193359375,16.8364919574919,1.8304443359375E-05
0.039886474609375,16.8464919574667,1.83074951171875E-05
0.0398590087890625,16.8564919574414,1.829833984375E-05
0.0398834228515625,16.8664919574162,1.82769775390625E-05
0.0398895263671875,16.876491957391,1.82891845703125E-05
0.0398712158203125,16.8864919573657,1.82586669921875E-05
0.0398773193359375,16.8964919573405,1.82830810546875E-05
0.0398956298828125,16.9064919573152,1.8255615234375E-05
0.0398651123046875,16.91649195729,1.8243408203125E-05
0.0398956298828125,16.9264919572647,1.826171875E-05
0.0398895263671875,16.9364919572395,1.8231201171875E-05
0.0398681640625,16.9464919572142,1.8231201171875E-05
0.039892578125,16.956491957189,1.822509765625E-05
0.0398834228515625,16.9664919571637,1.8212890625E-05
0.0398834228515625,16.9764919571385,1.82220458984375E-05
0.03985595703125,16.9864919571132,1.8194580078125E-05
0.039886474609375,16.996491957088,1.82037353515625E-05
0.039874267578125,17.0064919570627,1.81915283203125E-05
0.0398895263671875,17.0164919570375,1.81671142578125E-05
0.039874267578125,17.0264919570122,1.81915283203125E-05
0.0398773193359375,17.036491956987,1.81549072265625E-05
0.0398681640625,17.0464919569617,1.81549072265625E-05
0.039886474609375,17.0564919569365,1.8157958984375E-05
0.0398895263671875,17.0664919569112,1.81304931640625E-05
0.0398834228515625,17.076491956886,1.815185546875E-05
0.0398681640625,17.0864919568608,1.81304931640625E-05
0.0398773193359375,17.0964919568355,1.81365966796875E-05
0.0398590087890625,17.1064919568103,1.812744140625E-05
0.039892578125,17.116491956785,1.80938720703125E-05
0.039862060546875,17.1264919567598,1.812744140625E-05
0.0398956298828125,17.1364919567345,1.80938720703125E-05
0.0398895263671875,17.1464919567093,1.80999755859375E-05
0.03988037109375,17.156491956684,1.810302734375E-05
0.03988037109375,17.1664919566588,1.8072509765625E-05
0.0398773193359375,17.1764919566335,1.8096923828125E-05
0.03990478515625,17.1864919566083,1.80511474609375E-05
0.0398895263671875,17.196491956583,1.80633544921875E-05
0.0398834228515625,17.2064919565578,1.805419921875E-05
0.0398834228515625,17.2164919565325,1.80389404296875E-05
0.0398834228515625,17.2264919565073,1.80572509765625E-05
0.039874267578125,17.236491956482,1.802978515625E-05
0.039886474609375,17.2464919564568,1.80389404296875E-05
0.039862060546875,17.2564919564315,1.8017578125E-05
0.0398956298828125,17.2664919564063,1.80084228515625E-05
0.0398834228515625,17.2764919563811,1.80328369140625E-05
0.0398651123046875,17.2864919563558,1.800537109375E-05
0.039892578125,17.2964919563306,1.8011474609375E-05
0.0398681640625,17.3064919563053,1.800537109375E-05
0.0398712158203125,17.3164919562801,1.798095703125E-05
0.0398681640625,17.3264919562548,1.79931640625E-05
0.039886474609375,17.3364919562296,1.795654296875E-05
0.0398681640625,17.3464919562043,1.79718017578125E-05
0.039874267578125,17.3564919561791,1.7974853515625E-05
0.0398712158203125,17.3664919561538,1.79412841796875E-05
0.0398834228515625,17.3764919561286,1.79718017578125E-05
0.03985595703125,17.3864919561033,1.79412841796875E-05
0.0398651123046875,17.3964919560781,1.79412841796875E-05
0.0398681640625,17.4064919560528,1.7938232421875E-05
0.0398834228515625,17.4164919560276,1.790771484375E-05
0.0398712158203125,17.4264919560023,1.793212890625E-05
0.039898681640625,17.4364919559771,1.78985595703125E-05
0.0398895263671875,17.4464919559518,1.790771484375E-05
0.0398651123046875,17.4564919559266,1.78955078125E-05
0.0398681640625,17.4664919559013,1.78802490234375E-05
0.0398712158203125,17.4764919558761,1.79046630859375E-05
0.039862060546875,17.4864919558509,1.78558349609375E-05
0.0398651123046875,17.4964919558256,1.78680419921875E-05
0.0398651123046875,17.5064919558004,1.785888671875E-05
0.039892578125,17.5164919557751,1.78375244140625E-05
0.03988037109375,17.5264919557499,1.7864990234375E-05
0.0398712158203125,17.5364919557246,1.78314208984375E-05
0.039874267578125,17.5464919556994,1.7852783203125E-05
0.0398773193359375,17.5564919556741,1.78314208984375E-05
0.0398590087890625,17.5664919556489,1.7816162109375E-05
0.03988037109375,17.5764919556236,1.78253173828125E-05
0.039898681640625,17.5864919555984,1.77947998046875E-05
0.039862060546875,17.5964919555731,1.78070068359375E-05
0.0398834228515625,17.6064919555479,1.78009033203125E-05
0.0398651123046875,17.6164919555226,1.77764892578125E-05
0.039862060546875,17.6264919554974,1.77978515625E-05
0.039862060546875,17.6364919554721,1.7755126953125E-05
0.0398712158203125,17.6464919554469,1.77825927734375E-05
0.039874267578125,17.6564919554216,1.7767333984375E-05
0.0398712158203125,17.6664919553964,1.773681640625E-05
0.0398712158203125,17.6764919553711,1.77642822265625E-05
0.0398834228515625,17.6864919553459,1.7730712890625E-05
0.0398681640625,17.6964919553207,1.77398681640625E-05
0.03985595703125,17.7064919552954,1.773681640625E-05
0.03988037109375,17.7164919552702,1.77093505859375E-05
0.0398651123046875,17.7264919552449,1.7730712890625E-05
0.0398681640625,17.7364919552197,1.77001953125E-05
0.0398773193359375,17.7464919551944,1.77154541015625E-05
0.039874267578125,17.7564919551692,1.7706298828125E-05
0.0398651123046875,17.7664919551439,1.7681884765625E-05
0.039862060546875,17.7764919551187,1.77093505859375E-05
0.0398834228515625,17.7864919550934,1.76788330078125E-05
0.0398773193359375,17.7964919550682,1.7694091796875E-05
0.03985595703125,17.8064919550429,1.76910400390625E-05
0.039874267578125,17.8164919550177,1.7669677734375E-05
0.03988037109375,17.8264919549924,1.76910400390625E-05
0.0398773193359375,17.8364919549672,1.76544189453125E-05
0.0398681640625,17.8464919549419,1.76513671875E-05
0.0398651123046875,17.8564919549167,1.76544189453125E-05
0.0398529052734375,17.8664919548914,1.7626953125E-05
0.039874267578125,17.8764919548662,1.7645263671875E-05
0.039874267578125,17.8864919548409,1.76116943359375E-05
0.03988037109375,17.8964919548157,1.7626953125E-05
0.0398681640625,17.9064919547905,1.76239013671875E-05
0.039862060546875,17.9164919547652,1.75994873046875E-05
0.0398834228515625,17.92649195474,1.76116943359375E-05
0.0398468017578125,17.9364919547147,1.7584228515625E-05
0.039874267578125,17.9464919546895,1.7608642578125E-05
0.0398895263671875,17.9564919546642,1.75811767578125E-05
0.0398651123046875,17.966491954639,1.75628662109375E-05
0.039862060546875,17.9764919546137,1.75933837890625E-05
0.0398712158203125,17.9864919545885,1.75537109375E-05
0.0398712158203125,17.9964919545632,1.7578125E-05
0.0398651123046875,18.006491954538,1.75628662109375E-05
0.0398895263671875,18.0164919545127,1.75323486328125E-05
0.039886474609375,18.0264919544875,1.75537109375E-05
0.0398529052734375,18.0364919544622,1.75140380859375E-05
0.0398712158203125,18.046491954437,1.754150390625E-05
0.0398712158203125,18.0564919544117,1.75262451171875E-05
0.0398529052734375,18.0664919543865,1.75048828125E-05
0.0398712158203125,18.0764919543612,1.75201416015625E-05
0.03988037109375,18.086491954336,1.75140380859375E-05
0.039886474609375,18.0964919543107,1.751708984375E-05
0.0398834228515625,18.1064919542855,1.75018310546875E-05
0.0398895263671875,18.1164919542603,1.749267578125E-05
0.039874267578125,18.126491954235,1.7510986328125E-05
0.0398773193359375,18.1364919542098,1.746826171875E-05
0.039886474609375,18.1464919541845,1.74896240234375E-05
0.0398681640625,18.1564919541593,1.7474365234375E-05
0.039886474609375,18.166491954134,1.74591064453125E-05
0.039874267578125,18.1764919541088,1.7474365234375E-05
0.03988037109375,18.1864919540835,1.7449951171875E-05
0.039862060546875,18.1964919540583,1.746826171875E-05
0.0398773193359375,18.206491954033,1.74560546875E-05
0.0398681640625,18.2164919540078,1.74346923828125E-05
0.039886474609375,18.2264919539825,1.7449951171875E-05
0.03988037109375,18.2364919539573,1.74102783203125E-05
0.039874267578125,18.246491953932,1.7437744140625E-05
0.0398468017578125,18.2564919539068,1.7413330078125E-05
0.0398712158203125,18.2664919538815,1.73980712890625E-05
0.0398712158203125,18.2764919538563,1.74163818359375E-05
0.0398712158203125,18.286491953831,1.73858642578125E-05
0.039886474609375,18.2964919538058,1.7413330078125E-05
0.0398895263671875,18.3064919537806,1.74041748046875E-05
0.039874267578125,18.3164919537553,1.737060546875E-05
0.0398834228515625,18.3264919537301,1.73919677734375E-05
0.039886474609375,18.3364919537048,1.734619140625E-05
0.039892578125,18.3464919536796,1.7364501953125E-05
0.0398681640625,18.3564919536543,1.73553466796875E-05
0.039874267578125,18.3664919536291,1.73370361328125E-05
0.0398834228515625,18.3764919536038,1.737060546875E-05
0.0398895263671875,18.3864919535786,1.7327880859375E-05
0.0398895263671875,18.3964919535533,1.73583984375E-05
0.0398651123046875,18.4064919535281,1.7340087890625E-05
0.0398681640625,18.4164919535028,1.73126220703125E-05
0.0398529052734375,18.4264919534776,1.73370361328125E-05
0.0398834228515625,18.4364919534523,1.72943115234375E-05
0.039892578125,18.4464919534271,1.732177734375E-05
0.039886474609375,18.4564919534018,1.73065185546875E-05
0.0398712158203125,18.4664919533766,1.72882080078125E-05
0.039874267578125,18.4764919533513,1.7315673828125E-05
0.0398406982421875,18.4864919533261,1.72698974609375E-05
0.03988037109375,18.4964919533008,1.7291259765625E-05
0.0398712158203125,18.5064919532756,1.7279052734375E-05
0.0398773193359375,18.5164919532504,1.7266845703125E-05
0.039862060546875,18.5264919532251,1.72943115234375E-05
0.039886474609375,18.5364919531999,1.724853515625E-05
0.0398956298828125,18.5464919531746,1.72637939453125E-05
0.039886474609375,18.5564919531494,1.72515869140625E-05
0.0398590087890625,18.5664919531241,1.72393798828125E-05
0.0398773193359375,18.5764919530989,1.72607421875E-05
0.03990478515625,18.5864919530736,1.72210693359375E-05
0.0399139404296875,18.5964919530484,1.7242431640625E-05
0.0398712158203125,18.6064919530231,1.72393798828125E-05
0.0398834228515625,18.6164919529979,1.72149658203125E-05
0.0398895263671875,18.6264919529726,1.722412109375E-05
0.0398712158203125,18.6364919529474,1.7181396484375E-05
0.0398895263671875,18.6464919529221,1.72119140625E-05
0.0398834228515625,18.6564919528969,1.72027587890625E-05
0.0398681640625,18.6664919528716,1.7181396484375E-05
0.0398529052734375,18.6764919528464,1.71966552734375E-05
0.0398773193359375,18.6864919528211,1.71661376953125E-05
0.0399078369140625,18.6964919527959,1.7181396484375E-05
0.0398681640625,18.7064919527706,1.71722412109375E-05
0.039874267578125,18.7164919527454,1.71478271484375E-05
0.0398590087890625,18.7264919527202,1.71600341796875E-05
0.0398712158203125,18.7364919526949,1.7132568359375E-05
0.0399139404296875,18.7464919526697,1.7144775390625E-05
0.0398773193359375,18.7564919526444,1.715087890625E-05
0.0398681640625,18.7664919526192,1.7132568359375E-05
0.039874267578125,18.7764919525939,1.715087890625E-05
0.039892578125,18.7864919525687,1.70989990234375E-05
0.0398956298828125,18.7964919525434,1.71295166015625E-05
0.03988037109375,18.8064919525182,1.7108154296875E-05
0.039862060546875,18.8164919524929,1.708984375E-05
0.0398681640625,18.8264919524677,1.71142578125E-05
0.039874267578125,18.8364919524424,1.707763671875E-05
0.03988037109375,18.8464919524172,1.70989990234375E-05
0.0398681640625,18.8564919523919,1.70867919921875E-05
0.039862060546875,18.8664919523667,1.70806884765625E-05
0.039874267578125,18.8764919523414,1.7083740234375E-05
0.0398773193359375,18.8864919523162,1.70501708984375E-05
0.039886474609375,18.8964919522909,1.70654296875E-05
0.0398590087890625,18.9064919522657,1.7047119140625E-05
0.039874267578125,18.9164919522404,1.70440673828125E-05
0.039874267578125,18.9264919522152,1.7059326171875E-05
0.0398773193359375,18.93649195219,1.702880859375E-05
0.0398590087890625,18.9464919521647,1.70318603515625E-05
0.0398590087890625,18.9564919521395,1.70379638671875E-05
0.0398773193359375,18.9664919521142,1.702880859375E-05
0.0398956298828125,18.976491952089,1.70379638671875E-05
0.0398895263671875,18.9864919520637,1.7010498046875E-05
0.03988037109375,18.9964919520385,1.70166015625E-05
0.0398773193359375,19.0064919520132,1.70074462890625E-05
0.0398712158203125,19.016491951988,1.69921875E-05
0.039886474609375,19.0264919519627,1.70074462890625E-05
0.0398681640625,19.0364919519375,1.69677734375E-05
0.0398590087890625,19.0464919519122,1.70013427734375E-05
0.03985595703125,19.056491951887,1.69921875E-05
0.0398681640625,19.0664919518617,1.69677734375E-05
0.039862060546875,19.0764919518365,1.70074462890625E-05
0.0399017333984375,19.0864919518112,1.69525146484375E-05
0.0398651123046875,19.096491951786,1.69830322265625E-05
0.0398773193359375,19.1064919517607,1.69708251953125E-05
0.03988037109375,19.1164919517355,1.69403076171875E-05
0.0398529052734375,19.1264919517102,1.6961669921875E-05
0.0398773193359375,19.136491951685,1.6925048828125E-05
0.0398773193359375,19.1464919516598,1.69464111328125E-05
0.0398834228515625,19.1564919516345,1.69403076171875E-05
0.03985595703125,19.1664919516093,1.69189453125E-05
0.0398834228515625,19.176491951584,1.69342041015625E-05
0.039898681640625,19.1864919515588,1.69097900390625E-05
0.039862060546875,19.1964919515335,1.6925048828125E-05
0.0398895263671875,19.2064919515083,1.6912841796875E-05
0.0398712158203125,19.216491951483,1.689453125E-05
0.0398468017578125,19.2264919514578,1.69097900390625E-05
0.03990478515625,19.2364919514325,1.6876220703125E-05
0.0398590087890625,19.2464919514073,1.68914794921875E-05
0.0398681640625,19.256491951382,1.68914794921875E-05
0.0398956298828125,19.2664919513568,1.68670654296875E-05
0.0398681640625,19.2764919513315,1.68914794921875E-05
0.0399139404296875,19.2864919513063,1.6864013671875E-05
0.0398651123046875,19.296491951281,1.68853759765625E-05
0.039874267578125,19.3064919512558,1.68731689453125E-05
0.0398681640625,19.3164919512305,1.68487548828125E-05
0.0398834228515625,19.3264919512053,1.6864013671875E-05
0.0399017333984375,19.3364919511801,1.68243408203125E-05
0.0398712158203125,19.3464919511548,1.6839599609375E-05
0.039874267578125,19.3564919511296,1.68365478515625E-05
0.03988037109375,19.3664919511043,1.6827392578125E-05
0.0398712158203125,19.3764919510791,1.68304443359375E-05
0.039886474609375,19.3864919510538,1.68060302734375E-05
0.03985595703125,19.3964919510286,1.68243408203125E-05
0.03985595703125,19.4064919510033,1.680908203125E-05
0.0398773193359375,19.4164919509781,1.67999267578125E-05
0.0398651123046875,19.4264919509528,1.680908203125E-05
0.03990478515625,19.4364919509276,1.67694091796875E-05
0.039862060546875,19.4464919509023,1.680908203125E-05
0.039862060546875,19.4564919508771,1.67877197265625E-05
0.039874267578125,19.4664919508518,1.678466796875E-05
0.039892578125,19.4764919508266,1.67877197265625E-05
0.039892578125,19.4864919508013,1.67572021484375E-05
0.0398468017578125,19.4964919507761,1.6778564453125E-05
0.039874267578125,19.5064919507508,1.67633056640625E-05
0.0398712158203125,19.5164919507256,1.6748046875E-05
0.0398834228515625,19.5264919507003,1.67724609375E-05
0.03988037109375,19.5364919506751,1.67266845703125E-05
0.0398681640625,19.5464919506499,1.67572021484375E-05
0.0399017333984375,19.5564919506246,1.67327880859375E-05
0.039874267578125,19.5664919505994,1.6729736328125E-05
0.03988037109375,19.5764919505741,1.67388916015625E-05
0.03990478515625,19.5864919505489,1.67022705078125E-05
0.039837646484375,19.5964919505236,1.6729736328125E-05
0.0398651123046875,19.6064919504984,1.67083740234375E-05
0.0398712158203125,19.6164919504731,1.67022705078125E-05
0.0398712158203125,19.6264919504479,1.671142578125E-05
0.039874267578125,19.6364919504226,1.66839599609375E-05
0.039862060546875,19.6464919503974,1.669921875E-05
0.0398895263671875,19.6564919503721,1.668701171875E-05
0.039892578125,19.6664919503469,1.66717529296875E-05
0.039874267578125,19.6764919503216,1.67083740234375E-05
0.0398712158203125,19.6864919502964,1.6668701171875E-05
0.0398590087890625,19.6964919502711,1.66900634765625E-05
0.0398712158203125,19.7064919502459,1.66595458984375E-05
0.039886474609375,19.7164919502206,1.66534423828125E-05
0.0398773193359375,19.7264919501954,1.66748046875E-05
0.039874267578125,19.7364919501701,1.66351318359375E-05
0.0398406982421875,19.7464919501449,1.66595458984375E-05
0.039874267578125,19.7564919501197,1.6650390625E-05
0.0398773193359375,19.7664919500944,1.66290283203125E-05
0.0398895263671875,19.7764919500692,1.6644287109375E-05
0.0398895263671875,19.7864919500439,1.6619873046875E-05
0.0398681640625,19.7964919500187,1.663818359375E-05
0.039874267578125,19.8064919499934,1.6619873046875E-05
0.0398895263671875,19.8164919499682,1.66107177734375E-05
0.039898681640625,19.8264919499429,1.6619873046875E-05
0.0398773193359375,19.8364919499177,1.65863037109375E-05
0.0398468017578125,19.8464919498924,1.661376953125E-05
0.0398712158203125,19.8564919498672,1.658935546875E-05
0.03988037109375,19.8664919498419,1.65863037109375E-05
0.0398651123046875,19.8764919498167,1.65924072265625E-05
0.0398834228515625,19.8864919497914,1.65557861328125E-05
0.03985595703125,19.8964919497662,1.65924072265625E-05
0.0398834228515625,19.9064919497409,1.6571044921875E-05
0.0399017333984375,19.9164919497157,1.656494140625E-05
0.0398681640625,19.9264919496904,1.6583251953125E-05
0.0398681640625,19.9364919496652,1.6546630859375E-05
0.03984375,19.9464919496399,1.6571044921875E-05
0.0398773193359375,19.9564919496147,1.6546630859375E-05
0.03988037109375,19.9664919495895,1.6534423828125E-05
0.03990478515625,19.9764919495642,1.6552734375E-05
0.0398529052734375,19.986491949539,1.65130615234375E-05
0.0398712158203125,19.9964919495137,1.6552734375E-05
0.039892578125,20.0064919494885,1.65252685546875E-05
0.0398773193359375,20.0164919494632,1.6510009765625E-05
0.0398773193359375,20.026491949438,1.6534423828125E-05
0.0398895263671875,20.0364919494127,1.65008544921875E-05
0.0398681640625,20.0464919493875,1.65191650390625E-05
0.0398834228515625,20.0564919493622,1.64947509765625E-05
0.0398712158203125,20.066491949337,1.6485595703125E-05
0.0398712158203125,20.0764919493117,1.6497802734375E-05
0.03985595703125,20.0864919492865,1.646728515625E-05
0.0398773193359375,20.0964919492612,1.64794921875E-05
0.0398651123046875,20.106491949236,1.646728515625E-05
0.039892578125,20.1164919492107,1.6461181640625E-05
0.039862060546875,20.1264919491855,1.6485595703125E-05
0.0398468017578125,20.1364919491602,1.64398193359375E-05
0.0398773193359375,20.146491949135,1.64794921875E-05
0.0398834228515625,20.1564919491097,1.6455078125E-05
0.039874267578125,20.1664919490845,1.64337158203125E-05
0.039874267578125,20.1764919490593,1.6461181640625E-05
0.039874267578125,20.186491949034,1.64276123046875E-05
0.0398773193359375,20.1964919490088,1.644287109375E-05
0.039874267578125,20.2064919489835,1.64337158203125E-05
0.0398681640625,20.2164919489583,1.64215087890625E-05
0.0398834228515625,20.226491948933,1.644287109375E-05
0.039886474609375,20.2364919489078,1.64031982421875E-05
0.0398712158203125,20.2464919488825,1.644287109375E-05
0.0398773193359375,20.2564919488573,1.6400146484375E-05
0.0399017333984375,20.266491948832,1.639404296875E-05
0.039892578125,20.2764919488068,1.6412353515625E-05
0.039886474609375,20.2864919487815,1.6375732421875E-05
0.039874267578125,20.2964919487563,1.64031982421875E-05
0.0398681640625,20.306491948731,1.63787841796875E-05
0.039862060546875,20.3164919487058,1.63818359375E-05
0.03988037109375,20.3264919486805,1.63818359375E-05
0.03988037109375,20.3364919486553,1.6363525390625E-05
0.039886474609375,20.34649194863,1.63787841796875E-05
0.0398773193359375,20.3564919486048,1.6357421875E-05
0.0398712158203125,20.3664919485796,1.63543701171875E-05
0.039874267578125,20.3764919485543,1.63726806640625E-05
0.039874267578125,20.3864919485291,1.63360595703125E-05
0.0399139404296875,20.3964919485038,1.6363525390625E-05
0.0398773193359375,20.4064919484786,1.63330078125E-05
0.039886474609375,20.4164919484533,1.63330078125E-05
0.0398773193359375,20.4264919484281,1.634521484375E-05
0.0398651123046875,20.4364919484028,1.63116455078125E-05
0.0398712158203125,20.4464919483776,1.6339111328125E-05
0.0398712158203125,20.4564919483523,1.632080078125E-05
0.03988037109375,20.4664919483271,1.6302490234375E-05
0.03988037109375,20.4764919483018,1.632080078125E-05
0.0399078369140625,20.4864919482766,1.62872314453125E-05
0.0398681640625,20.4964919482513,1.63116455078125E-05
0.0398681640625,20.5064919482261,1.6302490234375E-05
0.0398712158203125,20.5164919482008,1.62872314453125E-05
0.03988037109375,20.5264919481756,1.629638671875E-05
0.0398712158203125,20.5364919481503,1.6259765625E-05
0.0398651123046875,20.5464919481251,1.62841796875E-05
0.0398773193359375,20.5564919480998,1.62689208984375E-05
0.039862060546875,20.5664919480746,1.6259765625E-05
0.0398773193359375,20.5764919480494,1.62841796875E-05
0.0398773193359375,20.5864919480241,1.62506103515625E-05
0.03988037109375,20.5964919479989,1.6253662109375E-05
0.03985595703125,20.6064919479736,1.62567138671875E-05
0.0398681640625,20.6164919479484,1.62384033203125E-05
0.0398712158203125,20.6264919479231,1.62567138671875E-05
0.039892578125,20.6364919478979,1.6229248046875E-05
0.0398712158203125,20.6464919478726,1.62445068359375E-05
0.0398773193359375,20.6564919478474,1.62261962890625E-05
0.039874267578125,20.6664919478221,1.62261962890625E-05
0.0398895263671875,20.6764919477969,1.62353515625E-05
0.0398651123046875,20.6864919477716,1.62078857421875E-05
0.0398712158203125,20.6964919477464,1.62353515625E-05
0.03985595703125,20.7064919477211,1.62109375E-05
0.03988037109375,20.7164919476959,1.6192626953125E-05
0.039886474609375,20.7264919476706,1.62200927734375E-05
0.03985595703125,20.7364919476454,1.61773681640625E-05
0.039862060546875,20.7464919476201,1.62109375E-05
0.0398651123046875,20.7564919475949,1.61834716796875E-05
0.039892578125,20.7664919475696,1.61865234375E-05
0.03988037109375,20.7764919475444,1.61895751953125E-05
0.039874267578125,20.7864919475192,1.6156005859375E-05
0.0398956298828125,20.7964919474939,1.6168212890625E-05
0.0398681640625,20.8064919474687,1.6156005859375E-05
0.0398712158203125,20.8164919474434,1.6156005859375E-05
0.0399139404296875,20.8264919474182,1.61773681640625E-05
0.0398773193359375,20.8364919473929,1.6143798828125E-05
0.03988037109375,20.8464919473677,1.6156005859375E-05
0.0398681640625,20.8564919473424,1.6143798828125E-05
0.039898681640625,20.8664919473172,1.614990234375E-05
0.03988037109375,20.8764919472919,1.61529541015625E-05
0.0398712158203125,20.8864919472667,1.61224365234375E-05
0.039886474609375,20.8964919472414,1.6143798828125E-05
0.039874267578125,20.9064919472162,1.61163330078125E-05
0.0398712158203125,20.9164919471909,1.6119384765625E-05
0.039886474609375,20.9264919471657,1.61346435546875E-05
0.0398956298828125,20.9364919471404,1.60888671875E-05
0.0398834228515625,20.9464919471152,1.612548828125E-05
0.0398834228515625,20.9564919470899,1.60980224609375E-05
0.039862060546875,20.9664919470647,1.60980224609375E-05
0.0398895263671875,20.9764919470394,1.60980224609375E-05
0.0398529052734375,20.9864919470142,1.607666015625E-05
0.0398712158203125,20.996491946989,1.6094970703125E-05
0.0398651123046875,21.0064919469637,1.6058349609375E-05
0.03988037109375,21.0164919469385,1.60736083984375E-05
0.0398681640625,21.0264919469132,1.60888671875E-05
0.0398590087890625,21.036491946888,1.605224609375E-05
0.039874267578125,21.0464919468627,1.60797119140625E-05
0.0398773193359375,21.0564919468375,1.6058349609375E-05
0.0398681640625,21.0664919468122,1.605224609375E-05
0.0398712158203125,21.076491946787,1.6064453125E-05
0.03988037109375,21.0864919467617,1.6033935546875E-05
0.03990478515625,21.0964919467365,1.60675048828125E-05
0.039862060546875,21.1064919467112,1.60369873046875E-05
0.03988037109375,21.116491946686,1.60247802734375E-05
0.039874267578125,21.1264919466607,1.605224609375E-05
0.039886474609375,21.1364919466355,1.6015625E-05
0.0399078369140625,21.1464919466102,1.60491943359375E-05
0.039862060546875,21.156491946585,1.60247802734375E-05
0.039886474609375,21.1664919465597,1.6021728515625E-05
0.0398681640625,21.1764919465345,1.6046142578125E-05
0.0398773193359375,21.1864919465092,1.5997314453125E-05
0.039874267578125,21.196491946484,1.60186767578125E-05
0.0398895263671875,21.2064919464588,1.60064697265625E-05
0.0398590087890625,21.2164919464335,1.59942626953125E-05
0.039874267578125,21.2264919464083,1.60186767578125E-05
0.039898681640625,21.236491946383,1.5966796875E-05
0.039862060546875,21.2464919463578,1.5997314453125E-05
0.0399017333984375,21.2564919463325,1.597900390625E-05
0.039886474609375,21.2664919463073,1.5960693359375E-05
0.0398651123046875,21.276491946282,1.59820556640625E-05
0.0398651123046875,21.2864919462568,1.5948486328125E-05
0.0398956298828125,21.2964919462315,1.5972900390625E-05
0.0398529052734375,21.3064919462063,1.595458984375E-05
0.0398651123046875,21.316491946181,1.59454345703125E-05
0.0398651123046875,21.3264919461558,1.59637451171875E-05
0.039874267578125,21.3364919461305,1.5936279296875E-05
0.0398895263671875,21.3464919461053,1.595458984375E-05
0.0398834228515625,21.35649194608,1.59393310546875E-05
0.039862060546875,21.3664919460548,1.59271240234375E-05
0.039874267578125,21.3764919460295,1.59515380859375E-05
0.0398712158203125,21.3864919460043,1.591796875E-05
0.0399139404296875,21.3964919459791,1.59271240234375E-05
0.0398712158203125,21.4064919459538,1.591796875E-05
0.039874267578125,21.4164919459286,1.5911865234375E-05
0.0398681640625,21.4264919459033,1.59271240234375E-05
0.0398956298828125,21.4364919458781,1.5899658203125E-05
0.0399322509765625,21.4464919458528,1.591796875E-05
0.0398773193359375,21.4564919458276,1.59027099609375E-05
0.039886474609375,21.4664919458023,1.58905029296875E-05
0.03988037109375,21.4764919457771,1.59088134765625E-05
0.03985595703125,21.4864919457518,1.5887451171875E-05
0.039898681640625,21.4964919457266,1.58935546875E-05
0.03988037109375,21.5064919457013,1.58782958984375E-05
0.03988037109375,21.5164919456761,1.58721923828125E-05
0.039874267578125,21.5264919456508,1.58905029296875E-05
0.039892578125,21.5364919456256,1.58538818359375E-05
0.039898681640625,21.5464919456003,1.58782958984375E-05
0.0398681640625,21.5564919455751,1.5863037109375E-05
0.0398590087890625,21.5664919455498,1.5850830078125E-05
0.0398712158203125,21.5764919455246,1.5863037109375E-05
0.039892578125,21.5864919454993,1.58233642578125E-05
0.0399139404296875,21.5964919454741,1.585693359375E-05
0.0398590087890625,21.6064919454489,1.58355712890625E-05
0.0398834228515625,21.6164919454236,1.58294677734375E-05
0.03988037109375,21.6264919453984,1.58355712890625E-05
0.0398590087890625,21.6364919453731,1.5814208984375E-05
0.039910888671875,21.6464919453479,1.58294677734375E-05
0.0398529052734375,21.6564919453226,1.5814208984375E-05
0.0398681640625,21.6664919452974,1.58050537109375E-05
0.0398651123046875,21.6764919452721,1.58233642578125E-05
0.0398895263671875,21.6864919452469,1.57867431640625E-05
0.0399017333984375,21.6964919452216,1.5802001953125E-05
0.039849853515625,21.7064919451964,1.57867431640625E-05
0.039886474609375,21.7164919451711,1.57806396484375E-05
0.0398651123046875,21.7264919451459,1.5802001953125E-05
0.0398712158203125,21.7364919451206,1.5771484375E-05
0.039892578125,21.7464919450954,1.5802001953125E-05
0.0398651123046875,21.7564919450701,1.578369140625E-05
0.0398712158203125,21.7664919450449,1.57684326171875E-05
0.0398712158203125,21.7764919450196,1.5777587890625E-05
0.0398956298828125,21.7864919449944,1.57623291015625E-05
0.0398834228515625,21.7964919449691,1.57806396484375E-05
0.0398529052734375,21.8064919449439,1.57745361328125E-05
0.03984375,21.8164919449187,1.5753173828125E-05
0.0398712158203125,21.8264919448934,1.5765380859375E-05
0.0398712158203125,21.8364919448682,1.57379150390625E-05
0.039892578125,21.8464919448429,1.5765380859375E-05
0.039886474609375,21.8564919448177,1.57470703125E-05
0.0398834228515625,21.8664919447924,1.573486328125E-05
0.03988037109375,21.8764919447672,1.57440185546875E-05
0.0398712158203125,21.8864919447419,1.572265625E-05
0.0398681640625,21.8964919447167,1.57440185546875E-05
0.0398895263671875,21.9064919446914,1.57318115234375E-05
0.03990478515625,21.9164919446662,1.57135009765625E-05
0.0398681640625,21.9264919446409,1.57318115234375E-05
0.039892578125,21.9364919446157,1.56982421875E-05
0.0398773193359375,21.9464919445904,1.5716552734375E-05
0.0398895263671875,21.9564919445652,1.571044921875E-05
0.03988037109375,21.9664919445399,1.5692138671875E-05
0.0398651123046875,21.9764919445147,1.571044921875E-05
0.039886474609375,21.9864919444894,1.56768798828125E-05
0.0399169921875,21.9964919444642,1.571044921875E-05
0.0398712158203125,22.0064919444389,1.56890869140625E-05
0.0398681640625,22.0164919444137,1.56707763671875E-05
0.039874267578125,22.0264919443885,1.56951904296875E-05
0.0398773193359375,22.0364919443632,1.56646728515625E-05
0.0398651123046875,22.046491944338,1.5692138671875E-05
0.039874267578125,22.0564919443127,1.56707763671875E-05
0.039874267578125,22.0664919442875,1.56585693359375E-05
0.039874267578125,22.0764919442622,1.5667724609375E-05
0.0398651123046875,22.086491944237,1.5643310546875E-05
0.039886474609375,22.0964919442117,1.56585693359375E-05
0.0398651123046875,22.1064919441865,1.56341552734375E-05
0.039886474609375,22.1164919441612,1.56524658203125E-05
0.0398712158203125,22.126491944136,1.56494140625E-05
0.039886474609375,22.1364919441107,1.5625E-05
0.0398681640625,22.1464919440855,1.5655517578125E-05
0.03988037109375,22.1564919440602,1.5631103515625E-05
0.0398468017578125,22.166491944035,1.561279296875E-05
0.0398712158203125,22.1764919440097,1.56341552734375E-05
0.039874267578125,22.1864919439845,1.561279296875E-05
0.039886474609375,22.1964919439592,1.5631103515625E-05
0.0398712158203125,22.206491943934,1.5606689453125E-05
0.0398681640625,22.2164919439087,1.56097412109375E-05
0.0398651123046875,22.2264919438835,1.5618896484375E-05
0.0398773193359375,22.2364919438583,1.558837890625E-05
0.0398773193359375,22.246491943833,1.56158447265625E-05
0.0398834228515625,22.2564919438078,1.55853271484375E-05
0.03988037109375,22.2664919437825,1.56005859375E-05
0.0398834228515625,22.2764919437573,1.56036376953125E-05
0.039874267578125,22.286491943732,1.55670166015625E-05
0.039910888671875,22.2964919437068,1.55975341796875E-05
0.0398681640625,22.3064919436815,1.55548095703125E-05
0.03988037109375,22.3164919436563,1.55548095703125E-05
0.039874267578125,22.326491943631,1.5582275390625E-05
0.0398681640625,22.3364919436058,1.55548095703125E-05
0.03985595703125,22.3464919435805,1.55853271484375E-05
0.0398590087890625,22.3564919435553,1.556396484375E-05
0.0398651123046875,22.36649194353,1.55609130859375E-05
0.039874267578125,22.3764919435048,1.55731201171875E-05
0.0398590087890625,22.3864919434795,1.552734375E-05
0.0398834228515625,22.3964919434543,1.55548095703125E-05
0.039874267578125,22.406491943429,1.552734375E-05
0.0398529052734375,22.4164919434038,1.551513671875E-05
0.039886474609375,22.4264919433786,1.55426025390625E-05
0.039874267578125,22.4364919433533,1.55181884765625E-05
0.039886474609375,22.4464919433281,1.552734375E-05
0.0398773193359375,22.4564919433028,1.5509033203125E-05
0.0398712158203125,22.4664919432776,1.55059814453125E-05
0.0398681640625,22.4764919432523,1.5521240234375E-05
0.039874267578125,22.4864919432271,1.54998779296875E-05
0.0398895263671875,22.4964919432018,1.551513671875E-05
0.0399017333984375,22.5064919431766,1.5509033203125E-05
0.0398773193359375,22.5164919431513,1.5484619140625E-05
0.039892578125,22.5264919431261,1.55029296875E-05
0.0398773193359375,22.5364919431008,1.54754638671875E-05
0.0399200439453125,22.5464919430756,1.55059814453125E-05
0.0398834228515625,22.5564919430503,1.54815673828125E-05
0.03984375,22.5664919430251,1.5478515625E-05
0.0398651123046875,22.5764919429998,1.54815673828125E-05
0.0398712158203125,22.5864919429746,1.54510498046875E-05
0.0398651123046875,22.5964919429493,1.54876708984375E-05
0.0398590087890625,22.6064919429241,1.5460205078125E-05
0.0398773193359375,22.6164919428988,1.5447998046875E-05
0.039862060546875,22.6264919428736,1.54693603515625E-05
0.0398712158203125,22.6364919428484,1.544189453125E-05
0.039892578125,22.6464919428231,1.54754638671875E-05
0.0398773193359375,22.6564919427979,1.5447998046875E-05
0.0398590087890625,22.6664919427726,1.54266357421875E-05
0.0398651123046875,22.6764919427474,1.546630859375E-05
0.03988037109375,22.6864919427221,1.54327392578125E-05
0.0398773193359375,22.6964919426969,1.54571533203125E-05
0.0398834228515625,22.7064919426716,1.544189453125E-05
0.039898681640625,22.7164919426464,1.54327392578125E-05
0.0398712158203125,22.7264919426211,1.54449462890625E-05
0.039886474609375,22.7364919425959,1.541748046875E-05
0.0398773193359375,22.7464919425706,1.54388427734375E-05
0.0398681640625,22.7564919425454,1.5423583984375E-05
0.0398590087890625,22.7664919425201,1.54052734375E-05
0.039874267578125,22.7764919424949,1.54205322265625E-05
0.0398834228515625,22.7864919424696,1.53839111328125E-05
0.0398956298828125,22.7964919424444,1.54266357421875E-05
0.03988037109375,22.8064919424191,1.54083251953125E-05
0.0398651123046875,22.8164919423939,1.5386962890625E-05
0.0398956298828125,22.8264919423686,1.54052734375E-05
0.039886474609375,22.8364919423434,1.53778076171875E-05
0.0398651123046875,22.8464919423182,1.54022216796875E-05
0.039874267578125,22.8564919422929,1.5374755859375E-05
0.039874267578125,22.8664919422677,1.536865234375E-05
0.0398681640625,22.8764919422424,1.53900146484375E-05
0.0398834228515625,22.8864919422172,1.53564453125E-05
0.0398834228515625,22.8964919421919,1.5386962890625E-05
0.03984375,22.9064919421667,1.53472900390625E-05
0.0398773193359375,22.9164919421414,1.53533935546875E-05
0.039874267578125,22.9264919421162,1.536865234375E-05
0.0398773193359375,22.9364919420909,1.53411865234375E-05
0.0398895263671875,22.9464919420657,1.53656005859375E-05
0.039886474609375,22.9564919420404,1.53472900390625E-05
0.039874267578125,22.9664919420152,1.53289794921875E-05
0.03988037109375,22.9764919419899,1.53472900390625E-05
0.0398681640625,22.9864919419647,1.53106689453125E-05
0.0398956298828125,22.9964919419394,1.53564453125E-05
0.0398773193359375,23.0064919419142,1.5338134765625E-05
0.03990478515625,23.0164919418889,1.53289794921875E-05
0.0399200439453125,23.0264919418637,1.534423828125E-05
0.03988037109375,23.0364919418384,1.5313720703125E-05
0.039898681640625,23.0464919418132,1.5338134765625E-05
0.039886474609375,23.056491941788,1.53228759765625E-05
0.0398956298828125,23.0664919417627,1.52984619140625E-05
0.0398590087890625,23.0764919417375,1.53106689453125E-05
0.039886474609375,23.0864919417122,1.52923583984375E-05
0.039874267578125,23.096491941687,1.53228759765625E-05
0.039874267578125,23.1064919416617,1.529541015625E-05
0.039862060546875,23.1164919416365,1.52923583984375E-05
0.0398712158203125,23.1264919416112,1.52984619140625E-05
0.039874267578125,23.136491941586,1.52679443359375E-05
0.0398773193359375,23.1464919415607,1.5301513671875E-05
0.0398712158203125,23.1564919415355,1.5283203125E-05
0.0398895263671875,23.1664919415102,1.5277099609375E-05
0.0398651123046875,23.176491941485,1.52801513671875E-05
0.0398895263671875,23.1864919414597,1.52557373046875E-05
0.039886474609375,23.1964919414345,1.5289306640625E-05
0.03988037109375,23.2064919414092,1.52587890625E-05
0.0398712158203125,23.216491941384,1.52557373046875E-05
0.0398590087890625,23.2264919413587,1.5277099609375E-05
0.0398712158203125,23.2364919413335,1.52435302734375E-05
0.03985595703125,23.2464919413082,1.52679443359375E-05
0.0398956298828125,23.256491941283,1.524658203125E-05
0.0398712158203125,23.2664919412578,1.52374267578125E-05
0.039874267578125,23.2764919412325,1.524658203125E-05
0.039886474609375,23.2864919412073,1.522216796875E-05
0.0398895263671875,23.296491941182,1.52435302734375E-05
0.0398681640625,23.3064919411568,1.52130126953125E-05
0.03988037109375,23.3164919411315,1.52191162109375E-05
0.0398834228515625,23.3264919411063,1.5234375E-05
0.0398681640625,23.336491941081,1.519775390625E-05
0.0398895263671875,23.3464919410558,1.5228271484375E-05
0.039874267578125,23.3564919410305,1.5203857421875E-05
0.039874267578125,23.3664919410053,1.52069091796875E-05
0.03988037109375,23.37649194098,1.52130126953125E-05
0.0398895263671875,23.3864919409548,1.5191650390625E-05
0.0398773193359375,23.3964919409295,1.5216064453125E-05
0.0398681640625,23.4064919409043,1.5203857421875E-05
0.03988037109375,23.416491940879,1.51885986328125E-05
0.0398895263671875,23.4264919408538,1.52099609375E-05
0.0398651123046875,23.4364919408285,1.51824951171875E-05
0.0398773193359375,23.4464919408033,1.52099609375E-05
0.0398712158203125,23.4564919407781,1.5179443359375E-05
0.03988037109375,23.4664919407528,1.51702880859375E-05
0.03988037109375,23.4764919407276,1.5185546875E-05
0.039874267578125,23.4864919407023,1.51702880859375E-05
0.039892578125,23.4964919406771,1.51763916015625E-05
0.0398834228515625,23.5064919406518,1.517333984375E-05
0.0398834228515625,23.5164919406266,1.514892578125E-05
0.0398590087890625,23.5264919406013,1.51641845703125E-05
0.0398773193359375,23.5364919405761,1.512451171875E-05
0.0398712158203125,23.5464919405508,1.51611328125E-05
0.03985595703125,23.5564919405256,1.5142822265625E-05
0.0398773193359375,23.5664919405003,1.51275634765625E-05
0.0398681640625,23.5764919404751,1.5142822265625E-05
0.0398681640625,23.5864919404498,1.51275634765625E-05
0.0398712158203125,23.5964919404246,1.5155029296875E-05
0.039892578125,23.6064919403993,1.5130615234375E-05
0.0398895263671875,23.6164919403741,1.5118408203125E-05
0.039874267578125,23.6264919403488,1.51275634765625E-05
0.03988037109375,23.6364919403236,1.51153564453125E-05
0.0398651123046875,23.6464919402983,1.51336669921875E-05
0.0398651123046875,23.6564919402731,1.51123046875E-05
0.0399078369140625,23.6664919402479,1.51123046875E-05
0.03988037109375,23.6764919402226,1.51275634765625E-05
0.0398712158203125,23.6864919401974,1.510009765625E-05
0.0398773193359375,23.6964919401721,1.51275634765625E-05
0.0398895263671875,23.7064919401469,1.510009765625E-05
0.0398651123046875,23.7164919401216,1.5093994140625E-05
0.039862060546875,23.7264919400964,1.5118408203125E-05
0.0398834228515625,23.7364919400711,1.5087890625E-05
0.0398681640625,23.7464919400459,1.5106201171875E-05
0.039874267578125,23.7564919400206,1.5087890625E-05
0.0398895263671875,23.7664919399954,1.5081787109375E-05
0.0398895263671875,23.7764919399701,1.5093994140625E-05
0.0398834228515625,23.7864919399449,1.5069580078125E-05
0.0398590087890625,23.7964919399196,1.5093994140625E-05
0.0398651123046875,23.8064919398944,1.50604248046875E-05
0.0398651123046875,23.8164919398691,1.50604248046875E-05
0.039862060546875,23.8264919398439,1.50726318359375E-05
0.0398895263671875,23.8364919398186,1.5045166015625E-05
0.0398956298828125,23.8464919397934,1.50787353515625E-05
0.0398773193359375,23.8564919397681,1.50482177734375E-05
0.039886474609375,23.8664919397429,1.50482177734375E-05
0.039886474609375,23.8764919397177,1.5069580078125E-05
0.03988037109375,23.8864919396924,1.5032958984375E-05
0.0398834228515625,23.8964919396672,1.5057373046875E-05
0.03988037109375,23.9064919396419,1.5045166015625E-05
0.03988037109375,23.9164919396167,1.5032958984375E-05
0.0398712158203125,23.9264919395914,1.50421142578125E-05
0.0398712158203125,23.9364919395662,1.50115966796875E-05
0.0398956298828125,23.9464919395409,1.50360107421875E-05
0.0398651123046875,23.9564919395157,1.50177001953125E-05
0.0398590087890625,23.9664919394904,1.5008544921875E-05
0.03988037109375,23.9764919394652,1.50177001953125E-05
0.03988037109375,23.9864919394399,1.4990234375E-05
0.039898681640625,23.9964919394147,1.5032958984375E-05
0.03988037109375,24.0064919393894,1.5008544921875E-05
0.039898681640625,24.0164919393642,1.49932861328125E-05
0.039862060546875,24.0264919393389,1.50146484375E-05
0.039886474609375,24.0364919393137,1.49810791015625E-05
0.039874267578125,24.0464919392884,1.50115966796875E-05
0.039874267578125,24.0564919392632,1.49810791015625E-05
0.0398834228515625,24.0664919392379,1.49871826171875E-05
0.0398895263671875,24.0764919392127,1.50054931640625E-05
0.0398681640625,24.0864919391875,1.497802734375E-05
0.0398895263671875,24.0964919391622,1.49932861328125E-05
0.039874267578125,24.106491939137,1.49688720703125E-05
0.039892578125,24.1164919391117,1.49688720703125E-05
0.0398773193359375,24.1264919390865,1.49810791015625E-05
0.03988037109375,24.1364919390612,1.495361328125E-05
0.039898681640625,24.146491939036,1.49810791015625E-05
0.0398681640625,24.1564919390107,1.49566650390625E-05
0.039874267578125,24.1664919389855,1.4947509765625E-05
0.0398712158203125,24.1764919389602,1.49688720703125E-05
0.0398773193359375,24.186491938935,1.49444580078125E-05
0.0398895263671875,24.1964919389097,1.4959716796875E-05
0.0398651123046875,24.2064919388845,1.49261474609375E-05
0.0398895263671875,24.2164919388592,1.49261474609375E-05
0.0398773193359375,24.226491938834,1.4947509765625E-05
0.039892578125,24.2364919388087,1.49169921875E-05
0.0398773193359375,24.2464919387835,1.49444580078125E-05
0.039874267578125,24.2564919387582,1.49261474609375E-05
0.0398590087890625,24.266491938733,1.492919921875E-05
0.0398773193359375,24.2764919387077,1.4935302734375E-05
0.039892578125,24.2864919386825,1.490478515625E-05
0.0398834228515625,24.2964919386573,1.494140625E-05
0.039892578125,24.306491938632,1.49017333984375E-05
0.039898681640625,24.3164919386068,1.4910888671875E-05
0.0398651123046875,24.3264919385815,1.4923095703125E-05
0.039862060546875,24.3364919385563,1.4886474609375E-05
0.0398773193359375,24.346491938531,1.49169921875E-05
0.0398895263671875,24.3564919385058,1.48895263671875E-05
0.039892578125,24.3664919384805,1.4892578125E-05
0.03988037109375,24.3764919384553,1.4910888671875E-05
0.03988037109375,24.38649193843,1.48773193359375E-05
0.039892578125,24.3964919384048,1.49017333984375E-05
0.0398834228515625,24.4064919383795,1.488037109375E-05
0.0398956298828125,24.4164919383543,1.4874267578125E-05
0.039898681640625,24.426491938329,1.4892578125E-05
0.03990478515625,24.4364919383038,1.48529052734375E-05
0.0398712158203125,24.4464919382785,1.4892578125E-05
0.0398651123046875,24.4564919382533,1.485595703125E-05
0.039886474609375,24.466491938228,1.48529052734375E-05
0.039892578125,24.4764919382028,1.4874267578125E-05
0.0398895263671875,24.4864919381776,1.483154296875E-05
0.0398651123046875,24.4964919381523,1.48712158203125E-05
0.03988037109375,24.5064919381271,1.48468017578125E-05
0.039886474609375,24.5164919381018,1.484375E-05
0.0398773193359375,24.5264919380766,1.4862060546875E-05
0.0398712158203125,24.5364919380513,1.483154296875E-05
0.0399139404296875,24.5464919380261,1.48590087890625E-05
0.0398529052734375,24.5564919380008,1.483154296875E-05
0.0398651123046875,24.5664919379756,1.48284912109375E-05
0.0398773193359375,24.5764919379503,1.485595703125E-05
0.0398712158203125,24.5864919379251,1.4813232421875E-05
0.039874267578125,24.5964919378998,1.48529052734375E-05
0.0398681640625,24.6064919378746,1.480712890625E-05
0.039886474609375,24.6164919378493,1.48101806640625E-05
0.039886474609375,24.6264919378241,1.48345947265625E-05
0.0398681640625,24.6364919377988,1.4801025390625E-05
0.0398834228515625,24.6464919377736,1.48223876953125E-05
0.0398773193359375,24.6564919377483,1.4813232421875E-05
0.0398712158203125,24.6664919377231,1.47979736328125E-05
0.0398834228515625,24.6764919376978,1.48223876953125E-05
0.0398834228515625,24.6864919376726,1.47796630859375E-05
0.039874267578125,24.6964919376474,1.48040771484375E-05
0.0398773193359375,24.7064919376221,1.4794921875E-05
0.0398651123046875,24.7164919375969,1.47918701171875E-05
0.03990478515625,24.7264919375716,1.4794921875E-05
0.0398651123046875,24.7364919375464,1.47613525390625E-05
0.039892578125,24.7464919375211,1.47918701171875E-05
0.0398651123046875,24.7564919374959,1.47735595703125E-05
0.0398651123046875,24.7664919374706,1.4764404296875E-05
0.0398712158203125,24.7764919374454,1.47918701171875E-05
0.0399017333984375,24.7864919374201,1.47613525390625E-05
0.039898681640625,24.7964919373949,1.47918701171875E-05
0.039892578125,24.8064919373696,1.4764404296875E-05
0.0398834228515625,24.8164919373444,1.47613525390625E-05
0.039886474609375,24.8264919373191,1.47674560546875E-05
0.03988037109375,24.8364919372939,1.47369384765625E-05
0.0398834228515625,24.8464919372686,1.4764404296875E-05
0.0398895263671875,24.8564919372434,1.47430419921875E-05
0.0398681640625,24.8664919372181,1.47369384765625E-05
0.0398773193359375,24.8764919371929,1.475830078125E-05
0.0398834228515625,24.8864919371676,1.47216796875E-05
0.0398712158203125,24.8964919371424,1.47552490234375E-05
0.0398712158203125,24.9064919371172,1.473388671875E-05
0.0398590087890625,24.9164919370919,1.47186279296875E-05
0.0398773193359375,24.9264919370667,1.47369384765625E-05
0.0398681640625,24.9364919370414,1.47064208984375E-05
0.03988037109375,24.9464919370162,1.47430419921875E-05
0.0398834228515625,24.9564919369909,1.4715576171875E-05
0.03988037109375,24.9664919369657,1.47064208984375E-05
0.0398681640625,24.9764919369404,1.47247314453125E-05
0.039886474609375,24.9864919369152,1.46942138671875E-05
0.039886474609375,24.9964919368899,1.47308349609375E-05
0.0398956298828125,25.0064919368647,1.47003173828125E-05
0.0398895263671875,25.0164919368394,1.4703369140625E-05
0.039862060546875,25.0264919368142,1.4715576171875E-05
0.039874267578125,25.0364919367889,1.46881103515625E-05
0.0398956298828125,25.0464919367637,1.47064208984375E-05
0.03988037109375,25.0564919367384,1.46820068359375E-05
0.0398712158203125,25.0664919367132,1.468505859375E-05
0.039874267578125,25.0764919366879,1.47003173828125E-05
0.039886474609375,25.0864919366627,1.466064453125E-05
0.039892578125,25.0964919366374,1.4678955078125E-05
0.0398773193359375,25.1064919366122,1.4666748046875E-05
0.03985595703125,25.116491936587,1.4666748046875E-05
0.039862060546875,25.1264919365617,1.4678955078125E-05
0.0398773193359375,25.1364919365365,1.46484375E-05
0.0398712158203125,25.1464919365112,1.46881103515625E-05
0.0398712158203125,25.156491936486,1.46484375E-05
0.039874267578125,25.1664919364607,1.46453857421875E-05
0.0398834228515625,25.1764919364355,1.4666748046875E-05
0.0398895263671875,25.1864919364102,1.46392822265625E-05
0.0398956298828125,25.196491936385,1.4666748046875E-05
0.0398956298828125,25.2064919363597,1.46453857421875E-05
0.039874267578125,25.2164919363345,1.46453857421875E-05
0.0398773193359375,25.2264919363092,1.46514892578125E-05
0.0398773193359375,25.236491936284,1.46331787109375E-05
0.0398956298828125,25.2464919362587,1.46514892578125E-05
0.0398773193359375,25.2564919362335,1.4630126953125E-05
0.039862060546875,25.2664919362082,1.4617919921875E-05
0.0398773193359375,25.276491936183,1.46331787109375E-05
0.0398712158203125,25.2864919361577,1.4605712890625E-05
0.039886474609375,25.2964919361325,1.46453857421875E-05
0.0398895263671875,25.3064919361072,1.46026611328125E-05
0.039862060546875,25.316491936082,1.46026611328125E-05
0.0398712158203125,25.3264919360568,1.4617919921875E-05
0.0398651123046875,25.3364919360315,1.45843505859375E-05
0.039862060546875,25.3464919360063,1.46240234375E-05
0.039862060546875,25.356491935981,1.46026611328125E-05
0.0398681640625,25.3664919359558,1.458740234375E-05
0.0398712158203125,25.3764919359305,1.46087646484375E-05
0.0398651123046875,25.3864919359053,1.456298828125E-05
0.03984375,25.39649193588,1.46026611328125E-05
0.039874267578125,25.4064919358548,1.458740234375E-05
0.0398712158203125,25.4164919358295,1.45843505859375E-05
0.0398834228515625,25.4264919358043,1.4599609375E-05
0.03988037109375,25.436491935779,1.45751953125E-05
0.0398712158203125,25.4464919357538,1.45904541015625E-05
0.0398712158203125,25.4564919357285,1.45721435546875E-05
0.0398681640625,25.4664919357033,1.456298828125E-05
0.03988037109375,25.476491935678,1.45721435546875E-05
0.0398590087890625,25.4864919356528,1.45477294921875E-05
0.039874267578125,25.4964919356275,1.45904541015625E-05
0.03988037109375,25.5064919356023,1.45599365234375E-05
0.039892578125,25.5164919355771,1.45538330078125E-05
0.039862060546875,25.5264919355518,1.45721435546875E-05
0.0398834228515625,25.5364919355266,1.45477294921875E-05
0.0398529052734375,25.5464919355013,1.45782470703125E-05
0.039886474609375,25.5564919354761,1.45538330078125E-05
0.0398681640625,25.5664919354508,1.453857421875E-05
0.0398773193359375,25.5764919354256,1.455078125E-05
0.039886474609375,25.5864919354003,1.4532470703125E-05
0.03990478515625,25.5964919353751,1.456298828125E-05
0.039886474609375,25.6064919353498,1.453857421875E-05
0.0398895263671875,25.6164919353246,1.45294189453125E-05
0.03985595703125,25.6264919352993,1.45477294921875E-05
0.0398834228515625,25.6364919352741,1.4508056640625E-05
0.0398773193359375,25.6464919352488,1.45477294921875E-05
0.0398681640625,25.6564919352236,1.45263671875E-05
0.0398712158203125,25.6664919351983,1.4532470703125E-05
0.0398712158203125,25.6764919351731,1.45294189453125E-05
0.0398590087890625,25.6864919351478,1.4508056640625E-05
0.0398712158203125,25.6964919351226,1.4520263671875E-05
0.0398895263671875,25.7064919350973,1.45111083984375E-05
0.0398681640625,25.7164919350721,1.45050048828125E-05
0.039892578125,25.7264919350469,1.45172119140625E-05
0.0398681640625,25.7364919350216,1.44805908203125E-05
0.0398773193359375,25.7464919349964,1.451416015625E-05
0.0398712158203125,25.7564919349711,1.44927978515625E-05
0.0398590087890625,25.7664919349459,1.44927978515625E-05
0.039874267578125,25.7764919349206,1.45172119140625E-05
0.0398895263671875,25.7864919348954,1.4495849609375E-05
0.0398712158203125,25.7964919348701,1.44989013671875E-05
0.0398681640625,25.8064919348449,1.44775390625E-05
0.0398834228515625,25.8164919348196,1.44775390625E-05
0.039874267578125,25.8264919347944,1.4495849609375E-05
0.039874267578125,25.8364919347691,1.446533203125E-05
0.039874267578125,25.8464919347439,1.44866943359375E-05
0.039898681640625,25.8564919347186,1.44744873046875E-05
0.039874267578125,25.8664919346934,1.44683837890625E-05
0.0398529052734375,25.8764919346681,1.44866943359375E-05
0.0398773193359375,25.8864919346429,1.44622802734375E-05
0.0398895263671875,25.8964919346176,1.44775390625E-05
0.03988037109375,25.9064919345924,1.44500732421875E-05
0.0398712158203125,25.9164919345671,1.4453125E-05
0.039874267578125,25.9264919345419,1.44775390625E-05
0.0398773193359375,25.9364919345167,1.44317626953125E-05
0.039886474609375,25.9464919344914,1.44683837890625E-05
0.0398895263671875,25.9564919344662,1.44378662109375E-05
0.0398651123046875,25.9664919344409,1.4434814453125E-05
0.0398773193359375,25.9764919344157,1.44500732421875E-05
0.039886474609375,25.9864919343904,1.4422607421875E-05
0.0398651123046875,25.9964919343652,1.44500732421875E-05
0.0398712158203125,26.0064919343399,1.44317626953125E-05
0.039886474609375,26.0164919343147,1.441650390625E-05
0.0398681640625,26.0264919342894,1.44378662109375E-05
0.0398651123046875,26.0364919342642,1.4398193359375E-05
0.039849853515625,26.0464919342389,1.44317626953125E-05
0.039886474609375,26.0564919342137,1.44195556640625E-05
0.0398773193359375,26.0664919341884,1.44195556640625E-05
0.039886474609375,26.0764919341632,1.44287109375E-05
0.0398681640625,26.0864919341379,1.4398193359375E-05
0.0398651123046875,26.0964919341127,1.44195556640625E-05
0.039886474609375,26.1064919340874,1.44012451171875E-05
0.0398834228515625,26.1164919340622,1.4398193359375E-05
0.039874267578125,26.1264919340369,1.441650390625E-05
0.0398834228515625,26.1364919340117,1.4385986328125E-05
0.039862060546875,26.1464919339865,1.44134521484375E-05
0.039886474609375,26.1564919339612,1.44073486328125E-05
0.03988037109375,26.166491933936,1.43829345703125E-05
0.039862060546875,26.1764919339107,1.43890380859375E-05
0.0398773193359375,26.1864919338855,1.436767578125E-05
0.039849853515625,26.1964919338602,1.439208984375E-05
0.0398773193359375,26.206491933835,1.43798828125E-05
0.0398681640625,26.2164919338097,1.43768310546875E-05
0.0398712158203125,26.2264919337845,1.43829345703125E-05
0.0398468017578125,26.2364919337592,1.43646240234375E-05
0.03988037109375,26.246491933734,1.4398193359375E-05
0.039862060546875,26.2564919337087,1.43585205078125E-05
0.0398773193359375,26.2664919336835,1.43463134765625E-05
0.0398651123046875,26.2764919336582,1.43646240234375E-05
0.039862060546875,26.286491933633,1.4337158203125E-05
0.0399139404296875,26.2964919336077,1.436767578125E-05
0.039862060546875,26.3064919335825,1.435546875E-05
0.039892578125,26.3164919335572,1.4337158203125E-05
0.0398712158203125,26.326491933532,1.43585205078125E-05
0.039898681640625,26.3364919335067,1.4324951171875E-05
0.03988037109375,26.3464919334815,1.43463134765625E-05
0.0398895263671875,26.3564919334563,1.4349365234375E-05
0.039892578125,26.366491933431,1.43341064453125E-05
0.03988037109375,26.3764919334058,1.435546875E-05
0.0398681640625,26.3864919333805,1.43310546875E-05
0.039898681640625,26.3964919333553,1.434326171875E-05
0.0398834228515625,26.40649193333,1.431884765625E-05
0.0398834228515625,26.4164919333048,1.43157958984375E-05
0.0398895263671875,26.4264919332795,1.43341064453125E-05
0.03985595703125,26.4364919332543,1.43035888671875E-05
0.039874267578125,26.446491933229,1.43402099609375E-05
0.03988037109375,26.4564919332038,1.43035888671875E-05
0.039886474609375,26.4664919331785,1.4300537109375E-05
0.039874267578125,26.4764919331533,1.43218994140625E-05
0.0398712158203125,26.486491933128,1.429443359375E-05
0.039886474609375,26.4964919331028,1.4312744140625E-05
0.0398712158203125,26.5064919330775,1.43035888671875E-05
0.0398681640625,26.5164919330523,1.429443359375E-05
0.0398590087890625,26.526491933027,1.4306640625E-05
0.039874267578125,26.5364919330018,1.42913818359375E-05
0.0398773193359375,26.5464919329766,1.43035888671875E-05
0.0398590087890625,26.5564919329513,1.42913818359375E-05
0.0398773193359375,26.5664919329261,1.42791748046875E-05
0.0398712158203125,26.5764919329008,1.43035888671875E-05
0.0398834228515625,26.5864919328756,1.42852783203125E-05
0.0398834228515625,26.5964919328503,1.42852783203125E-05
0.0398651123046875,26.6064919328251,1.4276123046875E-05
0.039892578125,26.6164919327998,1.427001953125E-05
0.039874267578125,26.6264919327746,1.42913818359375E-05
0.0398895263671875,26.6364919327493,1.42578125E-05
0.0398651123046875,26.6464919327241,1.42822265625E-05
0.0398956298828125,26.6564919326988,1.42608642578125E-05
0.0399017333984375,26.6664919326736,1.42547607421875E-05
0.0398712158203125,26.6764919326483,1.42791748046875E-05
0.0398773193359375,26.6864919326231,1.42486572265625E-05
0.03990478515625,26.6964919325978,1.42791748046875E-05
0.0398681640625,26.7064919325726,1.42547607421875E-05
0.039862060546875,26.7164919325473,1.42547607421875E-05
0.0398895263671875,26.7264919325221,1.42730712890625E-05
0.03988037109375,26.7364919324968,1.42333984375E-05
0.039862060546875,26.7464919324716,1.42578125E-05
0.039874267578125,26.7564919324464,1.424560546875E-05
0.039892578125,26.7664919324211,1.42425537109375E-05
0.03985595703125,26.7764919323959,1.4263916015625E-05
0.039862060546875,26.7864919323706,1.4227294921875E-05
0.0398712158203125,26.7964919323454,1.424560546875E-05
0.0398681640625,26.8064919323201,1.4227294921875E-05
0.039874267578125,26.8164919322949,1.422119140625E-05
0.03988037109375,26.8264919322696,1.42364501953125E-05
0.0398651123046875,26.8364919322444,1.42059326171875E-05
0.039874267578125,26.8464919322191,1.4239501953125E-05
0.0398834228515625,26.8564919321939,1.4215087890625E-05
0.0398712158203125,26.8664919321686,1.4202880859375E-05
0.03988037109375,26.8764919321434,1.4227294921875E-05
0.0398895263671875,26.8864919321181,1.42059326171875E-05
0.039910888671875,26.8964919320929,1.42303466796875E-05
0.0398681640625,26.9064919320676,1.42120361328125E-05
0.039898681640625,26.9164919320424,1.4202880859375E-05
0.039892578125,26.9264919320171,1.42181396484375E-05
0.0398773193359375,26.9364919319919,1.41845703125E-05
0.0398712158203125,26.9464919319666,1.42120361328125E-05
0.0398651123046875,26.9564919319414,1.41845703125E-05
0.03988037109375,26.9664919319162,1.41845703125E-05
0.03988037109375,26.9764919318909,1.4202880859375E-05
0.039892578125,26.9864919318657,1.41754150390625E-05
0.039898681640625,26.9964919318404,1.41937255859375E-05
0.0398712158203125,27.0064919318152,1.41754150390625E-05
0.0398773193359375,27.0164919317899,1.41693115234375E-05
0.039886474609375,27.0264919317647,1.4190673828125E-05
0.0398895263671875,27.0364919317394,1.416015625E-05
0.039910888671875,27.0464919317142,1.41845703125E-05
0.0398681640625,27.0564919316889,1.416015625E-05
0.03988037109375,27.0664919316637,1.41632080078125E-05
0.0398895263671875,27.0764919316384,1.41754150390625E-05
0.0398681640625,27.0864919316132,1.41448974609375E-05
0.0399139404296875,27.0964919315879,1.41754150390625E-05
0.0398773193359375,27.1064919315627,1.41510009765625E-05
0.039874267578125,27.1164919315374,1.41571044921875E-05
0.0398712158203125,27.1264919315122,1.41693115234375E-05
0.0398773193359375,27.1364919314869,1.414794921875E-05
0.039892578125,27.1464919314617,1.41571044921875E-05
0.0398712158203125,27.1564919314364,1.4129638671875E-05
0.039874267578125,27.1664919314112,1.4129638671875E-05
0.0398773193359375,27.176491931386,1.41510009765625E-05
0.0398834228515625,27.1864919313607,1.4129638671875E-05
0.039910888671875,27.1964919313355,1.41510009765625E-05
0.0398681640625,27.2064919313102,1.41326904296875E-05
0.03988037109375,27.216491931285,1.41265869140625E-05
0.0398773193359375,27.2264919312597,1.41448974609375E-05
0.0398712158203125,27.2364919312345,1.4117431640625E-05
0.0399078369140625,27.2464919312092,1.41326904296875E-05
0.039892578125,27.256491931184,1.41204833984375E-05
0.039874267578125,27.2664919311587,1.41082763671875E-05
0.0398773193359375,27.2764919311335,1.4129638671875E-05
0.03988037109375,27.2864919311082,1.4105224609375E-05
0.0399200439453125,27.296491931083,1.41204833984375E-05
0.03985595703125,27.3064919310577,1.4111328125E-05
0.0398681640625,27.3164919310325,1.40960693359375E-05
0.039892578125,27.3264919310072,1.41204833984375E-05
0.0398681640625,27.336491930982,1.4093017578125E-05
0.0399139404296875,27.3464919309567,1.4105224609375E-05
0.0398834228515625,27.3564919309315,1.4080810546875E-05
0.0398712158203125,27.3664919309062,1.40838623046875E-05
0.0398834228515625,27.376491930881,1.409912109375E-05
0.0398712158203125,27.3864919308558,1.40899658203125E-05
0.039910888671875,27.3964919308305,1.4105224609375E-05
0.03988037109375,27.4064919308053,1.409912109375E-05
0.039886474609375,27.41649193078,1.40838623046875E-05
0.0398681640625,27.4264919307548,1.4105224609375E-05
0.0398834228515625,27.4364919307295,1.4068603515625E-05
0.0399169921875,27.4464919307043,1.40869140625E-05
0.039886474609375,27.456491930679,1.40777587890625E-05
0.03988037109375,27.4664919306538,1.40625E-05
0.0398681640625,27.4764919306285,1.40838623046875E-05
0.03985595703125,27.4864919306033,1.405029296875E-05
0.039892578125,27.496491930578,1.40777587890625E-05
0.0398681640625,27.5064919305528,1.40655517578125E-05
0.0398834228515625,27.5164919305275,1.40533447265625E-05
0.0398529052734375,27.5264919305023,1.407470703125E-05
0.03988037109375,27.536491930477,1.4044189453125E-05
0.0399139404296875,27.5464919304518,1.40625E-05
0.0398681640625,27.5564919304265,1.405029296875E-05
0.03988037109375,27.5664919304013,1.40350341796875E-05
0.0398712158203125,27.5764919303761,1.40625E-05
0.0398773193359375,27.5864919303508,1.4031982421875E-05
0.039910888671875,27.5964919303256,1.4056396484375E-05
0.039886474609375,27.6064919303003,1.40350341796875E-05
0.0398651123046875,27.6164919302751,1.40289306640625E-05
0.03988037109375,27.6264919302498,1.40411376953125E-05
0.0398590087890625,27.6364919302246,1.40106201171875E-05
0.039898681640625,27.6464919301993,1.40411376953125E-05
0.0398651123046875,27.6564919301741,1.40167236328125E-05
0.0398834228515625,27.6664919301488,1.40045166015625E-05
0.0398834228515625,27.6764919301236,1.40350341796875E-05
0.039874267578125,27.6864919300983,1.3995361328125E-05
0.0398956298828125,27.6964919300731,1.402587890625E-05
0.039874267578125,27.7064919300478,1.400146484375E-05
0.0398712158203125,27.7164919300226,1.4007568359375E-05
0.0398651123046875,27.7264919299973,1.40228271484375E-05
0.0398712158203125,27.7364919299721,1.39862060546875E-05
0.039886474609375,27.7464919299468,1.40167236328125E-05
0.0398773193359375,27.7564919299216,1.3995361328125E-05
0.039862060546875,27.7664919298963,1.39739990234375E-05
0.039849853515625,27.7764919298711,1.4007568359375E-05
0.0398590087890625,27.7864919298459,1.3983154296875E-05
0.0398712158203125,27.7964919298206,1.4007568359375E-05
0.0398681640625,27.8064919297954,1.39892578125E-05
0.0398468017578125,27.8164919297701,1.39739990234375E-05
0.0398712158203125,27.8264919297449,1.3995361328125E-05
0.039874267578125,27.8364919297196,1.396484375E-05
0.03990478515625,27.8464919296944,1.39892578125E-05
0.0398681640625,27.8564919296691,1.39801025390625E-05
0.039892578125,27.8664919296439,1.3970947265625E-05
0.0398651123046875,27.8764919296186,1.39739990234375E-05
0.0398590087890625,27.8864919295934,1.395263671875E-05
0.0398895263671875,27.8964919295681,1.39739990234375E-05
0.0398773193359375,27.9064919295429,1.39678955078125E-05
0.039862060546875,27.9164919295176,1.39556884765625E-05
0.039886474609375,27.9264919294924,1.39678955078125E-05
0.0398651123046875,27.9364919294671,1.39434814453125E-05
0.039892578125,27.9464919294419,1.3970947265625E-05
0.0398590087890625,27.9564919294166,1.39434814453125E-05
0.0398590087890625,27.9664919293914,1.3946533203125E-05
0.0398529052734375,27.9764919293661,1.39678955078125E-05
0.0398651123046875,27.9864919293409,1.39312744140625E-05
0.039874267578125,27.9964919293157,1.396484375E-05
0.039874267578125,28.0064919292904,1.3946533203125E-05
0.0398590087890625,28.0164919292652,1.39373779296875E-05
0.0398651123046875,28.0264919292399,1.39678955078125E-05
0.03985595703125,28.0364919292147,1.392822265625E-05
0.0398834228515625,28.0464919291894,1.3946533203125E-05
0.0398773193359375,28.0564919291642,1.392822265625E-05
0.039892578125,28.0664919291389,1.392822265625E-05
0.0398773193359375,28.0764919291137,1.39404296875E-05
0.0398590087890625,28.0864919290884,1.39129638671875E-05
0.0398590087890625,28.0964919290632,1.39404296875E-05
0.03988037109375,28.1064919290379,1.392822265625E-05
0.039892578125,28.1164919290127,1.39373779296875E-05
0.0398712158203125,28.1264919289874,1.3934326171875E-05
0.03984375,28.1364919289622,1.38916015625E-05
0.0398773193359375,28.1464919289369,1.39251708984375E-05
0.039892578125,28.1564919289117,1.39190673828125E-05
0.03984375,28.1664919288864,1.390380859375E-05
0.0398712158203125,28.1764919288612,1.3922119140625E-05
0.03988037109375,28.1864919288359,1.39068603515625E-05
0.0398681640625,28.1964919288107,1.39068603515625E-05
0.039874267578125,28.2064919287855,1.39068603515625E-05
0.03988037109375,28.2164919287602,1.3897705078125E-05
0.03985595703125,28.226491928735,1.3909912109375E-05
0.0398681640625,28.2364919287097,1.38885498046875E-05
0.0398681640625,28.2464919286845,1.3897705078125E-05
0.0398773193359375,28.2564919286592,1.38885498046875E-05
0.0398681640625,28.266491928634,1.38763427734375E-05
0.03988037109375,28.2764919286087,1.38946533203125E-05
0.039892578125,28.2864919285835,1.38580322265625E-05
0.0398651123046875,28.2964919285582,1.3897705078125E-05
0.0398651123046875,28.306491928533,1.38885498046875E-05
0.039874267578125,28.3164919285077,1.38763427734375E-05
0.039874267578125,28.3264919284825,1.38885498046875E-05
0.0398590087890625,28.3364919284572,1.38427734375E-05
0.0398651123046875,28.346491928432,1.387939453125E-05
0.039862060546875,28.3564919284067,1.38580322265625E-05
0.03988037109375,28.3664919283815,1.38702392578125E-05
0.0398773193359375,28.3764919283562,1.38824462890625E-05
0.0398834228515625,28.386491928331,1.385498046875E-05
0.039874267578125,28.3964919283057,1.387939453125E-05
0.039886474609375,28.4064919282805,1.38641357421875E-05
0.0398651123046875,28.4164919282553,1.385498046875E-05
0.0398651123046875,28.42649192823,1.38702392578125E-05
0.0398773193359375,28.4364919282048,1.38458251953125E-05
0.0398712158203125,28.4464919281795,1.38671875E-05
0.039874267578125,28.4564919281543,1.3861083984375E-05
0.0398834228515625,28.466491928129,1.38427734375E-05
0.0398406982421875,28.4764919281038,1.38641357421875E-05
0.0398712158203125,28.4864919280785,1.38336181640625E-05
0.0398956298828125,28.4964919280533,1.3848876953125E-05
0.039862060546875,28.506491928028,1.38427734375E-05
0.039892578125,28.5164919280028,1.383056640625E-05
0.039862060546875,28.5264919279775,1.38458251953125E-05
0.0398773193359375,28.5364919279523,1.383056640625E-05
0.039886474609375,28.546491927927,1.38427734375E-05
0.039886474609375,28.5564919279018,1.38275146484375E-05
0.03988037109375,28.5664919278765,1.38214111328125E-05
0.0398529052734375,28.5764919278513,1.38458251953125E-05
0.0398773193359375,28.586491927826,1.3812255859375E-05
0.0398773193359375,28.5964919278008,1.38427734375E-05
0.039874267578125,28.6064919277756,1.38214111328125E-05
0.0398651123046875,28.6164919277503,1.380615234375E-05
0.0398895263671875,28.6264919277251,1.38336181640625E-05
0.039892578125,28.6364919276998,1.3800048828125E-05
0.0398712158203125,28.6464919276746,1.38214111328125E-05
0.03985595703125,28.6564919276493,1.37908935546875E-05
0.0398773193359375,28.6664919276241,1.3787841796875E-05
0.0398651123046875,28.6764919275988,1.38153076171875E-05
0.039874267578125,28.6864919275736,1.37847900390625E-05
0.0398834228515625,28.6964919275483,1.38214111328125E-05
0.0398681640625,28.7064919275231,1.37939453125E-05
0.0398651123046875,28.7164919274978,1.37908935546875E-05
0.039862060546875,28.7264919274726,1.38031005859375E-05
0.039862060546875,28.7364919274473,1.37786865234375E-05
0.0398773193359375,28.7464919274221,1.38031005859375E-05
0.039874267578125,28.7564919273968,1.37847900390625E-05
0.0398712158203125,28.7664919273716,1.376953125E-05
0.0398712158203125,28.7764919273463,1.38031005859375E-05
0.03985595703125,28.7864919273211,1.3775634765625E-05
0.039874267578125,28.7964919272958,1.3800048828125E-05
0.0398681640625,28.8064919272706,1.37786865234375E-05
0.039874267578125,28.8164919272454,1.37603759765625E-05
0.0398651123046875,28.8264919272201,1.37908935546875E-05
0.039862060546875,28.8364919271949,1.37603759765625E-05
0.0398712158203125,28.8464919271696,1.37786865234375E-05
0.0398834228515625,28.8564919271444,1.37603759765625E-05
0.0398590087890625,28.8664919271191,1.37603759765625E-05
0.0398895263671875,28.8764919270939,1.378173828125E-05
0.0398681640625,28.8864919270686,1.37481689453125E-05
0.0398681640625,28.8964919270434,1.37725830078125E-05
0.039862060546875,28.9064919270181,1.37603759765625E-05
0.0398712158203125,28.9164919269929,1.3751220703125E-05
0.039898681640625,28.9264919269676,1.376953125E-05
0.039874267578125,28.9364919269424,1.3739013671875E-05
0.0398651123046875,28.9464919269171,1.3763427734375E-05
0.0398712158203125,28.9564919268919,1.37481689453125E-05
0.0398773193359375,28.9664919268666,1.37451171875E-05
0.0398773193359375,28.9764919268414,1.3763427734375E-05
0.0398895263671875,28.9864919268161,1.373291015625E-05
0.0398773193359375,28.9964919267909,1.375732421875E-05
0.03988037109375,29.0064919267656,1.37420654296875E-05
0.03988037109375,29.0164919267404,1.37298583984375E-05
0.039862060546875,29.0264919267152,1.3751220703125E-05
0.0398956298828125,29.0364919266899,1.37237548828125E-05
0.0398590087890625,29.0464919266647,1.37451171875E-05
0.039886474609375,29.0564919266394,1.37298583984375E-05
0.039874267578125,29.0664919266142,1.37237548828125E-05
0.039892578125,29.0764919265889,1.373291015625E-05
0.0398468017578125,29.0864919265637,1.37054443359375E-05
0.0398712158203125,29.0964919265384,1.373291015625E-05
0.039898681640625,29.1064919265132,1.37237548828125E-05
0.039874267578125,29.1164919264879,1.370849609375E-05
0.0398956298828125,29.1264919264627,1.37298583984375E-05
0.0398834228515625,29.1364919264374,1.3690185546875E-05
0.039862060546875,29.1464919264122,1.37298583984375E-05
0.039886474609375,29.1564919263869,1.37176513671875E-05
0.0398773193359375,29.1664919263617,1.37054443359375E-05
0.0398651123046875,29.1764919263364,1.3720703125E-05
0.0398834228515625,29.1864919263112,1.3677978515625E-05
0.0398529052734375,29.1964919262859,1.3714599609375E-05
0.0398529052734375,29.2064919262607,1.3702392578125E-05
0.039874267578125,29.2164919262354,1.3690185546875E-05
0.0398590087890625,29.2264919262102,1.37054443359375E-05
0.0398956298828125,29.236491926185,1.36688232421875E-05
0.0398590087890625,29.2464919261597,1.37054443359375E-05
0.03985595703125,29.2564919261345,1.3702392578125E-05
0.0398712158203125,29.2664919261092,1.3665771484375E-05
0.0398651123046875,29.276491926084,1.3690185546875E-05
0.0398681640625,29.2864919260587,1.3665771484375E-05
0.03983154296875,29.2964919260335,1.36932373046875E-05
0.0398773193359375,29.3064919260082,1.36749267578125E-05
0.0398773193359375,29.316491925983,1.36688232421875E-05
0.039862060546875,29.3264919259577,1.36932373046875E-05
0.0398834228515625,29.3364919259325,1.3665771484375E-05
0.03984375,29.3464919259072,1.368408203125E-05
0.0398895263671875,29.356491925882,1.36688232421875E-05
0.039874267578125,29.3664919258567,1.36627197265625E-05
0.0398590087890625,29.3764919258315,1.36749267578125E-05
0.03988037109375,29.3864919258062,1.363525390625E-05
0.03983154296875,29.396491925781,1.36688232421875E-05
0.0398529052734375,29.4064919257557,1.365966796875E-05
0.03985595703125,29.4164919257305,1.363525390625E-05
0.0398773193359375,29.4264919257052,1.36688232421875E-05
0.0399017333984375,29.43649192568,1.36474609375E-05
0.039837646484375,29.4464919256548,1.365966796875E-05
0.0398590087890625,29.4564919256295,1.36444091796875E-05
0.0398712158203125,29.4664919256043,1.36505126953125E-05
0.0398773193359375,29.476491925579,1.36566162109375E-05
0.039874267578125,29.4864919255538,1.36138916015625E-05
0.039874267578125,29.4964919255285,1.365966796875E-05
0.0398590087890625,29.5064919255033,1.36505126953125E-05
0.0398712158203125,29.516491925478,1.36199951171875E-05
0.0398712158203125,29.5264919254528,1.36383056640625E-05
0.039862060546875,29.5364919254275,1.361083984375E-05
0.03984375,29.5464919254023,1.36505126953125E-05
0.0398681640625,29.556491925377,1.36260986328125E-05
0.0398712158203125,29.5664919253518,1.36138916015625E-05
0.0398651123046875,29.5764919253265,1.3629150390625E-05
0.039862060546875,29.5864919253013,1.3604736328125E-05
0.0398468017578125,29.596491925276,1.36322021484375E-05
0.03985595703125,29.6064919252508,1.36322021484375E-05
0.0398773193359375,29.6164919252255,1.3604736328125E-05
0.039874267578125,29.6264919252003,1.36322021484375E-05
0.0398895263671875,29.6364919251751,1.3592529296875E-05
0.0398681640625,29.6464919251498,1.3623046875E-05
0.039874267578125,29.6564919251246,1.36077880859375E-05
0.03985595703125,29.6664919250993,1.35833740234375E-05
0.0398712158203125,29.6764919250741,1.36199951171875E-05
0.039892578125,29.6864919250488,1.35955810546875E-05
0.039874267578125,29.6964919250236,1.361083984375E-05
0.03988037109375,29.7064919249983,1.35986328125E-05
0.0398773193359375,29.7164919249731,1.35833740234375E-05
0.0398590087890625,29.7264919249478,1.36077880859375E-05
0.039886474609375,29.7364919249226,1.35711669921875E-05
0.039837646484375,29.7464919248973,1.358642578125E-05
0.039892578125,29.7564919248721,1.35894775390625E-05
0.0398712158203125,29.7664919248468,1.35772705078125E-05
0.0398681640625,29.7764919248216,1.36016845703125E-05
0.0398773193359375,29.7864919247963,1.35589599609375E-05
0.0398834228515625,29.7964919247711,1.35833740234375E-05
0.0398712158203125,29.8064919247458,1.35894775390625E-05
0.03988037109375,29.8164919247206,1.356201171875E-05
0.039874267578125,29.8264919246953,1.35833740234375E-05
0.039886474609375,29.8364919246701,1.3555908203125E-05
0.039886474609375,29.8464919246449,1.358642578125E-05
0.039874267578125,29.8564919246196,1.35528564453125E-05
0.0398529052734375,29.8664919245944,1.3543701171875E-05
0.03988037109375,29.8764919245691,1.357421875E-05
0.039886474609375,29.8864919245439,1.35467529296875E-05
0.039874267578125,29.8964919245186,1.35772705078125E-05
0.0398651123046875,29.9064919244934,1.35650634765625E-05
0.0398712158203125,29.9164919244681,1.35589599609375E-05
0.039862060546875,29.9264919244429,1.3568115234375E-05
0.0399200439453125,29.9364919244176,1.35406494140625E-05
0.03988037109375,29.9464919243924,1.35589599609375E-05
0.0398651123046875,29.9564919243671,1.356201171875E-05
0.0398712158203125,29.9664919243419,1.35528564453125E-05
0.0398895263671875,29.9764919243166,1.35650634765625E-05
0.039886474609375,29.9864919242914,1.35345458984375E-05
0.0398590087890625,29.9964919242661,1.35589599609375E-05
0.0398712158203125,30.0064919242409,1.3543701171875E-05
0.039874267578125,30.0164919242156,1.3531494140625E-05
0.039892578125,30.0264919241904,1.35406494140625E-05
0.0398834228515625,30.0364919241651,1.3519287109375E-05
0.039898681640625,30.0464919241399,1.35406494140625E-05
0.039892578125,30.0564919241147,1.35284423828125E-05
0.039886474609375,30.0664919240894,1.35162353515625E-05
0.039849853515625,30.0764919240642,1.35406494140625E-05
0.039892578125,30.0864919240389,1.35101318359375E-05
0.03990478515625,30.0964919240137,1.353759765625E-05
0.0398773193359375,30.1064919239884,1.353759765625E-05
0.0398712158203125,30.1164919239632,1.35101318359375E-05
0.0398834228515625,30.1264919239379,1.3525390625E-05
0.039898681640625,30.1364919239127,1.34918212890625E-05
0.039898681640625,30.1464919238874,1.351318359375E-05
0.0398681640625,30.1564919238622,1.3519287109375E-05
0.0398651123046875,30.1664919238369,1.35009765625E-05
0.03988037109375,30.1764919238117,1.35223388671875E-05
0.03988037109375,30.1864919237864,1.34857177734375E-05
0.0399139404296875,30.1964919237612,1.3507080078125E-05
0.039886474609375,30.2064919237359,1.3507080078125E-05
0.03988037109375,30.2164919237107,1.348876953125E-05
0.039874267578125,30.2264919236854,1.351318359375E-05
0.03988037109375,30.2364919236602,1.34735107421875E-05
0.03990478515625,30.2464919236349,1.35009765625E-05
0.03988037109375,30.2564919236097,1.35009765625E-05
0.03988037109375,30.2664919235845,1.3494873046875E-05
0.0398834228515625,30.2764919235592,1.34918212890625E-05
0.0398773193359375,30.286491923534,1.3470458984375E-05
0.039892578125,30.2964919235087,1.35009765625E-05
0.0398895263671875,30.3064919234835,1.34918212890625E-05
0.039886474609375,30.3164919234582,1.34735107421875E-05
0.0398773193359375,30.326491923433,1.35009765625E-05
0.03988037109375,30.3364919234077,1.3470458984375E-05
0.0399078369140625,30.3464919233825,1.34796142578125E-05
0.0398681640625,30.3564919233572,1.34857177734375E-05
0.0398651123046875,30.366491923332,1.34552001953125E-05
0.0398773193359375,30.3764919233067,1.34857177734375E-05
0.0398834228515625,30.3864919232815,1.34429931640625E-05
0.039892578125,30.3964919232562,1.34765625E-05
0.039892578125,30.406491923231,1.34613037109375E-05
0.0398681640625,30.4164919232057,1.34552001953125E-05
0.0398712158203125,30.4264919231805,1.34796142578125E-05
0.0398651123046875,30.4364919231552,1.343994140625E-05
0.0399017333984375,30.44649192313,1.346435546875E-05
0.0398651123046875,30.4564919231047,1.34674072265625E-05
0.039874267578125,30.4664919230795,1.3446044921875E-05
0.039892578125,30.4764919230543,1.34765625E-05
0.039862060546875,30.486491923029,1.34246826171875E-05
0.0398895263671875,30.4964919230038,1.34490966796875E-05
0.039886474609375,30.5064919229785,1.34521484375E-05
0.0398681640625,30.5164919229533,1.34521484375E-05
0.03988037109375,30.526491922928,1.34613037109375E-05
0.0398681640625,30.5364919229028,1.343994140625E-05
0.039886474609375,30.5464919228775,1.3446044921875E-05
0.039898681640625,30.5564919228523,1.343994140625E-05
0.0398773193359375,30.566491922827,1.3433837890625E-05
0.0398773193359375,30.5764919228018,1.34521484375E-05
0.039874267578125,30.5864919227765,1.341552734375E-05
0.0398773193359375,30.5964919227513,1.34368896484375E-05
0.0398773193359375,30.606491922726,1.3427734375E-05
0.0398773193359375,30.6164919227008,1.3421630859375E-05
0.0398712158203125,30.6264919226755,1.34521484375E-05
0.039862060546875,30.6364919226503,1.3409423828125E-05
0.0398681640625,30.646491922625,1.34307861328125E-05
0.0398681640625,30.6564919225998,1.34246826171875E-05
0.039892578125,30.6664919225746,1.3409423828125E-05
0.039892578125,30.6764919225493,1.34368896484375E-05
0.0398834228515625,30.6864919225241,1.34124755859375E-05
0.0398895263671875,30.6964919224988,1.34307861328125E-05
0.0398773193359375,30.7064919224736,1.34185791015625E-05
0.039886474609375,30.7164919224483,1.33941650390625E-05
0.0398773193359375,30.7264919224231,1.34246826171875E-05
0.039892578125,30.7364919223978,1.3397216796875E-05
0.039886474609375,30.7464919223726,1.34063720703125E-05
0.0398590087890625,30.7564919223473,1.34124755859375E-05
0.0398773193359375,30.7664919223221,1.3397216796875E-05
0.039886474609375,30.7764919222968,1.341552734375E-05
0.03988037109375,30.7864919222716,1.33819580078125E-05
0.03988037109375,30.7964919222463,1.34033203125E-05
0.039874267578125,30.8064919222211,1.34002685546875E-05
0.0398712158203125,30.8164919221958,1.33697509765625E-05
0.0398651123046875,30.8264919221706,1.34033203125E-05
0.03988037109375,30.8364919221453,1.33819580078125E-05
0.0398712158203125,30.8464919221201,1.339111328125E-05
0.0398895263671875,30.8564919220948,1.3385009765625E-05
0.0398773193359375,30.8664919220696,1.33697509765625E-05
0.039874267578125,30.8764919220444,1.339111328125E-05
0.0398681640625,30.8864919220191,1.3360595703125E-05
0.0398712158203125,30.8964919219939,1.33880615234375E-05
0.0398773193359375,30.9064919219686,1.33819580078125E-05
0.039886474609375,30.9164919219434,1.336669921875E-05
0.03988037109375,30.9264919219181,1.33819580078125E-05
0.0398651123046875,30.9364919218929,1.33575439453125E-05
0.0398712158203125,30.9464919218676,1.33697509765625E-05
0.0398834228515625,30.9564919218424,1.33697509765625E-05
0.0398895263671875,30.9664919218171,1.33514404296875E-05
0.0398590087890625,30.9764919217919,1.3385009765625E-05
0.0398590087890625,30.9864919217666,1.3348388671875E-05
0.03984375,30.9964919217414,1.336669921875E-05
0.039874267578125,31.0064919217161,1.336669921875E-05
0.0398712158203125,31.0164919216909,1.334228515625E-05
0.039874267578125,31.0264919216656,1.33575439453125E-05
0.0398681640625,31.0364919216404,1.334228515625E-05
0.039862060546875,31.0464919216151,1.33544921875E-05
0.039874267578125,31.0564919215899,1.33636474609375E-05
0.0398956298828125,31.0664919215646,1.334228515625E-05
0.0398681640625,31.0764919215394,1.33575439453125E-05
0.03988037109375,31.0864919215142,1.33270263671875E-05
0.0398651123046875,31.0964919214889,1.3360595703125E-05
0.0398712158203125,31.1064919214637,1.33514404296875E-05
0.03988037109375,31.1164919214384,1.33331298828125E-05
0.0398895263671875,31.1264919214132,1.33636474609375E-05
0.0399078369140625,31.1364919213879,1.33209228515625E-05
0.0398590087890625,31.1464919213627,1.33514404296875E-05
0.0398773193359375,31.1564919213374,1.33453369140625E-05
0.0398895263671875,31.1664919213122,1.33270263671875E-05
0.0398834228515625,31.1764919212869,1.3336181640625E-05
0.0398956298828125,31.1864919212617,1.3311767578125E-05
0.03985595703125,31.1964919212364,1.33331298828125E-05
0.0398834228515625,31.2064919212112,1.3330078125E-05
0.0398529052734375,31.2164919211859,1.33056640625E-05
0.0398773193359375,31.2264919211607,1.3330078125E-05
0.0398956298828125,31.2364919211354,1.33148193359375E-05
0.0398712158203125,31.2464919211102,1.33270263671875E-05
0.03985595703125,31.2564919210849,1.331787109375E-05
0.0398651123046875,31.2664919210597,1.33056640625E-05
0.039874267578125,31.2764919210344,1.3323974609375E-05
0.039874267578125,31.2864919210092,1.32965087890625E-05
0.03988037109375,31.296491920984,1.33270263671875E-05
0.03988037109375,31.3064919209587,1.33209228515625E-05
0.039898681640625,31.3164919209335,1.33056640625E-05
0.039874267578125,31.3264919209082,1.3330078125E-05
0.0398773193359375,31.336491920883,1.329345703125E-05
0.039874267578125,31.3464919208577,1.3299560546875E-05
0.0398468017578125,31.3564919208325,1.32965087890625E-05
0.03988037109375,31.3664919208072,1.32843017578125E-05
0.0398651123046875,31.376491920782,1.33026123046875E-05
0.0398834228515625,31.3864919207567,1.32781982421875E-05
0.0398773193359375,31.3964919207315,1.329345703125E-05
0.0398651123046875,31.4064919207062,1.329345703125E-05
0.0398834228515625,31.416491920681,1.32843017578125E-05
0.0398651123046875,31.4264919206557,1.33026123046875E-05
0.0398834228515625,31.4364919206305,1.3275146484375E-05
0.0398712158203125,31.4464919206052,1.32904052734375E-05
0.0398712158203125,31.45649192058,1.326904296875E-05
0.0398773193359375,31.4664919205547,1.32659912109375E-05
0.0398590087890625,31.4764919205295,1.3299560546875E-05
0.0398773193359375,31.4864919205042,1.32659912109375E-05
0.0398834228515625,31.496491920479,1.328125E-05
0.039874267578125,31.5064919204538,1.32598876953125E-05
0.0398773193359375,31.5164919204285,1.3262939453125E-05
0.039874267578125,31.5264919204033,1.3275146484375E-05
0.0398681640625,31.536491920378,1.32415771484375E-05
0.039874267578125,31.5464919203528,1.326904296875E-05
0.0398651123046875,31.5564919203275,1.3262939453125E-05
0.0398895263671875,31.5664919203023,1.32476806640625E-05
0.0398590087890625,31.576491920277,1.32720947265625E-05
0.0398834228515625,31.5864919202518,1.32537841796875E-05
0.039892578125,31.5964919202265,1.32568359375E-05
0.039862060546875,31.6064919202013,1.32659912109375E-05
0.039874267578125,31.616491920176,1.32415771484375E-05
0.0398681640625,31.6264919201508,1.326904296875E-05
0.039837646484375,31.6364919201255,1.3238525390625E-05
0.03988037109375,31.6464919201003,1.32568359375E-05
0.0398651123046875,31.656491920075,1.32568359375E-05
0.0399017333984375,31.6664919200498,1.3232421875E-05
0.0398895263671875,31.6764919200245,1.32568359375E-05
0.0398773193359375,31.6864919199993,1.3226318359375E-05
0.039874267578125,31.6964919199741,1.32415771484375E-05
0.0398590087890625,31.7064919199488,1.3250732421875E-05
0.0398834228515625,31.7164919199236,1.322021484375E-05
0.0398651123046875,31.7264919198983,1.32476806640625E-05
0.039837646484375,31.7364919198731,1.3214111328125E-05
0.0398590087890625,31.7464919198478,1.3238525390625E-05
0.039862060546875,31.7564919198226,1.3232421875E-05
0.0398681640625,31.7664919197973,1.32080078125E-05
0.0398712158203125,31.7764919197721,1.3250732421875E-05
0.039874267578125,31.7864919197468,1.32110595703125E-05
0.0398834228515625,31.7964919197216,1.3226318359375E-05
0.03988037109375,31.8064919196963,1.32415771484375E-05
0.039892578125,31.8164919196711,1.3214111328125E-05
0.039874267578125,31.8264919196458,1.3238525390625E-05
0.039874267578125,31.8364919196206,1.31988525390625E-05
0.0399017333984375,31.8464919195953,1.3226318359375E-05
0.0398773193359375,31.8564919195701,1.32171630859375E-05
0.0398956298828125,31.8664919195448,1.32049560546875E-05
0.0398590087890625,31.8764919195196,1.32354736328125E-05
0.03984375,31.8864919194943,1.319580078125E-05
0.0398681640625,31.8964919194691,1.3226318359375E-05
0.0398895263671875,31.9064919194439,1.322021484375E-05
0.0398834228515625,31.9164919194186,1.32080078125E-05
0.039874267578125,31.9264919193934,1.32232666015625E-05
0.0398681640625,31.9364919193681,1.31927490234375E-05
0.0398712158203125,31.9464919193429,1.32049560546875E-05
0.03988037109375,31.9564919193176,1.3201904296875E-05
0.03988037109375,31.9664919192924,1.31805419921875E-05
0.039862060546875,31.9764919192671,1.32049560546875E-05
0.03985595703125,31.9864919192419,1.31805419921875E-05
0.0398590087890625,31.9964919192166,1.319580078125E-05
0.0398681640625,32.0064919191914,1.31988525390625E-05
0.0398681640625,32.0164919191661,1.31744384765625E-05
0.039874267578125,32.0264919191409,1.31988525390625E-05
0.0398834228515625,32.0364919191156,1.3165283203125E-05
0.0398712158203125,32.0464919190904,1.31927490234375E-05
0.039892578125,32.0564919190651,1.31805419921875E-05
0.0398834228515625,32.0664919190399,1.3165283203125E-05
0.0398895263671875,32.0764919190146,1.31927490234375E-05
0.039874267578125,32.0864919189894,1.31683349609375E-05
0.039874267578125,32.0964919189641,1.31866455078125E-05
0.03988037109375,32.1064919189389,1.318359375E-05
0.0398681640625,32.1164919189137,1.31561279296875E-05
0.039874267578125,32.1264919188884,1.31866455078125E-05
0.039862060546875,32.1364919188632,1.314697265625E-05
0.03984375,32.1464919188379,1.31683349609375E-05
0.039886474609375,32.1564919188127,1.31683349609375E-05
0.039874267578125,32.1664919187874,1.314697265625E-05
0.039862060546875,32.1764919187622,1.31744384765625E-05
0.0398529052734375,32.1864919187369,1.31500244140625E-05
0.039849853515625,32.1964919187117,1.31622314453125E-05
0.0398651123046875,32.2064919186864,1.31683349609375E-05
0.0398681640625,32.2164919186612,1.314697265625E-05
0.0398834228515625,32.2264919186359,1.3177490234375E-05
0.0398956298828125,32.2364919186107,1.3140869140625E-05
0.039886474609375,32.2464919185854,1.31683349609375E-05
0.039886474609375,32.2564919185602,1.314697265625E-05
0.0398468017578125,32.2664919185349,1.3140869140625E-05
0.0398956298828125,32.2764919185097,1.31561279296875E-05
0.039874267578125,32.2864919184844,1.3128662109375E-05
0.03985595703125,32.2964919184592,1.31439208984375E-05
0.0398712158203125,32.3064919184339,1.31439208984375E-05
0.0398773193359375,32.3164919184087,1.312255859375E-05
0.039886474609375,32.3264919183835,1.31744384765625E-05
0.0398681640625,32.3364919183582,1.312255859375E-05
0.039874267578125,32.346491918333,1.31500244140625E-05
0.0398773193359375,32.3564919183077,1.314697265625E-05
0.0399017333984375,32.3664919182825,1.31256103515625E-05
0.039874267578125,32.3764919182572,1.314697265625E-05
0.0398712158203125,32.386491918232,1.3128662109375E-05
0.039874267578125,32.3964919182067,1.31378173828125E-05
0.039862060546875,32.4064919181815,1.31256103515625E-05
0.0398773193359375,32.4164919181562,1.3116455078125E-05
0.03988037109375,32.426491918131,1.31378173828125E-05
0.039886474609375,32.4364919181057,1.31103515625E-05
0.03988037109375,32.4464919180805,1.31317138671875E-05
0.0398956298828125,32.4564919180552,1.312255859375E-05
0.03988037109375,32.46649191803,1.3116455078125E-05
0.0398712158203125,32.4764919180047,1.3134765625E-05
0.0398590087890625,32.4864919179795,1.3104248046875E-05
0.039862060546875,32.4964919179542,1.31103515625E-05
0.0398590087890625,32.506491917929,1.31103515625E-05
0.0398895263671875,32.5164919179037,1.30828857421875E-05
0.0398651123046875,32.5264919178785,1.3128662109375E-05
0.039892578125,32.5364919178533,1.30828857421875E-05
0.0399139404296875,32.546491917828,1.31103515625E-05
0.039886474609375,32.5564919178028,1.31103515625E-05
0.0398712158203125,32.5664919177775,1.309814453125E-05
0.039874267578125,32.5764919177523,1.31195068359375E-05
0.0398773193359375,32.586491917727,1.30859375E-05
0.039886474609375,32.5964919177018,1.31072998046875E-05
0.0398834228515625,32.6064919176765,1.31011962890625E-05
0.039874267578125,32.6164919176513,1.30859375E-05
0.03988037109375,32.626491917626,1.31103515625E-05
0.0398834228515625,32.6364919176008,1.30706787109375E-05
0.039886474609375,32.6464919175755,1.31011962890625E-05
0.0398590087890625,32.6564919175503,1.31011962890625E-05
0.039886474609375,32.666491917525,1.30706787109375E-05
0.0398956298828125,32.6764919174998,1.3104248046875E-05
0.0398590087890625,32.6864919174745,1.3067626953125E-05
0.039862060546875,32.6964919174493,1.30950927734375E-05
0.0398834228515625,32.706491917424,1.30828857421875E-05
0.0398681640625,32.7164919173988,1.30584716796875E-05
0.039886474609375,32.7264919173736,1.30889892578125E-05
0.0398895263671875,32.7364919173483,1.3055419921875E-05
0.039874267578125,32.7464919173231,1.3079833984375E-05
0.0398773193359375,32.7564919172978,1.307373046875E-05
0.03985595703125,32.7664919172726,1.30706787109375E-05
0.039874267578125,32.7764919172473,1.30859375E-05
0.039862060546875,32.7864919172221,1.30462646484375E-05
0.0398895263671875,32.7964919171968,1.3067626953125E-05
0.0398773193359375,32.8064919171716,1.3067626953125E-05
0.03985595703125,32.8164919171463,1.304931640625E-05
0.039886474609375,32.8264919171211,1.30615234375E-05
0.0398712158203125,32.8364919170958,1.30401611328125E-05
0.0398834228515625,32.8464919170706,1.30584716796875E-05
0.03988037109375,32.8564919170453,1.3055419921875E-05
0.0398590087890625,32.8664919170201,1.30279541015625E-05
0.0398681640625,32.8764919169948,1.3055419921875E-05
0.03985595703125,32.8864919169696,1.30279541015625E-05
0.039874267578125,32.8964919169443,1.30523681640625E-05
0.039886474609375,32.9064919169191,1.30523681640625E-05
0.0398651123046875,32.9164919168938,1.3018798828125E-05
0.03988037109375,32.9264919168686,1.30523681640625E-05
0.0398651123046875,32.9364919168434,1.302490234375E-05
0.0398590087890625,32.9464919168181,1.30462646484375E-05
0.039886474609375,32.9564919167929,1.3043212890625E-05
0.0398773193359375,32.9664919167676,1.302490234375E-05
0.039886474609375,32.9764919167424,1.30462646484375E-05
0.0398590087890625,32.9864919167171,1.30218505859375E-05
0.0398590087890625,32.9964919166919,1.30279541015625E-05
0.03988037109375,33.0064919166666,1.30462646484375E-05
0.0398681640625,33.0164919166414,1.30218505859375E-05
0.0398956298828125,33.0264919166161,1.30462646484375E-05
0.039874267578125,33.0364919165909,1.300048828125E-05
0.0398773193359375,33.0464919165656,1.302490234375E-05
0.0398834228515625,33.0564919165404,1.3031005859375E-05
0.0398773193359375,33.0664919165151,1.30096435546875E-05
0.039862060546875,33.0764919164899,1.3031005859375E-05
0.0398468017578125,33.0864919164646,1.29974365234375E-05
0.0398712158203125,33.0964919164394,1.30157470703125E-05
0.0398773193359375,33.1064919164141,1.3018798828125E-05
0.0398681640625,33.1164919163889,1.29974365234375E-05
0.0398681640625,33.1264919163636,1.30218505859375E-05
0.0398773193359375,33.1364919163384,1.29791259765625E-05
0.039862060546875,33.1464919163132,1.300048828125E-05
0.0398712158203125,33.1564919162879,1.30126953125E-05
0.0398712158203125,33.1664919162627,1.3006591796875E-05
0.039874267578125,33.1764919162374,1.30218505859375E-05
0.039886474609375,33.1864919162122,1.2982177734375E-05
0.03988037109375,33.1964919161869,1.300048828125E-05
0.0398773193359375,33.2064919161617,1.2994384765625E-05
0.0398529052734375,33.2164919161364,1.29852294921875E-05
0.039886474609375,33.2264919161112,1.30126953125E-05
0.0398651123046875,33.2364919160859,1.29791259765625E-05
0.039862060546875,33.2464919160607,1.2994384765625E-05
0.0398590087890625,33.2564919160354,1.29974365234375E-05
0.039874267578125,33.2664919160102,1.2982177734375E-05
0.0398773193359375,33.2764919159849,1.3018798828125E-05
0.0398681640625,33.2864919159597,1.29852294921875E-05
0.039862060546875,33.2964919159344,1.300048828125E-05
0.0398773193359375,33.3064919159092,1.2982177734375E-05
0.0398681640625,33.3164919158839,1.2969970703125E-05
0.0398681640625,33.3264919158587,1.29974365234375E-05
0.0398773193359375,33.3364919158334,1.29669189453125E-05
0.0398712158203125,33.3464919158082,1.2982177734375E-05
0.0398712158203125,33.356491915783,1.2969970703125E-05
0.0398681640625,33.3664919157577,1.29669189453125E-05
0.039886474609375,33.3764919157325,1.29852294921875E-05
0.0398712158203125,33.3864919157072,1.2957763671875E-05
0.0398681640625,33.396491915682,1.29730224609375E-05
0.039849853515625,33.4064919156567,1.29852294921875E-05
0.0398773193359375,33.4164919156315,1.29608154296875E-05
0.03988037109375,33.4264919156062,1.29791259765625E-05
0.0398712158203125,33.436491915581,1.2945556640625E-05
0.039874267578125,33.4464919155557,1.29669189453125E-05
0.0398773193359375,33.4564919155305,1.29608154296875E-05
0.0398773193359375,33.4664919155052,1.2939453125E-05
0.0398529052734375,33.47649191548,1.297607421875E-05
0.03985595703125,33.4864919154547,1.29425048828125E-05
0.0399017333984375,33.4964919154295,1.29547119140625E-05
0.03988037109375,33.5064919154042,1.2957763671875E-05
0.0398834228515625,33.516491915379,1.2939453125E-05
0.039886474609375,33.5264919153537,1.2969970703125E-05
0.0398681640625,33.5364919153285,1.2939453125E-05
0.0398712158203125,33.5464919153032,1.29547119140625E-05
0.0398712158203125,33.556491915278,1.29547119140625E-05
0.03985595703125,33.5664919152528,1.2939453125E-05
0.0398956298828125,33.5764919152275,1.2957763671875E-05
0.0398529052734375,33.5864919152023,1.292724609375E-05
0.0398773193359375,33.596491915177,1.29425048828125E-05
0.039874267578125,33.6064919151518,1.29364013671875E-05
0.0398773193359375,33.6164919151265,1.29180908203125E-05
0.0398590087890625,33.6264919151013,1.29608154296875E-05
0.0398162841796875,33.636491915076,1.29150390625E-05
0.0398895263671875,33.6464919150508,1.29425048828125E-05
0.0398773193359375,33.6564919150255,1.2939453125E-05
0.039862060546875,33.6664919150003,1.29150390625E-05
0.03990478515625,33.676491914975,1.2939453125E-05
0.0398345947265625,33.6864919149498,1.29119873046875E-05
0.03984375,33.6964919149245,1.29302978515625E-05
0.03988037109375,33.7064919148993,1.29302978515625E-05
0.039862060546875,33.716491914874,1.29180908203125E-05
0.039862060546875,33.7264919148488,1.2945556640625E-05
0.03983154296875,33.7364919148235,1.29058837890625E-05
0.039892578125,33.7464919147983,1.2921142578125E-05
0.0398681640625,33.7564919147731,1.2921142578125E-05
0.039874267578125,33.7664919147478,1.29150390625E-05
0.039898681640625,33.7764919147226,1.2933349609375E-05
0.0398590087890625,33.7864919146973,1.2908935546875E-05
0.0398956298828125,33.7964919146721,1.2921142578125E-05
0.039862060546875,33.8064919146468,1.2908935546875E-05
0.0398834228515625,33.8164919146216,1.2884521484375E-05
0.0398651123046875,33.8264919145963,1.29150390625E-05
0.0398590087890625,33.8364919145711,1.28875732421875E-05
0.0398712158203125,33.8464919145458,1.29058837890625E-05
0.0398834228515625,33.8564919145206,1.29150390625E-05
0.03985595703125,33.8664919144953,1.2890625E-05
0.039862060546875,33.8764919144701,1.29241943359375E-05
0.0398712158203125,33.8864919144448,1.28936767578125E-05
0.0398651123046875,33.8964919144196,1.290283203125E-05
0.039886474609375,33.9064919143943,1.290283203125E-05
0.0398773193359375,33.9164919143691,1.2884521484375E-05
0.03988037109375,33.9264919143438,1.29119873046875E-05
0.039862060546875,33.9364919143186,1.287841796875E-05
0.0398773193359375,33.9464919142933,1.2896728515625E-05
0.0398834228515625,33.9564919142681,1.29119873046875E-05
0.039886474609375,33.9664919142429,1.287841796875E-05
0.039874267578125,33.9764919142176,1.29058837890625E-05
0.03985595703125,33.9864919141924,1.28753662109375E-05
0.0398651123046875,33.9964919141671,1.2896728515625E-05
0.039898681640625,34.0064919141419,1.28997802734375E-05
0.0398773193359375,34.0164919141166,1.287841796875E-05
0.0398712158203125,34.0264919140914,1.28936767578125E-05
0.0398834228515625,34.0364919140661,1.28814697265625E-05
0.0398834228515625,34.0464919140409,1.2890625E-05
0.0398895263671875,34.0564919140156,1.2884521484375E-05
0.039874267578125,34.0664919139904,1.28753662109375E-05
0.03988037109375,34.0764919139651,1.28936767578125E-05
0.0398681640625,34.0864919139399,1.28631591796875E-05
0.0398712158203125,34.0964919139146,1.28814697265625E-05
0.039892578125,34.1064919138894,1.28692626953125E-05
0.0398773193359375,34.1164919138641,1.28631591796875E-05
0.0398834228515625,34.1264919138389,1.2884521484375E-05
0.039886474609375,34.1364919138136,1.28570556640625E-05
0.03985595703125,34.1464919137884,1.28692626953125E-05
0.0398834228515625,34.1564919137631,1.28875732421875E-05
0.0398712158203125,34.1664919137379,1.285400390625E-05
0.039886474609375,34.1764919137127,1.28814697265625E-05
0.0398834228515625,34.1864919136874,1.28570556640625E-05
0.0398712158203125,34.1964919136622,1.2860107421875E-05
0.03985595703125,34.2064919136369,1.28692626953125E-05
0.0398834228515625,34.2164919136117,1.2841796875E-05
0.03985595703125,34.2264919135864,1.2884521484375E-05
0.039886474609375,34.2364919135612,1.28448486328125E-05
0.0398895263671875,34.2464919135359,1.285400390625E-05
0.039874267578125,34.2564919135107,1.285400390625E-05
0.0398773193359375,34.2664919134854,1.2841796875E-05
0.039886474609375,34.2764919134602,1.28692626953125E-05
0.0398681640625,34.2864919134349,1.2823486328125E-05
0.03988037109375,34.2964919134097,1.2847900390625E-05
0.039849853515625,34.3064919133844,1.2860107421875E-05
0.039874267578125,34.3164919133592,1.2823486328125E-05
0.03985595703125,34.3264919133339,1.285400390625E-05
0.0398834228515625,34.3364919133087,1.28326416015625E-05
0.039892578125,34.3464919132834,1.28387451171875E-05
0.039892578125,34.3564919132582,1.28326416015625E-05
0.0398773193359375,34.3664919132329,1.28143310546875E-05
0.039886474609375,34.3764919132077,1.285400390625E-05
0.03988037109375,34.3864919131825,1.28143310546875E-05
0.039874267578125,34.3964919131572,1.282958984375E-05
0.039874267578125,34.406491913132,1.28387451171875E-05
0.03988037109375,34.4164919131067,1.28082275390625E-05
0.039862060546875,34.4264919130815,1.28387451171875E-05
0.0398681640625,34.4364919130562,1.28082275390625E-05
0.0398834228515625,34.446491913031,1.28204345703125E-05
0.039874267578125,34.4564919130057,1.282958984375E-05
0.0398651123046875,34.4664919129805,1.2799072265625E-05
0.03985595703125,34.4764919129552,1.282958984375E-05
0.039874267578125,34.48649191293,1.279296875E-05
0.0398956298828125,34.4964919129047,1.2799072265625E-05
0.0398681640625,34.5064919128795,1.2811279296875E-05
0.039874267578125,34.5164919128542,1.27960205078125E-05
0.039874267578125,34.526491912829,1.28204345703125E-05
0.039862060546875,34.5364919128037,1.27716064453125E-05
0.0398681640625,34.5464919127785,1.28173828125E-05
0.0398651123046875,34.5564919127532,1.28082275390625E-05
0.0398773193359375,34.566491912728,1.27899169921875E-05
0.039874267578125,34.5764919127027,1.28143310546875E-05
0.0398773193359375,34.5864919126775,1.2786865234375E-05
0.039874267578125,34.5964919126523,1.28082275390625E-05
0.0398773193359375,34.606491912627,1.28021240234375E-05
0.0398590087890625,34.6164919126018,1.27838134765625E-05
0.0398712158203125,34.6264919125765,1.2811279296875E-05
0.039862060546875,34.6364919125513,1.27777099609375E-05
0.039874267578125,34.646491912526,1.27838134765625E-05
0.0398773193359375,34.6564919125008,1.27960205078125E-05
0.0398773193359375,34.6664919124755,1.278076171875E-05
0.039874267578125,34.6764919124503,1.280517578125E-05
0.039874267578125,34.686491912425,1.27716064453125E-05
0.0398651123046875,34.6964919123998,1.28021240234375E-05
0.0398712158203125,34.7064919123745,1.28021240234375E-05
0.0398712158203125,34.7164919123493,1.27685546875E-05
0.0398895263671875,34.726491912324,1.2799072265625E-05
0.0398773193359375,34.7364919122988,1.2774658203125E-05
0.039862060546875,34.7464919122735,1.27960205078125E-05
0.0398681640625,34.7564919122483,1.2786865234375E-05
0.03988037109375,34.766491912223,1.27532958984375E-05
0.0398773193359375,34.7764919121978,1.279296875E-05
0.0398956298828125,34.7864919121726,1.27716064453125E-05
0.0398834228515625,34.7964919121473,1.278076171875E-05
0.039862060546875,34.8064919121221,1.27838134765625E-05
0.0398681640625,34.8164919120968,1.27593994140625E-05
0.0399017333984375,34.8264919120716,1.27960205078125E-05
0.03988037109375,34.8364919120463,1.27593994140625E-05
0.039862060546875,34.8464919120211,1.27716064453125E-05
0.0398651123046875,34.8564919119958,1.278076171875E-05
0.0398712158203125,34.8664919119706,1.2744140625E-05
0.039874267578125,34.8764919119453,1.278076171875E-05
0.039892578125,34.8864919119201,1.275634765625E-05
0.039862060546875,34.8964919118948,1.27716064453125E-05
0.039862060546875,34.9064919118696,1.27655029296875E-05
0.039862060546875,34.9164919118443,1.275634765625E-05
0.039837646484375,34.9264919118191,1.27777099609375E-05
0.039910888671875,34.9364919117938,1.27349853515625E-05
0.0398712158203125,34.9464919117686,1.27410888671875E-05
0.039874267578125,34.9564919117433,1.2750244140625E-05
0.039874267578125,34.9664919117181,1.2738037109375E-05
0.039874267578125,34.9764919116928,1.2774658203125E-05
0.03988037109375,34.9864919116676,1.2744140625E-05
0.03988037109375,34.9964919116424,1.2750244140625E-05
0.0398681640625,35.0064919116171,1.27593994140625E-05
0.0398773193359375,35.0164919115919,1.273193359375E-05
0.0398590087890625,35.0264919115666,1.275634765625E-05
0.0398834228515625,35.0364919115414,1.2725830078125E-05
0.039849853515625,35.0464919115161,1.27471923828125E-05
0.039874267578125,35.0564919114909,1.2750244140625E-05
0.0398834228515625,35.0664919114656,1.2738037109375E-05
0.03984375,35.0764919114404,1.27716064453125E-05
0.039898681640625,35.0864919114151,1.2725830078125E-05
0.0398590087890625,35.0964919113899,1.2738037109375E-05
0.0398956298828125,35.1064919113646,1.2750244140625E-05
0.0398651123046875,35.1164919113394,1.27227783203125E-05
0.039862060546875,35.1264919113141,1.275634765625E-05
0.03990478515625,35.1364919112889,1.27227783203125E-05
0.0398712158203125,35.1464919112636,1.273193359375E-05
0.039886474609375,35.1564919112384,1.27410888671875E-05
0.0398834228515625,35.1664919112131,1.2713623046875E-05
0.0398651123046875,35.1764919111879,1.27471923828125E-05
0.0398956298828125,35.1864919111626,1.2725830078125E-05
0.03988037109375,35.1964919111374,1.27288818359375E-05
0.03985595703125,35.2064919111122,1.273193359375E-05
0.0398712158203125,35.2164919110869,1.27044677734375E-05
0.0398590087890625,35.2264919110617,1.2725830078125E-05
0.039898681640625,35.2364919110364,1.270751953125E-05
0.0398590087890625,35.2464919110112,1.27197265625E-05
0.0398681640625,35.2564919109859,1.2725830078125E-05
0.039874267578125,35.2664919109607,1.26953125E-05
0.03985595703125,35.2764919109354,1.273193359375E-05
0.03992919921875,35.2864919109102,1.27044677734375E-05
0.0398681640625,35.2964919108849,1.270751953125E-05
0.0398681640625,35.3064919108597,1.2725830078125E-05
0.03985595703125,35.3164919108344,1.26983642578125E-05
0.0398345947265625,35.3264919108092,1.27349853515625E-05
0.039886474609375,35.3364919107839,1.2689208984375E-05
0.0398895263671875,35.3464919107587,1.2701416015625E-05
0.0398773193359375,35.3564919107334,1.270751953125E-05
0.0398712158203125,35.3664919107082,1.26922607421875E-05
0.0398773193359375,35.3764919106829,1.2713623046875E-05
0.0398956298828125,35.3864919106577,1.268310546875E-05
0.0398712158203125,35.3964919106324,1.26953125E-05
0.039886474609375,35.4064919106072,1.27044677734375E-05
0.03988037109375,35.416491910582,1.26861572265625E-05
0.039862060546875,35.4264919105567,1.27105712890625E-05
0.0398895263671875,35.4364919105315,1.26708984375E-05
0.0398712158203125,35.4464919105062,1.268310546875E-05
0.039892578125,35.456491910481,1.26953125E-05
0.03988037109375,35.4664919104557,1.26678466796875E-05
0.03984375,35.4764919104305,1.27105712890625E-05
0.03988037109375,35.4864919104052,1.26617431640625E-05
0.0398773193359375,35.49649191038,1.26953125E-05
0.0398681640625,35.5064919103547,1.268310546875E-05
0.039874267578125,35.5164919103295,1.26739501953125E-05
0.03985595703125,35.5264919103042,1.270751953125E-05
0.03988037109375,35.536491910279,1.2664794921875E-05
0.0398651123046875,35.5464919102537,1.26739501953125E-05
0.0398590087890625,35.5564919102285,1.268310546875E-05
0.0398681640625,35.5664919102032,1.26678466796875E-05
0.039837646484375,35.576491910178,1.2689208984375E-05
0.039892578125,35.5864919101527,1.26617431640625E-05
0.0398651123046875,35.5964919101275,1.2664794921875E-05
0.03988037109375,35.6064919101022,1.2677001953125E-05
0.03984375,35.616491910077,1.26556396484375E-05
0.03985595703125,35.6264919100518,1.26800537109375E-05
0.0398834228515625,35.6364919100265,1.2640380859375E-05
0.0398651123046875,35.6464919100013,1.2664794921875E-05
0.0398712158203125,35.656491909976,1.26708984375E-05
0.039892578125,35.6664919099508,1.2646484375E-05
0.0398773193359375,35.6764919099255,1.26739501953125E-05
0.0398590087890625,35.6864919099003,1.265869140625E-05
0.0398895263671875,35.696491909875,1.2664794921875E-05
0.039886474609375,35.7064919098498,1.2677001953125E-05
0.0398773193359375,35.7164919098245,1.2646484375E-05
0.0398590087890625,35.7264919097993,1.2677001953125E-05
0.0398834228515625,35.736491909774,1.2640380859375E-05
0.039862060546875,35.7464919097488,1.26434326171875E-05
0.0398773193359375,35.7564919097235,1.26617431640625E-05
0.0398834228515625,35.7664919096983,1.2640380859375E-05
0.0398712158203125,35.776491909673,1.2652587890625E-05
0.0398773193359375,35.7864919096478,1.26373291015625E-05
0.0398712158203125,35.7964919096225,1.2640380859375E-05
0.03990478515625,35.8064919095973,1.26495361328125E-05
0.0398590087890625,35.8164919095721,1.26251220703125E-05
